G90
G1 F1000.000000 X0.000000 Y0.000000 Z0.000000
G1 F942.477408 X0.015708 Y0.000000 Z0.000000
G1 F942.475083 X0.031416 Y0.000000 Z0.000000
G1 F942.470432 X0.047124 Y0.000000 Z0.000000
G1 F942.463456 X0.062831 Y0.000000 Z0.000000
G1 F942.454154 X0.078539 Y0.000000 Z0.000000
G1 F942.442527 X0.094246 Y0.000000 Z0.000000
G1 F942.428574 X0.109954 Y0.000000 Z0.000000
G1 F942.412296 X0.125660 Y0.000000 Z0.000000
G1 F942.393693 X0.141367 Y0.000000 Z0.000000
G1 F942.372764 X0.157073 Y0.000000 Z0.000000
G1 F942.349511 X0.172779 Y0.000000 Z0.000000
G1 F942.323932 X0.188484 Y0.000000 Z0.000000
G1 F942.296028 X0.204189 Y0.000000 Z0.000000
G1 F942.265799 X0.219894 Y0.000000 Z0.000000
G1 F942.233245 X0.235598 Y0.000000 Z0.000000
G1 F942.198366 X0.251301 Y0.000000 Z0.000000
G1 F942.161162 X0.267004 Y0.000000 Z0.000000
G1 F942.121634 X0.282706 Y0.000000 Z0.000000
G1 F942.079781 X0.298407 Y0.000000 Z0.000000
G1 F942.035604 X0.314108 Y0.000000 Z0.000000
G1 F941.989102 X0.329807 Y0.000000 Z0.000000
G1 F941.940276 X0.345506 Y0.000000 Z0.000000
G1 F941.889126 X0.361205 Y0.000000 Z0.000000
G1 F941.835652 X0.376902 Y0.000000 Z0.000000
G1 F941.779853 X0.392598 Y0.000000 Z0.000000
G1 F941.721732 X0.408294 Y0.000000 Z0.000000
G1 F941.661286 X0.423988 Y0.000000 Z0.000000
G1 F941.598517 X0.439681 Y0.000000 Z0.000000
G1 F941.533425 X0.455373 Y0.000000 Z0.000000
G1 F941.466010 X0.471065 Y0.000000 Z0.000000
G1 F941.396272 X0.486754 Y0.000000 Z0.000000
G1 F941.324210 X0.502443 Y0.000000 Z0.000000
G1 F941.249827 X0.518131 Y0.000000 Z0.000000
G1 F941.173121 X0.533817 Y0.000000 Z0.000000
G1 F941.094092 X0.549502 Y0.000000 Z0.000000
G1 F941.012742 X0.565185 Y0.000000 Z0.000000
G1 F940.929069 X0.580867 Y0.000000 Z0.000000
G1 F940.843075 X0.596548 Y0.000000 Z0.000000
G1 F940.754760 X0.612227 Y0.000000 Z0.000000
G1 F940.664123 X0.627905 Y0.000000 Z0.000000
G1 F940.571166 X0.643581 Y0.000000 Z0.000000
G1 F940.475887 X0.659256 Y0.000000 Z0.000000
G1 F940.378289 X0.674929 Y0.000000 Z0.000000
G1 F940.278369 X0.690600 Y0.000000 Z0.000000
G1 F940.176130 X0.706270 Y0.000000 Z0.000000
G1 F940.071571 X0.721938 Y0.000000 Z0.000000
G1 F939.964692 X0.737604 Y0.000000 Z0.000000
G1 F939.855495 X0.753268 Y0.000000 Z0.000000
G1 F939.743978 X0.768930 Y0.000000 Z0.000000
G1 F939.630142 X0.784591 Y0.000000 Z0.000000
G1 F939.513988 X0.800250 Y0.000000 Z0.000000
G1 F939.395516 X0.815906 Y0.000000 Z0.000000
G1 F939.274726 X0.831561 Y0.000000 Z0.000000
G1 F939.151618 X0.847213 Y0.000000 Z0.000000
G1 F939.026194 X0.862864 Y0.000000 Z0.000000
G1 F938.898452 X0.878512 Y0.000000 Z0.000000
G1 F938.768393 X0.894158 Y0.000000 Z0.000000
G1 F938.636018 X0.909802 Y0.000000 Z0.000000
G1 F938.501328 X0.925444 Y0.000000 Z0.000000
G1 F938.364321 X0.941083 Y0.000000 Z0.000000
G1 F938.225000 X0.956720 Y0.000000 Z0.000000
G1 F938.083363 X0.972355 Y0.000000 Z0.000000
G1 F937.939411 X0.987987 Y0.000000 Z0.000000
G1 F937.793146 X1.003617 Y0.000000 Z0.000000
G1 F937.644566 X1.019245 Y0.000000 Z0.000000
G1 F937.493673 X1.034869 Y0.000000 Z0.000000
G1 F937.340467 X1.050492 Y0.000000 Z0.000000
G1 F937.184948 X1.066112 Y0.000000 Z0.000000
G1 F937.027116 X1.081729 Y0.000000 Z0.000000
G1 F936.866973 X1.097343 Y0.000000 Z0.000000
G1 F936.704518 X1.112955 Y0.000000 Z0.000000
G1 F936.539752 X1.128564 Y0.000000 Z0.000000
G1 F936.372674 X1.144170 Y0.000000 Z0.000000
G1 F936.203287 X1.159773 Y0.000000 Z0.000000
G1 F936.031589 X1.175374 Y0.000000 Z0.000000
G1 F935.857582 X1.190972 Y0.000000 Z0.000000
G1 F935.681266 X1.206566 Y0.000000 Z0.000000
G1 F935.502641 X1.222158 Y0.000000 Z0.000000
G1 F935.321708 X1.237747 Y0.000000 Z0.000000
G1 F935.138467 X1.253332 Y0.000000 Z0.000000
G1 F934.952918 X1.268915 Y0.000000 Z0.000000
G1 F934.765063 X1.284494 Y0.000000 Z0.000000
G1 F934.574901 X1.300071 Y0.000000 Z0.000000
G1 F934.382434 X1.315644 Y0.000000 Z0.000000
G1 F934.187661 X1.331213 Y0.000000 Z0.000000
G1 F933.990582 X1.346780 Y0.000000 Z0.000000
G1 F933.791200 X1.362343 Y0.000000 Z0.000000
G1 F933.589513 X1.377903 Y0.000000 Z0.000000
G1 F933.385523 X1.393459 Y0.000000 Z0.000000
G1 F933.179229 X1.409012 Y0.000000 Z0.000000
G1 F932.970633 X1.424562 Y0.000000 Z0.000000
G1 F932.759735 X1.440108 Y0.000000 Z0.000000
G1 F932.546536 X1.455650 Y0.000000 Z0.000000
G1 F932.331036 X1.471189 Y0.000000 Z0.000000
G1 F932.113235 X1.486724 Y0.000000 Z0.000000
G1 F931.893134 X1.502256 Y0.000000 Z0.000000
G1 F931.670734 X1.517784 Y0.000000 Z0.000000
G1 F931.446035 X1.533308 Y0.000000 Z0.000000
G1 F931.219038 X1.548828 Y0.000000 Z0.000000
G1 F930.989744 X1.564345 Y0.000000 Z0.000000
G1 F930.758152 X1.579857 Y0.000000 Z0.000000
G1 F930.524263 X1.595366 Y0.000000 Z0.000000
G1 F930.288079 X1.610871 Y0.000000 Z0.000000
G1 F930.049599 X1.626372 Y0.000000 Z0.000000
G1 F929.808824 X1.641868 Y0.000000 Z0.000000
G1 F929.565756 X1.657361 Y0.000000 Z0.000000
G1 F929.320393 X1.672850 Y0.000000 Z0.000000
G1 F929.072738 X1.688334 Y0.000000 Z0.000000
G1 F928.822790 X1.703815 Y0.000000 Z0.000000
G1 F928.570550 X1.719291 Y0.000000 Z0.000000
G1 F928.316019 X1.734763 Y0.000000 Z0.000000
G1 F928.059198 X1.750231 Y0.000000 Z0.000000
G1 F927.800087 X1.765694 Y0.000000 Z0.000000
G1 F927.538686 X1.781153 Y0.000000 Z0.000000
G1 F927.274997 X1.796607 Y0.000000 Z0.000000
G1 F927.009020 X1.812058 Y0.000000 Z0.000000
G1 F926.740756 X1.827503 Y0.000000 Z0.000000
G1 F926.470205 X1.842944 Y0.000000 Z0.000000
G1 F926.197368 X1.858381 Y0.000000 Z0.000000
G1 F925.922246 X1.873813 Y0.000000 Z0.000000
G1 F925.644839 X1.889241 Y0.000000 Z0.000000
G1 F925.365148 X1.904663 Y0.000000 Z0.000000
G1 F925.083174 X1.920081 Y0.000000 Z0.000000
G1 F924.798918 X1.935495 Y0.000000 Z0.000000
G1 F924.512379 X1.950903 Y0.000000 Z0.000000
G1 F924.223560 X1.966307 Y0.000000 Z0.000000
G1 F923.932460 X1.981706 Y0.000000 Z0.000000
G1 F923.639080 X1.997100 Y0.000000 Z0.000000
G1 F923.343421 X2.012489 Y0.000000 Z0.000000
G1 F923.045484 X2.027873 Y0.000000 Z0.000000
G1 F922.745270 X2.043252 Y0.000000 Z0.000000
G1 F922.442778 X2.058626 Y0.000000 Z0.000000
G1 F922.138011 X2.073995 Y0.000000 Z0.000000
G1 F921.830968 X2.089359 Y0.000000 Z0.000000
G1 F921.521651 X2.104718 Y0.000000 Z0.000000
G1 F921.210060 X2.120071 Y0.000000 Z0.000000
G1 F920.896197 X2.135419 Y0.000000 Z0.000000
G1 F920.580060 X2.150762 Y0.000000 Z0.000000
G1 F920.261653 X2.166100 Y0.000000 Z0.000000
G1 F919.940975 X2.181432 Y0.000000 Z0.000000
G1 F919.618027 X2.196759 Y0.000000 Z0.000000
G1 F919.292810 X2.212081 Y0.000000 Z0.000000
G1 F918.965324 X2.227397 Y0.000000 Z0.000000
G1 F918.635571 X2.242708 Y0.000000 Z0.000000
G1 F918.303552 X2.258013 Y0.000000 Z0.000000
G1 F917.969267 X2.273312 Y0.000000 Z0.000000
G1 F917.632716 X2.288606 Y0.000000 Z0.000000
G1 F917.293902 X2.303894 Y0.000000 Z0.000000
G1 F916.952824 X2.319177 Y0.000000 Z0.000000
G1 F916.609484 X2.334454 Y0.000000 Z0.000000
G1 F916.263882 X2.349725 Y0.000000 Z0.000000
G1 F915.916019 X2.364990 Y0.000000 Z0.000000
G1 F915.565896 X2.380249 Y0.000000 Z0.000000
G1 F915.213515 X2.395503 Y0.000000 Z0.000000
G1 F914.858875 X2.410751 Y0.000000 Z0.000000
G1 F914.501977 X2.425992 Y0.000000 Z0.000000
G1 F914.142824 X2.441228 Y0.000000 Z0.000000
G1 F913.781414 X2.456458 Y0.000000 Z0.000000
G1 F913.417751 X2.471681 Y0.000000 Z0.000000
G1 F913.051833 X2.486899 Y0.000000 Z0.000000
G1 F912.683662 X2.502110 Y0.000000 Z0.000000
G1 F912.313240 X2.517315 Y0.000000 Z0.000000
G1 F911.940566 X2.532514 Y0.000000 Z0.000000
G1 F911.565643 X2.547707 Y0.000000 Z0.000000
G1 F911.188470 X2.562894 Y0.000000 Z0.000000
G1 F910.809049 X2.578074 Y0.000000 Z0.000000
G1 F910.427380 X2.593248 Y0.000000 Z0.000000
G1 F910.043465 X2.608415 Y0.000000 Z0.000000
G1 F909.657305 X2.623576 Y0.000000 Z0.000000
G1 F909.268900 X2.638730 Y0.000000 Z0.000000
G1 F908.878252 X2.653878 Y0.000000 Z0.000000
G1 F908.485361 X2.669020 Y0.000000 Z0.000000
G1 F908.090229 X2.684155 Y0.000000 Z0.000000
G1 F907.692855 X2.699283 Y0.000000 Z0.000000
G1 F907.293243 X2.714404 Y0.000000 Z0.000000
G1 F906.891391 X2.729519 Y0.000000 Z0.000000
G1 F906.487302 X2.744627 Y0.000000 Z0.000000
G1 F906.080977 X2.759729 Y0.000000 Z0.000000
G1 F905.672415 X2.774823 Y0.000000 Z0.000000
G1 F905.261619 X2.789911 Y0.000000 Z0.000000
G1 F904.848589 X2.804992 Y0.000000 Z0.000000
G1 F904.433327 X2.820066 Y0.000000 Z0.000000
G1 F904.015833 X2.835133 Y0.000000 Z0.000000
G1 F903.596109 X2.850193 Y0.000000 Z0.000000
G1 F903.174155 X2.865246 Y0.000000 Z0.000000
G1 F902.749972 X2.880291 Y0.000000 Z0.000000
G1 F902.323562 X2.895330 Y0.000000 Z0.000000
G1 F901.894926 X2.910362 Y0.000000 Z0.000000
G1 F901.464064 X2.925386 Y0.000000 Z0.000000
G1 F901.030978 X2.940403 Y0.000000 Z0.000000
G1 F900.595669 X2.955413 Y0.000000 Z0.000000
G1 F900.158138 X2.970416 Y0.000000 Z0.000000
G1 F899.718385 X2.985411 Y0.000000 Z0.000000
G1 F899.276413 X3.000399 Y0.000000 Z0.000000
G1 F898.832222 X3.015380 Y0.000000 Z0.000000
G1 F898.385813 X3.030353 Y0.000000 Z0.000000
G1 F897.937187 X3.045318 Y0.000000 Z0.000000
G1 F897.486346 X3.060276 Y0.000000 Z0.000000
G1 F897.033290 X3.075227 Y0.000000 Z0.000000
G1 F896.578021 X3.090170 Y0.000000 Z0.000000
G1 F896.120540 X3.105105 Y0.000000 Z0.000000
G1 F895.660848 X3.120033 Y0.000000 Z0.000000
G1 F895.198946 X3.134953 Y0.000000 Z0.000000
G1 F894.734835 X3.149865 Y0.000000 Z0.000000
G1 F894.268516 X3.164770 Y0.000000 Z0.000000
G1 F893.799990 X3.179666 Y0.000000 Z0.000000
G1 F893.329260 X3.194555 Y0.000000 Z0.000000
G1 F892.856325 X3.209436 Y0.000000 Z0.000000
G1 F892.381187 X3.224309 Y0.000000 Z0.000000
G1 F891.903847 X3.239174 Y0.000000 Z0.000000
G1 F891.424307 X3.254031 Y0.000000 Z0.000000
G1 F890.942567 X3.268880 Y0.000000 Z0.000000
G1 F890.458629 X3.283721 Y0.000000 Z0.000000
G1 F889.972493 X3.298554 Y0.000000 Z0.000000
G1 F889.484162 X3.313379 Y0.000000 Z0.000000
G1 F888.993636 X3.328195 Y0.000000 Z0.000000
G1 F888.500917 X3.343004 Y0.000000 Z0.000000
G1 F888.006005 X3.357804 Y0.000000 Z0.000000
G1 F887.508902 X3.372596 Y0.000000 Z0.000000
G1 F887.009609 X3.387379 Y0.000000 Z0.000000
G1 F886.508128 X3.402154 Y0.000000 Z0.000000
G1 F886.004460 X3.416921 Y0.000000 Z0.000000
G1 F885.498605 X3.431679 Y0.000000 Z0.000000
G1 F884.990565 X3.446429 Y0.000000 Z0.000000
G1 F884.480342 X3.461171 Y0.000000 Z0.000000
G1 F883.967936 X3.475903 Y0.000000 Z0.000000
G1 F883.453349 X3.490628 Y0.000000 Z0.000000
G1 F882.936583 X3.505343 Y0.000000 Z0.000000
G1 F882.417638 X3.520050 Y0.000000 Z0.000000
G1 F881.896515 X3.534748 Y0.000000 Z0.000000
G1 F881.373217 X3.549438 Y0.000000 Z0.000000
G1 F880.847744 X3.564119 Y0.000000 Z0.000000
G1 F880.320097 X3.578791 Y0.000000 Z0.000000
G1 F879.790278 X3.593454 Y0.000000 Z0.000000
G1 F879.258289 X3.608108 Y0.000000 Z0.000000
G1 F878.724130 X3.622754 Y0.000000 Z0.000000
G1 F878.187803 X3.637390 Y0.000000 Z0.000000
G1 F877.649309 X3.652018 Y0.000000 Z0.000000
G1 F877.108650 X3.666636 Y0.000000 Z0.000000
G1 F876.565826 X3.681246 Y0.000000 Z0.000000
G1 F876.020840 X3.695846 Y0.000000 Z0.000000
G1 F875.473692 X3.710437 Y0.000000 Z0.000000
G1 F874.924384 X3.725019 Y0.000000 Z0.000000
G1 F874.372917 X3.739592 Y0.000000 Z0.000000
G1 F873.819292 X3.754156 Y0.000000 Z0.000000
G1 F873.263512 X3.768710 Y0.000000 Z0.000000
G1 F872.705577 X3.783255 Y0.000000 Z0.000000
G1 F872.145489 X3.797791 Y0.000000 Z0.000000
G1 F871.583248 X3.812317 Y0.000000 Z0.000000
G1 F871.018858 X3.826834 Y0.000000 Z0.000000
G1 F870.452318 X3.841342 Y0.000000 Z0.000000
G1 F869.883630 X3.855840 Y0.000000 Z0.000000
G1 F869.312796 X3.870328 Y0.000000 Z0.000000
G1 F868.739817 X3.884807 Y0.000000 Z0.000000
G1 F868.164694 X3.899277 Y0.000000 Z0.000000
G1 F867.587429 X3.913737 Y0.000000 Z0.000000
G1 F867.008024 X3.928187 Y0.000000 Z0.000000
G1 F866.426479 X3.942627 Y0.000000 Z0.000000
G1 F865.842797 X3.957058 Y0.000000 Z0.000000
G1 F865.256978 X3.971479 Y0.000000 Z0.000000
G1 F864.669024 X3.985890 Y0.000000 Z0.000000
G1 F864.078937 X4.000291 Y0.000000 Z0.000000
G1 F863.486718 X4.014683 Y0.000000 Z0.000000
G1 F862.892368 X4.029064 Y0.000000 Z0.000000
G1 F862.295889 X4.043436 Y0.000000 Z0.000000
G1 F861.697282 X4.057798 Y0.000000 Z0.000000
G1 F861.096550 X4.072149 Y0.000000 Z0.000000
G1 F860.493692 X4.086491 Y0.000000 Z0.000000
G1 F859.888712 X4.100822 Y0.000000 Z0.000000
G1 F859.281609 X4.115144 Y0.000000 Z0.000000
G1 F858.672387 X4.129455 Y0.000000 Z0.000000
G1 F858.061046 X4.143756 Y0.000000 Z0.000000
G1 F857.447588 X4.158047 Y0.000000 Z0.000000
G1 F856.832014 X4.172327 Y0.000000 Z0.000000
G1 F856.214325 X4.186597 Y0.000000 Z0.000000
G1 F855.594525 X4.200857 Y0.000000 Z0.000000
G1 F854.972613 X4.215107 Y0.000000 Z0.000000
G1 F854.348591 X4.229346 Y0.000000 Z0.000000
G1 F853.722462 X4.243575 Y0.000000 Z0.000000
G1 F853.094226 X4.257793 Y0.000000 Z0.000000
G1 F852.463885 X4.272001 Y0.000000 Z0.000000
G1 F851.831441 X4.286198 Y0.000000 Z0.000000
G1 F851.196895 X4.300384 Y0.000000 Z0.000000
G1 F850.560249 X4.314560 Y0.000000 Z0.000000
G1 F849.921504 X4.328726 Y0.000000 Z0.000000
G1 F849.280662 X4.342880 Y0.000000 Z0.000000
G1 F848.637724 X4.357024 Y0.000000 Z0.000000
G1 F847.992693 X4.371158 Y0.000000 Z0.000000
G1 F847.345569 X4.385280 Y0.000000 Z0.000000
G1 F846.696354 X4.399392 Y0.000000 Z0.000000
G1 F846.045051 X4.413492 Y0.000000 Z0.000000
G1 F845.391659 X4.427582 Y0.000000 Z0.000000
G1 F844.736182 X4.441661 Y0.000000 Z0.000000
G1 F844.078621 X4.455729 Y0.000000 Z0.000000
G1 F843.418977 X4.469786 Y0.000000 Z0.000000
G1 F842.757251 X4.483832 Y0.000000 Z0.000000
G1 F842.093447 X4.497867 Y0.000000 Z0.000000
G1 F841.427564 X4.511891 Y0.000000 Z0.000000
G1 F840.759606 X4.525904 Y0.000000 Z0.000000
G1 F840.089573 X4.539905 Y0.000000 Z0.000000
G1 F839.417467 X4.553895 Y0.000000 Z0.000000
G1 F838.743290 X4.567874 Y0.000000 Z0.000000
G1 F838.067043 X4.581842 Y0.000000 Z0.000000
G1 F837.388729 X4.595799 Y0.000000 Z0.000000
G1 F836.708348 X4.609744 Y0.000000 Z0.000000
G1 F836.025903 X4.623678 Y0.000000 Z0.000000
G1 F835.341395 X4.637600 Y0.000000 Z0.000000
G1 F834.654826 X4.651511 Y0.000000 Z0.000000
G1 F833.966198 X4.665410 Y0.000000 Z0.000000
G1 F833.275512 X4.679298 Y0.000000 Z0.000000
G1 F832.582770 X4.693175 Y0.000000 Z0.000000
G1 F831.887973 X4.707039 Y0.000000 Z0.000000
G1 F831.191124 X4.720893 Y0.000000 Z0.000000
G1 F830.492224 X4.734734 Y0.000000 Z0.000000
G1 F829.791275 X4.748564 Y0.000000 Z0.000000
G1 F829.088278 X4.762382 Y0.000000 Z0.000000
G1 F828.383236 X4.776188 Y0.000000 Z0.000000
G1 F827.676150 X4.789983 Y0.000000 Z0.000000
G1 F826.967022 X4.803766 Y0.000000 Z0.000000
G1 F826.255853 X4.817537 Y0.000000 Z0.000000
G1 F825.542645 X4.831296 Y0.000000 Z0.000000
G1 F824.827401 X4.845043 Y0.000000 Z0.000000
G1 F824.110121 X4.858778 Y0.000000 Z0.000000
G1 F823.390808 X4.872501 Y0.000000 Z0.000000
G1 F822.669463 X4.886212 Y0.000000 Z0.000000
G1 F821.946088 X4.899912 Y0.000000 Z0.000000
G1 F821.220686 X4.913599 Y0.000000 Z0.000000
G1 F820.493257 X4.927273 Y0.000000 Z0.000000
G1 F819.763803 X4.940936 Y0.000000 Z0.000000
G1 F819.032327 X4.954587 Y0.000000 Z0.000000
G1 F818.298830 X4.968225 Y0.000000 Z0.000000
G1 F817.563314 X4.981851 Y0.000000 Z0.000000
G1 F816.825781 X4.995465 Y0.000000 Z0.000000
G1 F816.086232 X5.009066 Y0.000000 Z0.000000
G1 F815.344670 X5.022655 Y0.000000 Z0.000000
G1 F814.601095 X5.036232 Y0.000000 Z0.000000
G1 F813.855511 X5.049796 Y0.000000 Z0.000000
G1 F813.107919 X5.063348 Y0.000000 Z0.000000
G1 F812.358321 X5.076887 Y0.000000 Z0.000000
G1 F811.606718 X5.090414 Y0.000000 Z0.000000
G1 F810.853112 X5.103928 Y0.000000 Z0.000000
G1 F810.097506 X5.117430 Y0.000000 Z0.000000
G1 F809.339901 X5.130919 Y0.000000 Z0.000000
G1 F808.580299 X5.144395 Y0.000000 Z0.000000
G1 F807.818702 X5.157859 Y0.000000 Z0.000000
G1 F807.055112 X5.171310 Y0.000000 Z0.000000
G1 F806.289530 X5.184748 Y0.000000 Z0.000000
G1 F805.521959 X5.198173 Y0.000000 Z0.000000
G1 F804.752401 X5.211586 Y0.000000 Z0.000000
G1 F803.980856 X5.224986 Y0.000000 Z0.000000
G1 F803.207329 X5.238372 Y0.000000 Z0.000000
G1 F802.431819 X5.251746 Y0.000000 Z0.000000
G1 F801.654329 X5.265107 Y0.000000 Z0.000000
G1 F800.874861 X5.278455 Y0.000000 Z0.000000
G1 F800.093417 X5.291790 Y0.000000 Z0.000000
G1 F799.310000 X5.305112 Y0.000000 Z0.000000
G1 F798.524609 X5.318421 Y0.000000 Z0.000000
G1 F797.737249 X5.331716 Y0.000000 Z0.000000
G1 F796.947920 X5.344999 Y0.000000 Z0.000000
G1 F796.156625 X5.358268 Y0.000000 Z0.000000
G1 F795.363365 X5.371524 Y0.000000 Z0.000000
G1 F794.568143 X5.384767 Y0.000000 Z0.000000
G1 F793.770961 X5.397996 Y0.000000 Z0.000000
G1 F792.971819 X5.411213 Y0.000000 Z0.000000
G1 F792.170722 X5.424415 Y0.000000 Z0.000000
G1 F791.367669 X5.437605 Y0.000000 Z0.000000
G1 F790.562664 X5.450781 Y0.000000 Z0.000000
G1 F789.755709 X5.463943 Y0.000000 Z0.000000
G1 F788.946805 X5.477093 Y0.000000 Z0.000000
G1 F788.135954 X5.490228 Y0.000000 Z0.000000
G1 F787.323158 X5.503350 Y0.000000 Z0.000000
G1 F786.508420 X5.516459 Y0.000000 Z0.000000
G1 F785.691741 X5.529554 Y0.000000 Z0.000000
G1 F784.873124 X5.542635 Y0.000000 Z0.000000
G1 F784.052570 X5.555702 Y0.000000 Z0.000000
G1 F783.230081 X5.568756 Y0.000000 Z0.000000
G1 F782.405660 X5.581796 Y0.000000 Z0.000000
G1 F781.579308 X5.594823 Y0.000000 Z0.000000
G1 F780.751028 X5.607835 Y0.000000 Z0.000000
G1 F779.920822 X5.620834 Y0.000000 Z0.000000
G1 F779.088691 X5.633819 Y0.000000 Z0.000000
G1 F778.254638 X5.646790 Y0.000000 Z0.000000
G1 F777.418664 X5.659746 Y0.000000 Z0.000000
G1 F776.580772 X5.672689 Y0.000000 Z0.000000
G1 F775.740965 X5.685619 Y0.000000 Z0.000000
G1 F774.899243 X5.698533 Y0.000000 Z0.000000
G1 F774.055609 X5.711434 Y0.000000 Z0.000000
G1 F773.210065 X5.724321 Y0.000000 Z0.000000
G1 F772.362613 X5.737194 Y0.000000 Z0.000000
G1 F771.513256 X5.750053 Y0.000000 Z0.000000
G1 F770.661995 X5.762897 Y0.000000 Z0.000000
G1 F769.808832 X5.775727 Y0.000000 Z0.000000
G1 F768.953771 X5.788543 Y0.000000 Z0.000000
G1 F768.096811 X5.801345 Y0.000000 Z0.000000
G1 F767.237957 X5.814132 Y0.000000 Z0.000000
G1 F766.377209 X5.826905 Y0.000000 Z0.000000
G1 F765.514571 X5.839663 Y0.000000 Z0.000000
G1 F764.650043 X5.852408 Y0.000000 Z0.000000
G1 F763.783629 X5.865137 Y0.000000 Z0.000000
G1 F762.915331 X5.877853 Y0.000000 Z0.000000
G1 F762.045150 X5.890553 Y0.000000 Z0.000000
G1 F761.173089 X5.903239 Y0.000000 Z0.000000
G1 F760.299149 X5.915911 Y0.000000 Z0.000000
G1 F759.423334 X5.928568 Y0.000000 Z0.000000
G1 F758.545645 X5.941211 Y0.000000 Z0.000000
G1 F757.666084 X5.953838 Y0.000000 Z0.000000
G1 F756.784654 X5.966451 Y0.000000 Z0.000000
G1 F755.901356 X5.979050 Y0.000000 Z0.000000
G1 F755.016193 X5.991633 Y0.000000 Z0.000000
G1 F754.129168 X6.004202 Y0.000000 Z0.000000
G1 F753.240281 X6.016756 Y0.000000 Z0.000000
G1 F752.349537 X6.029295 Y0.000000 Z0.000000
G1 F751.456935 X6.041820 Y0.000000 Z0.000000
G1 F750.562480 X6.054329 Y0.000000 Z0.000000
G1 F749.666173 X6.066824 Y0.000000 Z0.000000
G1 F748.768016 X6.079303 Y0.000000 Z0.000000
G1 F747.868011 X6.091767 Y0.000000 Z0.000000
G1 F746.966161 X6.104217 Y0.000000 Z0.000000
G1 F746.062468 X6.116651 Y0.000000 Z0.000000
G1 F745.156935 X6.129071 Y0.000000 Z0.000000
G1 F744.249562 X6.141475 Y0.000000 Z0.000000
G1 F743.340354 X6.153864 Y0.000000 Z0.000000
G1 F742.429311 X6.166238 Y0.000000 Z0.000000
G1 F741.516436 X6.178596 Y0.000000 Z0.000000
G1 F740.601732 X6.190939 Y0.000000 Z0.000000
G1 F739.685200 X6.203268 Y0.000000 Z0.000000
G1 F738.766843 X6.215580 Y0.000000 Z0.000000
G1 F737.846664 X6.227878 Y0.000000 Z0.000000
G1 F736.924664 X6.240160 Y0.000000 Z0.000000
G1 F736.000845 X6.252427 Y0.000000 Z0.000000
G1 F735.075211 X6.264678 Y0.000000 Z0.000000
G1 F734.147762 X6.276914 Y0.000000 Z0.000000
G1 F733.218503 X6.289134 Y0.000000 Z0.000000
G1 F732.287434 X6.301339 Y0.000000 Z0.000000
G1 F731.354558 X6.313528 Y0.000000 Z0.000000
G1 F730.419878 X6.325702 Y0.000000 Z0.000000
G1 F729.483396 X6.337860 Y0.000000 Z0.000000
G1 F728.545114 X6.350002 Y0.000000 Z0.000000
G1 F727.605034 X6.362129 Y0.000000 Z0.000000
G1 F726.663158 X6.374240 Y0.000000 Z0.000000
G1 F725.719490 X6.386335 Y0.000000 Z0.000000
G1 F724.774031 X6.398415 Y0.000000 Z0.000000
G1 F723.826784 X6.410479 Y0.000000 Z0.000000
G1 F722.877751 X6.422527 Y0.000000 Z0.000000
G1 F721.926934 X6.434559 Y0.000000 Z0.000000
G1 F720.974336 X6.446575 Y0.000000 Z0.000000
G1 F720.019959 X6.458575 Y0.000000 Z0.000000
G1 F719.063806 X6.470560 Y0.000000 Z0.000000
G1 F718.105878 X6.482528 Y0.000000 Z0.000000
G1 F717.146178 X6.494480 Y0.000000 Z0.000000
G1 F716.184709 X6.506417 Y0.000000 Z0.000000
G1 F715.221473 X6.518337 Y0.000000 Z0.000000
G1 F714.256472 X6.530242 Y0.000000 Z0.000000
G1 F713.289709 X6.542130 Y0.000000 Z0.000000
G1 F712.321186 X6.554002 Y0.000000 Z0.000000
G1 F711.350905 X6.565858 Y0.000000 Z0.000000
G1 F710.378869 X6.577697 Y0.000000 Z0.000000
G1 F709.405080 X6.589521 Y0.000000 Z0.000000
G1 F708.429541 X6.601328 Y0.000000 Z0.000000
G1 F707.452253 X6.613119 Y0.000000 Z0.000000
G1 F706.473221 X6.624893 Y0.000000 Z0.000000
G1 F705.492445 X6.636651 Y0.000000 Z0.000000
G1 F704.509928 X6.648393 Y0.000000 Z0.000000
G1 F703.525673 X6.660119 Y0.000000 Z0.000000
G1 F702.539682 X6.671828 Y0.000000 Z0.000000
G1 F701.551958 X6.683520 Y0.000000 Z0.000000
G1 F700.562503 X6.695196 Y0.000000 Z0.000000
G1 F699.571319 X6.706856 Y0.000000 Z0.000000
G1 F698.578409 X6.718499 Y0.000000 Z0.000000
G1 F697.583775 X6.730125 Y0.000000 Z0.000000
G1 F696.587420 X6.741735 Y0.000000 Z0.000000
G1 F695.589347 X6.753328 Y0.000000 Z0.000000
G1 F694.589557 X6.764905 Y0.000000 Z0.000000
G1 F693.588053 X6.776464 Y0.000000 Z0.000000
G1 F692.584838 X6.788007 Y0.000000 Z0.000000
G1 F691.579914 X6.799534 Y0.000000 Z0.000000
G1 F690.573283 X6.811043 Y0.000000 Z0.000000
G1 F689.564949 X6.822536 Y0.000000 Z0.000000
G1 F688.554913 X6.834012 Y0.000000 Z0.000000
G1 F687.543178 X6.845471 Y0.000000 Z0.000000
G1 F686.529747 X6.856913 Y0.000000 Z0.000000
G1 F685.514622 X6.868338 Y0.000000 Z0.000000
G1 F684.497806 X6.879747 Y0.000000 Z0.000000
G1 F683.479300 X6.891138 Y0.000000 Z0.000000
G1 F682.459108 X6.902512 Y0.000000 Z0.000000
G1 F681.437232 X6.913870 Y0.000000 Z0.000000
G1 F680.413675 X6.925210 Y0.000000 Z0.000000
G1 F679.388439 X6.936533 Y0.000000 Z0.000000
G1 F678.361527 X6.947839 Y0.000000 Z0.000000
G1 F677.332941 X6.959128 Y0.000000 Z0.000000
G1 F676.302683 X6.970400 Y0.000000 Z0.000000
G1 F675.270757 X6.981654 Y0.000000 Z0.000000
G1 F674.237165 X6.992891 Y0.000000 Z0.000000
G1 F673.201909 X7.004112 Y0.000000 Z0.000000
G1 F672.164992 X7.015314 Y0.000000 Z0.000000
G1 F671.126417 X7.026500 Y0.000000 Z0.000000
G1 F670.086185 X7.037668 Y0.000000 Z0.000000
G1 F669.044301 X7.048819 Y0.000000 Z0.000000
G1 F668.000765 X7.059952 Y0.000000 Z0.000000
G1 F666.955581 X7.071068 Y0.000000 Z0.000000
G1 F665.908752 X7.082166 Y0.000000 Z0.000000
G1 F664.860279 X7.093247 Y0.000000 Z0.000000
G1 F663.810167 X7.104311 Y0.000000 Z0.000000
G1 F662.758416 X7.115357 Y0.000000 Z0.000000
G1 F661.705030 X7.126385 Y0.000000 Z0.000000
G1 F660.650011 X7.137396 Y0.000000 Z0.000000
G1 F659.593362 X7.148389 Y0.000000 Z0.000000
G1 F658.535085 X7.159365 Y0.000000 Z0.000000
G1 F657.475184 X7.170323 Y0.000000 Z0.000000
G1 F656.413661 X7.181263 Y0.000000 Z0.000000
G1 F655.350517 X7.192185 Y0.000000 Z0.000000
G1 F654.285757 X7.203090 Y0.000000 Z0.000000
G1 F653.219383 X7.213977 Y0.000000 Z0.000000
G1 F652.151396 X7.224846 Y0.000000 Z0.000000
G1 F651.081801 X7.235698 Y0.000000 Z0.000000
G1 F650.010599 X7.246531 Y0.000000 Z0.000000
G1 F648.937793 X7.257347 Y0.000000 Z0.000000
G1 F647.863386 X7.268145 Y0.000000 Z0.000000
G1 F646.787381 X7.278924 Y0.000000 Z0.000000
G1 F645.709780 X7.289686 Y0.000000 Z0.000000
G1 F644.630585 X7.300430 Y0.000000 Z0.000000
G1 F643.549800 X7.311156 Y0.000000 Z0.000000
G1 F642.467427 X7.321864 Y0.000000 Z0.000000
G1 F641.383469 X7.332553 Y0.000000 Z0.000000
G1 F640.297928 X7.343225 Y0.000000 Z0.000000
G1 F639.210807 X7.353879 Y0.000000 Z0.000000
G1 F638.122109 X7.364514 Y0.000000 Z0.000000
G1 F637.031837 X7.375131 Y0.000000 Z0.000000
G1 F635.939993 X7.385730 Y0.000000 Z0.000000
G1 F634.846579 X7.396311 Y0.000000 Z0.000000
G1 F633.751600 X7.406873 Y0.000000 Z0.000000
G1 F632.655056 X7.417418 Y0.000000 Z0.000000
G1 F631.556952 X7.427944 Y0.000000 Z0.000000
G1 F630.457289 X7.438451 Y0.000000 Z0.000000
G1 F629.356071 X7.448941 Y0.000000 Z0.000000
G1 F628.253300 X7.459411 Y0.000000 Z0.000000
G1 F627.148978 X7.469864 Y0.000000 Z0.000000
G1 F626.043109 X7.480298 Y0.000000 Z0.000000
G1 F624.935696 X7.490714 Y0.000000 Z0.000000
G1 F623.826740 X7.501111 Y0.000000 Z0.000000
G1 F622.716246 X7.511489 Y0.000000 Z0.000000
G1 F621.604215 X7.521849 Y0.000000 Z0.000000
G1 F620.490650 X7.532191 Y0.000000 Z0.000000
G1 F619.375554 X7.542514 Y0.000000 Z0.000000
G1 F618.258929 X7.552818 Y0.000000 Z0.000000
G1 F617.140780 X7.563104 Y0.000000 Z0.000000
G1 F616.021107 X7.573371 Y0.000000 Z0.000000
G1 F614.899915 X7.583619 Y0.000000 Z0.000000
G1 F613.777205 X7.593849 Y0.000000 Z0.000000
G1 F612.652981 X7.604060 Y0.000000 Z0.000000
G1 F611.527246 X7.614252 Y0.000000 Z0.000000
G1 F610.400001 X7.624425 Y0.000000 Z0.000000
G1 F609.271250 X7.634580 Y0.000000 Z0.000000
G1 F608.140997 X7.644715 Y0.000000 Z0.000000
G1 F607.009242 X7.654832 Y0.000000 Z0.000000
G1 F605.875990 X7.664930 Y0.000000 Z0.000000
G1 F604.741243 X7.675009 Y0.000000 Z0.000000
G1 F603.605003 X7.685069 Y0.000000 Z0.000000
G1 F602.467275 X7.695110 Y0.000000 Z0.000000
G1 F601.328059 X7.705132 Y0.000000 Z0.000000
G1 F600.187361 X7.715136 Y0.000000 Z0.000000
G1 F598.473352 X7.735085 Y0.000000 Z0.000000
G1 F596.183087 X7.754957 Y0.000000 Z0.000000
G1 F593.886938 X7.774754 Y0.000000 Z0.000000
G1 F591.584928 X7.794473 Y0.000000 Z0.000000
G1 F589.277078 X7.814116 Y0.000000 Z0.000000
G1 F586.963413 X7.833681 Y0.000000 Z0.000000
G1 F584.643955 X7.853169 Y0.000000 Z0.000000
G1 F582.318727 X7.872580 Y0.000000 Z0.000000
G1 F579.987751 X7.891913 Y0.000000 Z0.000000
G1 F577.651052 X7.911168 Y0.000000 Z0.000000
G1 F575.308651 X7.930345 Y0.000000 Z0.000000
G1 F572.960572 X7.949444 Y0.000000 Z0.000000
G1 F570.606838 X7.968464 Y0.000000 Z0.000000
G1 F568.247472 X7.987405 Y0.000000 Z0.000000
G1 F565.882498 X8.006268 Y0.000000 Z0.000000
G1 F563.511939 X8.025052 Y0.000000 Z0.000000
G1 F561.135818 X8.043756 Y0.000000 Z0.000000
G1 F558.754159 X8.062381 Y0.000000 Z0.000000
G1 F556.366986 X8.080927 Y0.000000 Z0.000000
G1 F553.974321 X8.099393 Y0.000000 Z0.000000
G1 F551.576189 X8.117779 Y0.000000 Z0.000000
G1 F549.172613 X8.136084 Y0.000000 Z0.000000
G1 F546.763617 X8.154310 Y0.000000 Z0.000000
G1 F544.349225 X8.172455 Y0.000000 Z0.000000
G1 F541.929460 X8.190519 Y0.000000 Z0.000000
G1 F539.504346 X8.208503 Y0.000000 Z0.000000
G1 F537.073908 X8.226405 Y0.000000 Z0.000000
G1 F534.638169 X8.244226 Y0.000000 Z0.000000
G1 F532.197153 X8.261966 Y0.000000 Z0.000000
G1 F529.750885 X8.279625 Y0.000000 Z0.000000
G1 F527.299389 X8.297201 Y0.000000 Z0.000000
G1 F524.842688 X8.314696 Y0.000000 Z0.000000
G1 F522.380807 X8.332109 Y0.000000 Z0.000000
G1 F519.913771 X8.349439 Y0.000000 Z0.000000
G1 F517.441603 X8.366687 Y0.000000 Z0.000000
G1 F514.964328 X8.383853 Y0.000000 Z0.000000
G1 F512.481971 X8.400936 Y0.000000 Z0.000000
G1 F509.994555 X8.417935 Y0.000000 Z0.000000
G1 F507.502107 X8.434852 Y0.000000 Z0.000000
G1 F505.004649 X8.451686 Y0.000000 Z0.000000
G1 F502.502207 X8.468436 Y0.000000 Z0.000000
G1 F499.994806 X8.485102 Y0.000000 Z0.000000
G1 F497.482470 X8.501685 Y0.000000 Z0.000000
G1 F494.965224 X8.518184 Y0.000000 Z0.000000
G1 F492.443093 X8.534599 Y0.000000 Z0.000000
G1 F489.916102 X8.550929 Y0.000000 Z0.000000
G1 F487.384275 X8.567175 Y0.000000 Z0.000000
G1 F484.847639 X8.583337 Y0.000000 Z0.000000
G1 F482.306217 X8.599414 Y0.000000 Z0.000000
G1 F479.760034 X8.615406 Y0.000000 Z0.000000
G1 F477.209117 X8.631313 Y0.000000 Z0.000000
G1 F474.653490 X8.647134 Y0.000000 Z0.000000
G1 F472.093178 X8.662871 Y0.000000 Z0.000000
G1 F469.528207 X8.678522 Y0.000000 Z0.000000
G1 F466.958602 X8.694087 Y0.000000 Z0.000000
G1 F464.384388 X8.709567 Y0.000000 Z0.000000
G1 F461.805591 X8.724960 Y0.000000 Z0.000000
G1 F459.222236 X8.740267 Y0.000000 Z0.000000
G1 F456.634348 X8.755489 Y0.000000 Z0.000000
G1 F454.041954 X8.770623 Y0.000000 Z0.000000
G1 F451.445079 X8.785672 Y0.000000 Z0.000000
G1 F448.843748 X8.800633 Y0.000000 Z0.000000
G1 F446.237987 X8.815508 Y0.000000 Z0.000000
G1 F443.627822 X8.830295 Y0.000000 Z0.000000
G1 F441.013279 X8.844996 Y0.000000 Z0.000000
G1 F438.394383 X8.859609 Y0.000000 Z0.000000
G1 F435.771160 X8.874134 Y0.000000 Z0.000000
G1 F433.143636 X8.888573 Y0.000000 Z0.000000
G1 F430.511837 X8.902923 Y0.000000 Z0.000000
G1 F427.875790 X8.917186 Y0.000000 Z0.000000
G1 F425.235519 X8.931360 Y0.000000 Z0.000000
G1 F422.591052 X8.945446 Y0.000000 Z0.000000
G1 F419.942413 X8.959444 Y0.000000 Z0.000000
G1 F417.289630 X8.973354 Y0.000000 Z0.000000
G1 F414.632729 X8.987175 Y0.000000 Z0.000000
G1 F411.971735 X9.000908 Y0.000000 Z0.000000
G1 F409.306675 X9.014551 Y0.000000 Z0.000000
G1 F406.637576 X9.028106 Y0.000000 Z0.000000
G1 F403.964463 X9.041571 Y0.000000 Z0.000000
G1 F401.287363 X9.054947 Y0.000000 Z0.000000
G1 F398.606303 X9.068234 Y0.000000 Z0.000000
G1 F395.921309 X9.081432 Y0.000000 Z0.000000
G1 F393.232407 X9.094539 Y0.000000 Z0.000000
G1 F390.539624 X9.107557 Y0.000000 Z0.000000
G1 F387.842986 X9.120486 Y0.000000 Z0.000000
G1 F385.142521 X9.133324 Y0.000000 Z0.000000
G1 F382.438254 X9.146072 Y0.000000 Z0.000000
G1 F379.730213 X9.158729 Y0.000000 Z0.000000
G1 F377.018425 X9.171297 Y0.000000 Z0.000000
G1 F374.302915 X9.183773 Y0.000000 Z0.000000
G1 F371.583711 X9.196159 Y0.000000 Z0.000000
G1 F368.860839 X9.208455 Y0.000000 Z0.000000
G1 F366.134327 X9.220659 Y0.000000 Z0.000000
G1 F363.404202 X9.232773 Y0.000000 Z0.000000
G1 F360.670490 X9.244795 Y0.000000 Z0.000000
G1 F357.933218 X9.256726 Y0.000000 Z0.000000
G1 F355.192413 X9.268566 Y0.000000 Z0.000000
G1 F352.448103 X9.280314 Y0.000000 Z0.000000
G1 F349.700314 X9.291971 Y0.000000 Z0.000000
G1 F346.949074 X9.303536 Y0.000000 Z0.000000
G1 F344.194410 X9.315009 Y0.000000 Z0.000000
G1 F341.436349 X9.326390 Y0.000000 Z0.000000
G1 F338.674918 X9.337679 Y0.000000 Z0.000000
G1 F335.910144 X9.348876 Y0.000000 Z0.000000
G1 F333.142055 X9.359981 Y0.000000 Z0.000000
G1 F330.370678 X9.370993 Y0.000000 Z0.000000
G1 F327.596040 X9.381913 Y0.000000 Z0.000000
G1 F324.818169 X9.392741 Y0.000000 Z0.000000
G1 F322.037092 X9.403475 Y0.000000 Z0.000000
G1 F319.252837 X9.414117 Y0.000000 Z0.000000
G1 F316.465431 X9.424666 Y0.000000 Z0.000000
G1 F313.674902 X9.435122 Y0.000000 Z0.000000
G1 F310.881277 X9.445484 Y0.000000 Z0.000000
G1 F308.084583 X9.455754 Y0.000000 Z0.000000
G1 F305.284849 X9.465930 Y0.000000 Z0.000000
G1 F302.482102 X9.476013 Y0.000000 Z0.000000
G1 F298.974319 X9.490961 Y0.000000 Z0.000000
G1 F294.759085 X9.505699 Y0.000000 Z0.000000
G1 F290.537306 X9.520226 Y0.000000 Z0.000000
G1 F286.309075 X9.534542 Y0.000000 Z0.000000
G1 F282.074486 X9.548645 Y0.000000 Z0.000000
G1 F277.833632 X9.562537 Y0.000000 Z0.000000
G1 F273.586610 X9.576216 Y0.000000 Z0.000000
G1 F269.333512 X9.589683 Y0.000000 Z0.000000
G1 F265.074432 X9.602937 Y0.000000 Z0.000000
G1 F260.809467 X9.615977 Y0.000000 Z0.000000
G1 F256.538710 X9.628804 Y0.000000 Z0.000000
G1 F252.262255 X9.641417 Y0.000000 Z0.000000
G1 F247.980199 X9.653816 Y0.000000 Z0.000000
G1 F243.692637 X9.666001 Y0.000000 Z0.000000
G1 F239.399662 X9.677971 Y0.000000 Z0.000000
G1 F235.101372 X9.689726 Y0.000000 Z0.000000
G1 F230.797860 X9.701266 Y0.000000 Z0.000000
G1 F226.489224 X9.712590 Y0.000000 Z0.000000
G1 F222.175558 X9.723699 Y0.000000 Z0.000000
G1 F217.856958 X9.734592 Y0.000000 Z0.000000
G1 F213.533520 X9.745269 Y0.000000 Z0.000000
G1 F209.205340 X9.755729 Y0.000000 Z0.000000
G1 F204.872515 X9.765973 Y0.000000 Z0.000000
G1 F200.535140 X9.775999 Y0.000000 Z0.000000
G1 F195.469107 X9.789031 Y0.000000 Z0.000000
G1 F189.672295 X9.801675 Y0.000000 Z0.000000
G1 F183.867994 X9.813933 Y0.000000 Z0.000000
G1 F178.056435 X9.825804 Y0.000000 Z0.000000
G1 F172.237846 X9.837286 Y0.000000 Z0.000000
G1 F166.412458 X9.848380 Y0.000000 Z0.000000
G1 F160.580500 X9.859086 Y0.000000 Z0.000000
G1 F154.742203 X9.869402 Y0.000000 Z0.000000
G1 F148.166690 X9.881749 Y0.000000 Z0.000000
G1 F140.852056 X9.893487 Y0.000000 Z0.000000
G1 F133.528734 X9.904614 Y0.000000 Z0.000000
G1 F126.197175 X9.915131 Y0.000000 Z0.000000
G1 F118.123353 X9.926943 Y0.000000 Z0.000000
G1 F109.305668 X9.937874 Y0.000000 Z0.000000
G1 F100.478274 X9.947921 Y0.000000 Z0.000000
G1 F90.905095 X9.958527 Y0.000000 Z0.000000
G1 F79.847440 X9.969173 Y0.000000 Z0.000000
G1 F67.302157 X9.979269 Y0.000000 Z0.000000
G1 F51.788558 X9.989626 Y0.000000 Z0.000000
G1 F25.163010 X9.999692 Y0.000000 Z0.000000
G1 F17.762125 X9.989626 Y0.000000 Z0.000000
G1 F51.788558 X9.979269 Y0.000000 Z0.000000
G1 F67.302157 X9.969173 Y0.000000 Z0.000000
G1 F79.847440 X9.958527 Y0.000000 Z0.000000
G1 F90.905095 X9.947921 Y0.000000 Z0.000000
G1 F100.478274 X9.937874 Y0.000000 Z0.000000
G1 F109.305668 X9.926943 Y0.000000 Z0.000000
G1 F118.123353 X9.915131 Y0.000000 Z0.000000
G1 F126.197175 X9.904614 Y0.000000 Z0.000000
G1 F133.528734 X9.893487 Y0.000000 Z0.000000
G1 F140.852056 X9.881749 Y0.000000 Z0.000000
G1 F148.166690 X9.869402 Y0.000000 Z0.000000
G1 F154.742203 X9.859086 Y0.000000 Z0.000000
G1 F160.580500 X9.848380 Y0.000000 Z0.000000
G1 F166.412458 X9.837286 Y0.000000 Z0.000000
G1 F172.237846 X9.825804 Y0.000000 Z0.000000
G1 F178.056435 X9.813933 Y0.000000 Z0.000000
G1 F183.867994 X9.801675 Y0.000000 Z0.000000
G1 F189.672295 X9.789031 Y0.000000 Z0.000000
G1 F195.469107 X9.775999 Y0.000000 Z0.000000
G1 F200.535140 X9.765973 Y0.000000 Z0.000000
G1 F204.872515 X9.755729 Y0.000000 Z0.000000
G1 F209.205340 X9.745269 Y0.000000 Z0.000000
G1 F213.533520 X9.734592 Y0.000000 Z0.000000
G1 F217.856958 X9.723699 Y0.000000 Z0.000000
G1 F222.175558 X9.712590 Y0.000000 Z0.000000
G1 F226.489224 X9.701266 Y0.000000 Z0.000000
G1 F230.797860 X9.689726 Y0.000000 Z0.000000
G1 F235.101372 X9.677971 Y0.000000 Z0.000000
G1 F239.399662 X9.666001 Y0.000000 Z0.000000
G1 F243.692637 X9.653816 Y0.000000 Z0.000000
G1 F247.980199 X9.641417 Y0.000000 Z0.000000
G1 F252.262255 X9.628804 Y0.000000 Z0.000000
G1 F256.538710 X9.615977 Y0.000000 Z0.000000
G1 F260.809467 X9.602937 Y0.000000 Z0.000000
G1 F265.074432 X9.589683 Y0.000000 Z0.000000
G1 F269.333512 X9.576216 Y0.000000 Z0.000000
G1 F273.586610 X9.562537 Y0.000000 Z0.000000
G1 F277.833632 X9.548645 Y0.000000 Z0.000000
G1 F282.074486 X9.534542 Y0.000000 Z0.000000
G1 F286.309075 X9.520226 Y0.000000 Z0.000000
G1 F290.537306 X9.505699 Y0.000000 Z0.000000
G1 F294.759085 X9.490961 Y0.000000 Z0.000000
G1 F298.974319 X9.476013 Y0.000000 Z0.000000
G1 F302.482102 X9.465930 Y0.000000 Z0.000000
G1 F305.284849 X9.455754 Y0.000000 Z0.000000
G1 F308.084583 X9.445484 Y0.000000 Z0.000000
G1 F310.881277 X9.435122 Y0.000000 Z0.000000
G1 F313.674902 X9.424666 Y0.000000 Z0.000000
G1 F316.465431 X9.414117 Y0.000000 Z0.000000
G1 F319.252837 X9.403475 Y0.000000 Z0.000000
G1 F322.037092 X9.392741 Y0.000000 Z0.000000
G1 F324.818169 X9.381913 Y0.000000 Z0.000000
G1 F327.596040 X9.370993 Y0.000000 Z0.000000
G1 F330.370678 X9.359981 Y0.000000 Z0.000000
G1 F333.142055 X9.348876 Y0.000000 Z0.000000
G1 F335.910144 X9.337679 Y0.000000 Z0.000000
G1 F338.674918 X9.326390 Y0.000000 Z0.000000
G1 F341.436349 X9.315009 Y0.000000 Z0.000000
G1 F344.194410 X9.303536 Y0.000000 Z0.000000
G1 F346.949074 X9.291971 Y0.000000 Z0.000000
G1 F349.700314 X9.280314 Y0.000000 Z0.000000
G1 F352.448103 X9.268566 Y0.000000 Z0.000000
G1 F355.192413 X9.256726 Y0.000000 Z0.000000
G1 F357.933218 X9.244795 Y0.000000 Z0.000000
G1 F360.670490 X9.232773 Y0.000000 Z0.000000
G1 F363.404202 X9.220659 Y0.000000 Z0.000000
G1 F366.134327 X9.208455 Y0.000000 Z0.000000
G1 F368.860839 X9.196159 Y0.000000 Z0.000000
G1 F371.583711 X9.183773 Y0.000000 Z0.000000
G1 F374.302915 X9.171297 Y0.000000 Z0.000000
G1 F377.018425 X9.158729 Y0.000000 Z0.000000
G1 F379.730213 X9.146072 Y0.000000 Z0.000000
G1 F382.438254 X9.133324 Y0.000000 Z0.000000
G1 F385.142521 X9.120486 Y0.000000 Z0.000000
G1 F387.842986 X9.107557 Y0.000000 Z0.000000
G1 F390.539624 X9.094539 Y0.000000 Z0.000000
G1 F393.232407 X9.081432 Y0.000000 Z0.000000
G1 F395.921309 X9.068234 Y0.000000 Z0.000000
G1 F398.606303 X9.054947 Y0.000000 Z0.000000
G1 F401.287363 X9.041571 Y0.000000 Z0.000000
G1 F403.964463 X9.028106 Y0.000000 Z0.000000
G1 F406.637576 X9.014551 Y0.000000 Z0.000000
G1 F409.306675 X9.000908 Y0.000000 Z0.000000
G1 F411.971735 X8.987175 Y0.000000 Z0.000000
G1 F414.632729 X8.973354 Y0.000000 Z0.000000
G1 F417.289630 X8.959444 Y0.000000 Z0.000000
G1 F419.942413 X8.945446 Y0.000000 Z0.000000
G1 F422.591052 X8.931360 Y0.000000 Z0.000000
G1 F425.235519 X8.917186 Y0.000000 Z0.000000
G1 F427.875790 X8.902923 Y0.000000 Z0.000000
G1 F430.511837 X8.888573 Y0.000000 Z0.000000
G1 F433.143636 X8.874134 Y0.000000 Z0.000000
G1 F435.771160 X8.859609 Y0.000000 Z0.000000
G1 F438.394383 X8.844996 Y0.000000 Z0.000000
G1 F441.013279 X8.830295 Y0.000000 Z0.000000
G1 F443.627822 X8.815508 Y0.000000 Z0.000000
G1 F446.237987 X8.800633 Y0.000000 Z0.000000
G1 F448.843748 X8.785672 Y0.000000 Z0.000000
G1 F451.445079 X8.770623 Y0.000000 Z0.000000
G1 F454.041954 X8.755489 Y0.000000 Z0.000000
G1 F456.634348 X8.740267 Y0.000000 Z0.000000
G1 F459.222236 X8.724960 Y0.000000 Z0.000000
G1 F461.805591 X8.709567 Y0.000000 Z0.000000
G1 F464.384388 X8.694087 Y0.000000 Z0.000000
G1 F466.958602 X8.678522 Y0.000000 Z0.000000
G1 F469.528207 X8.662871 Y0.000000 Z0.000000
G1 F472.093178 X8.647134 Y0.000000 Z0.000000
G1 F474.653490 X8.631313 Y0.000000 Z0.000000
G1 F477.209117 X8.615406 Y0.000000 Z0.000000
G1 F479.760034 X8.599414 Y0.000000 Z0.000000
G1 F482.306217 X8.583337 Y0.000000 Z0.000000
G1 F484.847639 X8.567175 Y0.000000 Z0.000000
G1 F487.384275 X8.550929 Y0.000000 Z0.000000
G1 F489.916102 X8.534599 Y0.000000 Z0.000000
G1 F492.443093 X8.518184 Y0.000000 Z0.000000
G1 F494.965224 X8.501685 Y0.000000 Z0.000000
G1 F497.482470 X8.485102 Y0.000000 Z0.000000
G1 F499.994806 X8.468436 Y0.000000 Z0.000000
G1 F502.502207 X8.451686 Y0.000000 Z0.000000
G1 F505.004649 X8.434852 Y0.000000 Z0.000000
G1 F507.502107 X8.417935 Y0.000000 Z0.000000
G1 F509.994555 X8.400936 Y0.000000 Z0.000000
G1 F512.481971 X8.383853 Y0.000000 Z0.000000
G1 F514.964328 X8.366687 Y0.000000 Z0.000000
G1 F517.441603 X8.349439 Y0.000000 Z0.000000
G1 F519.913771 X8.332109 Y0.000000 Z0.000000
G1 F522.380807 X8.314696 Y0.000000 Z0.000000
G1 F524.842688 X8.297201 Y0.000000 Z0.000000
G1 F527.299389 X8.279625 Y0.000000 Z0.000000
G1 F529.750885 X8.261966 Y0.000000 Z0.000000
G1 F532.197153 X8.244226 Y0.000000 Z0.000000
G1 F534.638169 X8.226405 Y0.000000 Z0.000000
G1 F537.073908 X8.208503 Y0.000000 Z0.000000
G1 F539.504346 X8.190519 Y0.000000 Z0.000000
G1 F541.929460 X8.172455 Y0.000000 Z0.000000
G1 F544.349225 X8.154310 Y0.000000 Z0.000000
G1 F546.763617 X8.136084 Y0.000000 Z0.000000
G1 F549.172613 X8.117779 Y0.000000 Z0.000000
G1 F551.576189 X8.099393 Y0.000000 Z0.000000
G1 F553.974321 X8.080927 Y0.000000 Z0.000000
G1 F556.366986 X8.062381 Y0.000000 Z0.000000
G1 F558.754159 X8.043756 Y0.000000 Z0.000000
G1 F561.135818 X8.025052 Y0.000000 Z0.000000
G1 F563.511939 X8.006268 Y0.000000 Z0.000000
G1 F565.882498 X7.987405 Y0.000000 Z0.000000
G1 F568.247472 X7.968464 Y0.000000 Z0.000000
G1 F570.606838 X7.949444 Y0.000000 Z0.000000
G1 F572.960572 X7.930345 Y0.000000 Z0.000000
G1 F575.308651 X7.911168 Y0.000000 Z0.000000
G1 F577.651052 X7.891913 Y0.000000 Z0.000000
G1 F579.987751 X7.872580 Y0.000000 Z0.000000
G1 F582.318727 X7.853169 Y0.000000 Z0.000000
G1 F584.643955 X7.833681 Y0.000000 Z0.000000
G1 F586.963413 X7.814116 Y0.000000 Z0.000000
G1 F589.277078 X7.794473 Y0.000000 Z0.000000
G1 F591.584928 X7.774754 Y0.000000 Z0.000000
G1 F593.886938 X7.754957 Y0.000000 Z0.000000
G1 F596.183087 X7.735085 Y0.000000 Z0.000000
G1 F598.473352 X7.715136 Y0.000000 Z0.000000
G1 F600.187361 X7.705132 Y0.000000 Z0.000000
G1 F601.328059 X7.695110 Y0.000000 Z0.000000
G1 F602.467275 X7.685069 Y0.000000 Z0.000000
G1 F603.605003 X7.675009 Y0.000000 Z0.000000
G1 F604.741243 X7.664930 Y0.000000 Z0.000000
G1 F605.875990 X7.654832 Y0.000000 Z0.000000
G1 F607.009242 X7.644715 Y0.000000 Z0.000000
G1 F608.140997 X7.634580 Y0.000000 Z0.000000
G1 F609.271250 X7.624425 Y0.000000 Z0.000000
G1 F610.400001 X7.614252 Y0.000000 Z0.000000
G1 F611.527246 X7.604060 Y0.000000 Z0.000000
G1 F612.652981 X7.593849 Y0.000000 Z0.000000
G1 F613.777205 X7.583619 Y0.000000 Z0.000000
G1 F614.899915 X7.573371 Y0.000000 Z0.000000
G1 F616.021107 X7.563104 Y0.000000 Z0.000000
G1 F617.140780 X7.552818 Y0.000000 Z0.000000
G1 F618.258929 X7.542514 Y0.000000 Z0.000000
G1 F619.375554 X7.532191 Y0.000000 Z0.000000
G1 F620.490650 X7.521849 Y0.000000 Z0.000000
G1 F621.604215 X7.511489 Y0.000000 Z0.000000
G1 F622.716246 X7.501111 Y0.000000 Z0.000000
G1 F623.826740 X7.490714 Y0.000000 Z0.000000
G1 F624.935696 X7.480298 Y0.000000 Z0.000000
G1 F626.043109 X7.469864 Y0.000000 Z0.000000
G1 F627.148978 X7.459411 Y0.000000 Z0.000000
G1 F628.253300 X7.448941 Y0.000000 Z0.000000
G1 F629.356071 X7.438451 Y0.000000 Z0.000000
G1 F630.457289 X7.427944 Y0.000000 Z0.000000
G1 F631.556952 X7.417418 Y0.000000 Z0.000000
G1 F632.655056 X7.406873 Y0.000000 Z0.000000
G1 F633.751600 X7.396311 Y0.000000 Z0.000000
G1 F634.846579 X7.385730 Y0.000000 Z0.000000
G1 F635.939993 X7.375131 Y0.000000 Z0.000000
G1 F637.031837 X7.364514 Y0.000000 Z0.000000
G1 F638.122109 X7.353879 Y0.000000 Z0.000000
G1 F639.210807 X7.343225 Y0.000000 Z0.000000
G1 F640.297928 X7.332553 Y0.000000 Z0.000000
G1 F641.383469 X7.321864 Y0.000000 Z0.000000
G1 F642.467427 X7.311156 Y0.000000 Z0.000000
G1 F643.549800 X7.300430 Y0.000000 Z0.000000
G1 F644.630585 X7.289686 Y0.000000 Z0.000000
G1 F645.709780 X7.278924 Y0.000000 Z0.000000
G1 F646.787381 X7.268145 Y0.000000 Z0.000000
G1 F647.863386 X7.257347 Y0.000000 Z0.000000
G1 F648.937793 X7.246531 Y0.000000 Z0.000000
G1 F650.010599 X7.235698 Y0.000000 Z0.000000
G1 F651.081801 X7.224846 Y0.000000 Z0.000000
G1 F652.151396 X7.213977 Y0.000000 Z0.000000
G1 F653.219383 X7.203090 Y0.000000 Z0.000000
G1 F654.285757 X7.192185 Y0.000000 Z0.000000
G1 F655.350517 X7.181263 Y0.000000 Z0.000000
G1 F656.413661 X7.170323 Y0.000000 Z0.000000
G1 F657.475184 X7.159365 Y0.000000 Z0.000000
G1 F658.535085 X7.148389 Y0.000000 Z0.000000
G1 F659.593362 X7.137396 Y0.000000 Z0.000000
G1 F660.650011 X7.126385 Y0.000000 Z0.000000
G1 F661.705030 X7.115357 Y0.000000 Z0.000000
G1 F662.758416 X7.104311 Y0.000000 Z0.000000
G1 F663.810167 X7.093247 Y0.000000 Z0.000000
G1 F664.860279 X7.082166 Y0.000000 Z0.000000
G1 F665.908752 X7.071068 Y0.000000 Z0.000000
G1 F666.955581 X7.059952 Y0.000000 Z0.000000
G1 F668.000765 X7.048819 Y0.000000 Z0.000000
G1 F669.044301 X7.037668 Y0.000000 Z0.000000
G1 F670.086185 X7.026500 Y0.000000 Z0.000000
G1 F671.126417 X7.015314 Y0.000000 Z0.000000
G1 F672.164992 X7.004112 Y0.000000 Z0.000000
G1 F673.201909 X6.992891 Y0.000000 Z0.000000
G1 F674.237165 X6.981654 Y0.000000 Z0.000000
G1 F675.270757 X6.970400 Y0.000000 Z0.000000
G1 F676.302683 X6.959128 Y0.000000 Z0.000000
G1 F677.332941 X6.947839 Y0.000000 Z0.000000
G1 F678.361527 X6.936533 Y0.000000 Z0.000000
G1 F679.388439 X6.925210 Y0.000000 Z0.000000
G1 F680.413675 X6.913870 Y0.000000 Z0.000000
G1 F681.437232 X6.902512 Y0.000000 Z0.000000
G1 F682.459108 X6.891138 Y0.000000 Z0.000000
G1 F683.479300 X6.879747 Y0.000000 Z0.000000
G1 F684.497806 X6.868338 Y0.000000 Z0.000000
G1 F685.514622 X6.856913 Y0.000000 Z0.000000
G1 F686.529747 X6.845471 Y0.000000 Z0.000000
G1 F687.543178 X6.834012 Y0.000000 Z0.000000
G1 F688.554913 X6.822536 Y0.000000 Z0.000000
G1 F689.564949 X6.811043 Y0.000000 Z0.000000
G1 F690.573283 X6.799534 Y0.000000 Z0.000000
G1 F691.579914 X6.788007 Y0.000000 Z0.000000
G1 F692.584838 X6.776464 Y0.000000 Z0.000000
G1 F693.588053 X6.764905 Y0.000000 Z0.000000
G1 F694.589557 X6.753328 Y0.000000 Z0.000000
G1 F695.589347 X6.741735 Y0.000000 Z0.000000
G1 F696.587420 X6.730125 Y0.000000 Z0.000000
G1 F697.583775 X6.718499 Y0.000000 Z0.000000
G1 F698.578409 X6.706856 Y0.000000 Z0.000000
G1 F699.571319 X6.695196 Y0.000000 Z0.000000
G1 F700.562503 X6.683520 Y0.000000 Z0.000000
G1 F701.551958 X6.671828 Y0.000000 Z0.000000
G1 F702.539682 X6.660119 Y0.000000 Z0.000000
G1 F703.525673 X6.648393 Y0.000000 Z0.000000
G1 F704.509928 X6.636651 Y0.000000 Z0.000000
G1 F705.492445 X6.624893 Y0.000000 Z0.000000
G1 F706.473221 X6.613119 Y0.000000 Z0.000000
G1 F707.452253 X6.601328 Y0.000000 Z0.000000
G1 F708.429541 X6.589521 Y0.000000 Z0.000000
G1 F709.405080 X6.577697 Y0.000000 Z0.000000
G1 F710.378869 X6.565858 Y0.000000 Z0.000000
G1 F711.350905 X6.554002 Y0.000000 Z0.000000
G1 F712.321186 X6.542130 Y0.000000 Z0.000000
G1 F713.289709 X6.530242 Y0.000000 Z0.000000
G1 F714.256472 X6.518337 Y0.000000 Z0.000000
G1 F715.221473 X6.506417 Y0.000000 Z0.000000
G1 F716.184709 X6.494480 Y0.000000 Z0.000000
G1 F717.146178 X6.482528 Y0.000000 Z0.000000
G1 F718.105878 X6.470560 Y0.000000 Z0.000000
G1 F719.063806 X6.458575 Y0.000000 Z0.000000
G1 F720.019959 X6.446575 Y0.000000 Z0.000000
G1 F720.974336 X6.434559 Y0.000000 Z0.000000
G1 F721.926934 X6.422527 Y0.000000 Z0.000000
G1 F722.877751 X6.410479 Y0.000000 Z0.000000
G1 F723.826784 X6.398415 Y0.000000 Z0.000000
G1 F724.774031 X6.386335 Y0.000000 Z0.000000
G1 F725.719490 X6.374240 Y0.000000 Z0.000000
G1 F726.663158 X6.362129 Y0.000000 Z0.000000
G1 F727.605034 X6.350002 Y0.000000 Z0.000000
G1 F728.545114 X6.337860 Y0.000000 Z0.000000
G1 F729.483396 X6.325702 Y0.000000 Z0.000000
G1 F730.419878 X6.313528 Y0.000000 Z0.000000
G1 F731.354558 X6.301339 Y0.000000 Z0.000000
G1 F732.287434 X6.289134 Y0.000000 Z0.000000
G1 F733.218503 X6.276914 Y0.000000 Z0.000000
G1 F734.147762 X6.264678 Y0.000000 Z0.000000
G1 F735.075211 X6.252427 Y0.000000 Z0.000000
G1 F736.000845 X6.240160 Y0.000000 Z0.000000
G1 F736.924664 X6.227878 Y0.000000 Z0.000000
G1 F737.846664 X6.215580 Y0.000000 Z0.000000
G1 F738.766843 X6.203268 Y0.000000 Z0.000000
G1 F739.685200 X6.190939 Y0.000000 Z0.000000
G1 F740.601732 X6.178596 Y0.000000 Z0.000000
G1 F741.516436 X6.166238 Y0.000000 Z0.000000
G1 F742.429311 X6.153864 Y0.000000 Z0.000000
G1 F743.340354 X6.141475 Y0.000000 Z0.000000
G1 F744.249562 X6.129071 Y0.000000 Z0.000000
G1 F745.156935 X6.116651 Y0.000000 Z0.000000
G1 F746.062468 X6.104217 Y0.000000 Z0.000000
G1 F746.966161 X6.091767 Y0.000000 Z0.000000
G1 F747.868011 X6.079303 Y0.000000 Z0.000000
G1 F748.768016 X6.066824 Y0.000000 Z0.000000
G1 F749.666173 X6.054329 Y0.000000 Z0.000000
G1 F750.562480 X6.041820 Y0.000000 Z0.000000
G1 F751.456935 X6.029295 Y0.000000 Z0.000000
G1 F752.349537 X6.016756 Y0.000000 Z0.000000
G1 F753.240281 X6.004202 Y0.000000 Z0.000000
G1 F754.129168 X5.991633 Y0.000000 Z0.000000
G1 F755.016193 X5.979050 Y0.000000 Z0.000000
G1 F755.901356 X5.966451 Y0.000000 Z0.000000
G1 F756.784654 X5.953838 Y0.000000 Z0.000000
G1 F757.666084 X5.941211 Y0.000000 Z0.000000
G1 F758.545645 X5.928568 Y0.000000 Z0.000000
G1 F759.423334 X5.915911 Y0.000000 Z0.000000
G1 F760.299149 X5.903239 Y0.000000 Z0.000000
G1 F761.173089 X5.890553 Y0.000000 Z0.000000
G1 F762.045150 X5.877853 Y0.000000 Z0.000000
G1 F762.915331 X5.865137 Y0.000000 Z0.000000
G1 F763.783629 X5.852408 Y0.000000 Z0.000000
G1 F764.650043 X5.839663 Y0.000000 Z0.000000
G1 F765.514571 X5.826905 Y0.000000 Z0.000000
G1 F766.377209 X5.814132 Y0.000000 Z0.000000
G1 F767.237957 X5.801345 Y0.000000 Z0.000000
G1 F768.096811 X5.788543 Y0.000000 Z0.000000
G1 F768.953771 X5.775727 Y0.000000 Z0.000000
G1 F769.808832 X5.762897 Y0.000000 Z0.000000
G1 F770.661995 X5.750053 Y0.000000 Z0.000000
G1 F771.513256 X5.737194 Y0.000000 Z0.000000
G1 F772.362613 X5.724321 Y0.000000 Z0.000000
G1 F773.210065 X5.711434 Y0.000000 Z0.000000
G1 F774.055609 X5.698533 Y0.000000 Z0.000000
G1 F774.899243 X5.685619 Y0.000000 Z0.000000
G1 F775.740965 X5.672689 Y0.000000 Z0.000000
G1 F776.580772 X5.659746 Y0.000000 Z0.000000
G1 F777.418664 X5.646790 Y0.000000 Z0.000000
G1 F778.254638 X5.633819 Y0.000000 Z0.000000
G1 F779.088691 X5.620834 Y0.000000 Z0.000000
G1 F779.920822 X5.607835 Y0.000000 Z0.000000
G1 F780.751028 X5.594823 Y0.000000 Z0.000000
G1 F781.579308 X5.581796 Y0.000000 Z0.000000
G1 F782.405660 X5.568756 Y0.000000 Z0.000000
G1 F783.230081 X5.555702 Y0.000000 Z0.000000
G1 F784.052570 X5.542635 Y0.000000 Z0.000000
G1 F784.873124 X5.529554 Y0.000000 Z0.000000
G1 F785.691741 X5.516459 Y0.000000 Z0.000000
G1 F786.508420 X5.503350 Y0.000000 Z0.000000
G1 F787.323158 X5.490228 Y0.000000 Z0.000000
G1 F788.135954 X5.477093 Y0.000000 Z0.000000
G1 F788.946805 X5.463943 Y0.000000 Z0.000000
G1 F789.755709 X5.450781 Y0.000000 Z0.000000
G1 F790.562664 X5.437605 Y0.000000 Z0.000000
G1 F791.367669 X5.424415 Y0.000000 Z0.000000
G1 F792.170722 X5.411213 Y0.000000 Z0.000000
G1 F792.971819 X5.397996 Y0.000000 Z0.000000
G1 F793.770961 X5.384767 Y0.000000 Z0.000000
G1 F794.568143 X5.371524 Y0.000000 Z0.000000
G1 F795.363365 X5.358268 Y0.000000 Z0.000000
G1 F796.156625 X5.344999 Y0.000000 Z0.000000
G1 F796.947920 X5.331716 Y0.000000 Z0.000000
G1 F797.737249 X5.318421 Y0.000000 Z0.000000
G1 F798.524609 X5.305112 Y0.000000 Z0.000000
G1 F799.310000 X5.291790 Y0.000000 Z0.000000
G1 F800.093417 X5.278455 Y0.000000 Z0.000000
G1 F800.874861 X5.265107 Y0.000000 Z0.000000
G1 F801.654329 X5.251746 Y0.000000 Z0.000000
G1 F802.431819 X5.238372 Y0.000000 Z0.000000
G1 F803.207329 X5.224986 Y0.000000 Z0.000000
G1 F803.980856 X5.211586 Y0.000000 Z0.000000
G1 F804.752401 X5.198173 Y0.000000 Z0.000000
G1 F805.521959 X5.184748 Y0.000000 Z0.000000
G1 F806.289530 X5.171310 Y0.000000 Z0.000000
G1 F807.055112 X5.157859 Y0.000000 Z0.000000
G1 F807.818702 X5.144395 Y0.000000 Z0.000000
G1 F808.580299 X5.130919 Y0.000000 Z0.000000
G1 F809.339901 X5.117430 Y0.000000 Z0.000000
G1 F810.097506 X5.103928 Y0.000000 Z0.000000
G1 F810.853112 X5.090414 Y0.000000 Z0.000000
G1 F811.606718 X5.076887 Y0.000000 Z0.000000
G1 F812.358321 X5.063348 Y0.000000 Z0.000000
G1 F813.107919 X5.049796 Y0.000000 Z0.000000
G1 F813.855511 X5.036232 Y0.000000 Z0.000000
G1 F814.601095 X5.022655 Y0.000000 Z0.000000
G1 F815.344670 X5.009066 Y0.000000 Z0.000000
G1 F816.086232 X4.995465 Y0.000000 Z0.000000
G1 F816.825781 X4.981851 Y0.000000 Z0.000000
G1 F817.563314 X4.968225 Y0.000000 Z0.000000
G1 F818.298830 X4.954587 Y0.000000 Z0.000000
G1 F819.032327 X4.940936 Y0.000000 Z0.000000
G1 F819.763803 X4.927273 Y0.000000 Z0.000000
G1 F820.493257 X4.913599 Y0.000000 Z0.000000
G1 F821.220686 X4.899912 Y0.000000 Z0.000000
G1 F821.946088 X4.886212 Y0.000000 Z0.000000
G1 F822.669463 X4.872501 Y0.000000 Z0.000000
G1 F823.390808 X4.858778 Y0.000000 Z0.000000
G1 F824.110121 X4.845043 Y0.000000 Z0.000000
G1 F824.827401 X4.831296 Y0.000000 Z0.000000
G1 F825.542645 X4.817537 Y0.000000 Z0.000000
G1 F826.255853 X4.803766 Y0.000000 Z0.000000
G1 F826.967022 X4.789983 Y0.000000 Z0.000000
G1 F827.676150 X4.776188 Y0.000000 Z0.000000
G1 F828.383236 X4.762382 Y0.000000 Z0.000000
G1 F829.088278 X4.748564 Y0.000000 Z0.000000
G1 F829.791275 X4.734734 Y0.000000 Z0.000000
G1 F830.492224 X4.720893 Y0.000000 Z0.000000
G1 F831.191124 X4.707039 Y0.000000 Z0.000000
G1 F831.887973 X4.693175 Y0.000000 Z0.000000
G1 F832.582770 X4.679298 Y0.000000 Z0.000000
G1 F833.275512 X4.665410 Y0.000000 Z0.000000
G1 F833.966198 X4.651511 Y0.000000 Z0.000000
G1 F834.654826 X4.637600 Y0.000000 Z0.000000
G1 F835.341395 X4.623678 Y0.000000 Z0.000000
G1 F836.025903 X4.609744 Y0.000000 Z0.000000
G1 F836.708348 X4.595799 Y0.000000 Z0.000000
G1 F837.388729 X4.581842 Y0.000000 Z0.000000
G1 F838.067043 X4.567874 Y0.000000 Z0.000000
G1 F838.743290 X4.553895 Y0.000000 Z0.000000
G1 F839.417467 X4.539905 Y0.000000 Z0.000000
G1 F840.089573 X4.525904 Y0.000000 Z0.000000
G1 F840.759606 X4.511891 Y0.000000 Z0.000000
G1 F841.427564 X4.497867 Y0.000000 Z0.000000
G1 F842.093447 X4.483832 Y0.000000 Z0.000000
G1 F842.757251 X4.469786 Y0.000000 Z0.000000
G1 F843.418977 X4.455729 Y0.000000 Z0.000000
G1 F844.078621 X4.441661 Y0.000000 Z0.000000
G1 F844.736182 X4.427582 Y0.000000 Z0.000000
G1 F845.391659 X4.413492 Y0.000000 Z0.000000
G1 F846.045051 X4.399392 Y0.000000 Z0.000000
G1 F846.696354 X4.385280 Y0.000000 Z0.000000
G1 F847.345569 X4.371158 Y0.000000 Z0.000000
G1 F847.992693 X4.357024 Y0.000000 Z0.000000
G1 F848.637724 X4.342880 Y0.000000 Z0.000000
G1 F849.280662 X4.328726 Y0.000000 Z0.000000
G1 F849.921504 X4.314560 Y0.000000 Z0.000000
G1 F850.560249 X4.300384 Y0.000000 Z0.000000
G1 F851.196895 X4.286198 Y0.000000 Z0.000000
G1 F851.831441 X4.272001 Y0.000000 Z0.000000
G1 F852.463885 X4.257793 Y0.000000 Z0.000000
G1 F853.094226 X4.243575 Y0.000000 Z0.000000
G1 F853.722462 X4.229346 Y0.000000 Z0.000000
G1 F854.348591 X4.215107 Y0.000000 Z0.000000
G1 F854.972613 X4.200857 Y0.000000 Z0.000000
G1 F855.594525 X4.186597 Y0.000000 Z0.000000
G1 F856.214325 X4.172327 Y0.000000 Z0.000000
G1 F856.832014 X4.158047 Y0.000000 Z0.000000
G1 F857.447588 X4.143756 Y0.000000 Z0.000000
G1 F858.061046 X4.129455 Y0.000000 Z0.000000
G1 F858.672387 X4.115144 Y0.000000 Z0.000000
G1 F859.281609 X4.100822 Y0.000000 Z0.000000
G1 F859.888712 X4.086491 Y0.000000 Z0.000000
G1 F860.493692 X4.072149 Y0.000000 Z0.000000
G1 F861.096550 X4.057798 Y0.000000 Z0.000000
G1 F861.697282 X4.043436 Y0.000000 Z0.000000
G1 F862.295889 X4.029064 Y0.000000 Z0.000000
G1 F862.892368 X4.014683 Y0.000000 Z0.000000
G1 F863.486718 X4.000291 Y0.000000 Z0.000000
G1 F864.078937 X3.985890 Y0.000000 Z0.000000
G1 F864.669024 X3.971479 Y0.000000 Z0.000000
G1 F865.256978 X3.957058 Y0.000000 Z0.000000
G1 F865.842797 X3.942627 Y0.000000 Z0.000000
G1 F866.426479 X3.928187 Y0.000000 Z0.000000
G1 F867.008024 X3.913737 Y0.000000 Z0.000000
G1 F867.587429 X3.899277 Y0.000000 Z0.000000
G1 F868.164694 X3.884807 Y0.000000 Z0.000000
G1 F868.739817 X3.870328 Y0.000000 Z0.000000
G1 F869.312796 X3.855840 Y0.000000 Z0.000000
G1 F869.883630 X3.841342 Y0.000000 Z0.000000
G1 F870.452318 X3.826834 Y0.000000 Z0.000000
G1 F871.018858 X3.812317 Y0.000000 Z0.000000
G1 F871.583248 X3.797791 Y0.000000 Z0.000000
G1 F872.145489 X3.783255 Y0.000000 Z0.000000
G1 F872.705577 X3.768710 Y0.000000 Z0.000000
G1 F873.263512 X3.754156 Y0.000000 Z0.000000
G1 F873.819292 X3.739592 Y0.000000 Z0.000000
G1 F874.372917 X3.725019 Y0.000000 Z0.000000
G1 F874.924384 X3.710437 Y0.000000 Z0.000000
G1 F875.473692 X3.695846 Y0.000000 Z0.000000
G1 F876.020840 X3.681246 Y0.000000 Z0.000000
G1 F876.565826 X3.666636 Y0.000000 Z0.000000
G1 F877.108650 X3.652018 Y0.000000 Z0.000000
G1 F877.649309 X3.637390 Y0.000000 Z0.000000
G1 F878.187803 X3.622754 Y0.000000 Z0.000000
G1 F878.724130 X3.608108 Y0.000000 Z0.000000
G1 F879.258289 X3.593454 Y0.000000 Z0.000000
G1 F879.790278 X3.578791 Y0.000000 Z0.000000
G1 F880.320097 X3.564119 Y0.000000 Z0.000000
G1 F880.847744 X3.549438 Y0.000000 Z0.000000
G1 F881.373217 X3.534748 Y0.000000 Z0.000000
G1 F881.896515 X3.520050 Y0.000000 Z0.000000
G1 F882.417638 X3.505343 Y0.000000 Z0.000000
G1 F882.936583 X3.490628 Y0.000000 Z0.000000
G1 F883.453349 X3.475903 Y0.000000 Z0.000000
G1 F883.967936 X3.461171 Y0.000000 Z0.000000
G1 F884.480342 X3.446429 Y0.000000 Z0.000000
G1 F884.990565 X3.431679 Y0.000000 Z0.000000
G1 F885.498605 X3.416921 Y0.000000 Z0.000000
G1 F886.004460 X3.402154 Y0.000000 Z0.000000
G1 F886.508128 X3.387379 Y0.000000 Z0.000000
G1 F887.009609 X3.372596 Y0.000000 Z0.000000
G1 F887.508902 X3.357804 Y0.000000 Z0.000000
G1 F888.006005 X3.343004 Y0.000000 Z0.000000
G1 F888.500917 X3.328195 Y0.000000 Z0.000000
G1 F888.993636 X3.313379 Y0.000000 Z0.000000
G1 F889.484162 X3.298554 Y0.000000 Z0.000000
G1 F889.972493 X3.283721 Y0.000000 Z0.000000
G1 F890.458629 X3.268880 Y0.000000 Z0.000000
G1 F890.942567 X3.254031 Y0.000000 Z0.000000
G1 F891.424307 X3.239174 Y0.000000 Z0.000000
G1 F891.903847 X3.224309 Y0.000000 Z0.000000
G1 F892.381187 X3.209436 Y0.000000 Z0.000000
G1 F892.856325 X3.194555 Y0.000000 Z0.000000
G1 F893.329260 X3.179666 Y0.000000 Z0.000000
G1 F893.799990 X3.164770 Y0.000000 Z0.000000
G1 F894.268516 X3.149865 Y0.000000 Z0.000000
G1 F894.734835 X3.134953 Y0.000000 Z0.000000
G1 F895.198946 X3.120033 Y0.000000 Z0.000000
G1 F895.660848 X3.105105 Y0.000000 Z0.000000
G1 F896.120540 X3.090170 Y0.000000 Z0.000000
G1 F896.578021 X3.075227 Y0.000000 Z0.000000
G1 F897.033290 X3.060276 Y0.000000 Z0.000000
G1 F897.486346 X3.045318 Y0.000000 Z0.000000
G1 F897.937187 X3.030353 Y0.000000 Z0.000000
G1 F898.385813 X3.015380 Y0.000000 Z0.000000
G1 F898.832222 X3.000399 Y0.000000 Z0.000000
G1 F899.276413 X2.985411 Y0.000000 Z0.000000
G1 F899.718385 X2.970416 Y0.000000 Z0.000000
G1 F900.158138 X2.955413 Y0.000000 Z0.000000
G1 F900.595669 X2.940403 Y0.000000 Z0.000000
G1 F901.030978 X2.925386 Y0.000000 Z0.000000
G1 F901.464064 X2.910362 Y0.000000 Z0.000000
G1 F901.894926 X2.895330 Y0.000000 Z0.000000
G1 F902.323562 X2.880291 Y0.000000 Z0.000000
G1 F902.749972 X2.865246 Y0.000000 Z0.000000
G1 F903.174155 X2.850193 Y0.000000 Z0.000000
G1 F903.596109 X2.835133 Y0.000000 Z0.000000
G1 F904.015833 X2.820066 Y0.000000 Z0.000000
G1 F904.433327 X2.804992 Y0.000000 Z0.000000
G1 F904.848589 X2.789911 Y0.000000 Z0.000000
G1 F905.261619 X2.774823 Y0.000000 Z0.000000
G1 F905.672415 X2.759729 Y0.000000 Z0.000000
G1 F906.080977 X2.744627 Y0.000000 Z0.000000
G1 F906.487302 X2.729519 Y0.000000 Z0.000000
G1 F906.891391 X2.714404 Y0.000000 Z0.000000
G1 F907.293243 X2.699283 Y0.000000 Z0.000000
G1 F907.692855 X2.684155 Y0.000000 Z0.000000
G1 F908.090229 X2.669020 Y0.000000 Z0.000000
G1 F908.485361 X2.653878 Y0.000000 Z0.000000
G1 F908.878252 X2.638730 Y0.000000 Z0.000000
G1 F909.268900 X2.623576 Y0.000000 Z0.000000
G1 F909.657305 X2.608415 Y0.000000 Z0.000000
G1 F910.043465 X2.593248 Y0.000000 Z0.000000
G1 F910.427380 X2.578074 Y0.000000 Z0.000000
G1 F910.809049 X2.562894 Y0.000000 Z0.000000
G1 F911.188470 X2.547707 Y0.000000 Z0.000000
G1 F911.565643 X2.532514 Y0.000000 Z0.000000
G1 F911.940566 X2.517315 Y0.000000 Z0.000000
G1 F912.313240 X2.502110 Y0.000000 Z0.000000
G1 F912.683662 X2.486899 Y0.000000 Z0.000000
G1 F913.051833 X2.471681 Y0.000000 Z0.000000
G1 F913.417751 X2.456458 Y0.000000 Z0.000000
G1 F913.781414 X2.441228 Y0.000000 Z0.000000
G1 F914.142824 X2.425992 Y0.000000 Z0.000000
G1 F914.501977 X2.410751 Y0.000000 Z0.000000
G1 F914.858875 X2.395503 Y0.000000 Z0.000000
G1 F915.213515 X2.380249 Y0.000000 Z0.000000
G1 F915.565896 X2.364990 Y0.000000 Z0.000000
G1 F915.916019 X2.349725 Y0.000000 Z0.000000
G1 F916.263882 X2.334454 Y0.000000 Z0.000000
G1 F916.609484 X2.319177 Y0.000000 Z0.000000
G1 F916.952824 X2.303894 Y0.000000 Z0.000000
G1 F917.293902 X2.288606 Y0.000000 Z0.000000
G1 F917.632716 X2.273312 Y0.000000 Z0.000000
G1 F917.969267 X2.258013 Y0.000000 Z0.000000
G1 F918.303552 X2.242708 Y0.000000 Z0.000000
G1 F918.635571 X2.227397 Y0.000000 Z0.000000
G1 F918.965324 X2.212081 Y0.000000 Z0.000000
G1 F919.292810 X2.196759 Y0.000000 Z0.000000
G1 F919.618027 X2.181432 Y0.000000 Z0.000000
G1 F919.940975 X2.166100 Y0.000000 Z0.000000
G1 F920.261653 X2.150762 Y0.000000 Z0.000000
G1 F920.580060 X2.135419 Y0.000000 Z0.000000
G1 F920.896197 X2.120071 Y0.000000 Z0.000000
G1 F921.210060 X2.104718 Y0.000000 Z0.000000
G1 F921.521651 X2.089359 Y0.000000 Z0.000000
G1 F921.830968 X2.073995 Y0.000000 Z0.000000
G1 F922.138011 X2.058626 Y0.000000 Z0.000000
G1 F922.442778 X2.043252 Y0.000000 Z0.000000
G1 F922.745270 X2.027873 Y0.000000 Z0.000000
G1 F923.045484 X2.012489 Y0.000000 Z0.000000
G1 F923.343421 X1.997100 Y0.000000 Z0.000000
G1 F923.639080 X1.981706 Y0.000000 Z0.000000
G1 F923.932460 X1.966307 Y0.000000 Z0.000000
G1 F924.223560 X1.950903 Y0.000000 Z0.000000
G1 F924.512379 X1.935495 Y0.000000 Z0.000000
G1 F924.798918 X1.920081 Y0.000000 Z0.000000
G1 F925.083174 X1.904663 Y0.000000 Z0.000000
G1 F925.365148 X1.889241 Y0.000000 Z0.000000
G1 F925.644839 X1.873813 Y0.000000 Z0.000000
G1 F925.922246 X1.858381 Y0.000000 Z0.000000
G1 F926.197368 X1.842944 Y0.000000 Z0.000000
G1 F926.470205 X1.827503 Y0.000000 Z0.000000
G1 F926.740756 X1.812058 Y0.000000 Z0.000000
G1 F927.009020 X1.796607 Y0.000000 Z0.000000
G1 F927.274997 X1.781153 Y0.000000 Z0.000000
G1 F927.538686 X1.765694 Y0.000000 Z0.000000
G1 F927.800087 X1.750231 Y0.000000 Z0.000000
G1 F928.059198 X1.734763 Y0.000000 Z0.000000
G1 F928.316019 X1.719291 Y0.000000 Z0.000000
G1 F928.570550 X1.703815 Y0.000000 Z0.000000
G1 F928.822790 X1.688334 Y0.000000 Z0.000000
G1 F929.072738 X1.672850 Y0.000000 Z0.000000
G1 F929.320393 X1.657361 Y0.000000 Z0.000000
G1 F929.565756 X1.641868 Y0.000000 Z0.000000
G1 F929.808824 X1.626372 Y0.000000 Z0.000000
G1 F930.049599 X1.610871 Y0.000000 Z0.000000
G1 F930.288079 X1.595366 Y0.000000 Z0.000000
G1 F930.524263 X1.579857 Y0.000000 Z0.000000
G1 F930.758152 X1.564345 Y0.000000 Z0.000000
G1 F930.989744 X1.548828 Y0.000000 Z0.000000
G1 F931.219038 X1.533308 Y0.000000 Z0.000000
G1 F931.446035 X1.517784 Y0.000000 Z0.000000
G1 F931.670734 X1.502256 Y0.000000 Z0.000000
G1 F931.893134 X1.486724 Y0.000000 Z0.000000
G1 F932.113235 X1.471189 Y0.000000 Z0.000000
G1 F932.331036 X1.455650 Y0.000000 Z0.000000
G1 F932.546536 X1.440108 Y0.000000 Z0.000000
G1 F932.759735 X1.424562 Y0.000000 Z0.000000
G1 F932.970633 X1.409012 Y0.000000 Z0.000000
G1 F933.179229 X1.393459 Y0.000000 Z0.000000
G1 F933.385523 X1.377903 Y0.000000 Z0.000000
G1 F933.589513 X1.362343 Y0.000000 Z0.000000
G1 F933.791200 X1.346780 Y0.000000 Z0.000000
G1 F933.990582 X1.331213 Y0.000000 Z0.000000
G1 F934.187661 X1.315644 Y0.000000 Z0.000000
G1 F934.382434 X1.300071 Y0.000000 Z0.000000
G1 F934.574901 X1.284494 Y0.000000 Z0.000000
G1 F934.765063 X1.268915 Y0.000000 Z0.000000
G1 F934.952918 X1.253332 Y0.000000 Z0.000000
G1 F935.138467 X1.237747 Y0.000000 Z0.000000
G1 F935.321708 X1.222158 Y0.000000 Z0.000000
G1 F935.502641 X1.206566 Y0.000000 Z0.000000
G1 F935.681266 X1.190972 Y0.000000 Z0.000000
G1 F935.857582 X1.175374 Y0.000000 Z0.000000
G1 F936.031589 X1.159773 Y0.000000 Z0.000000
G1 F936.203287 X1.144170 Y0.000000 Z0.000000
G1 F936.372674 X1.128564 Y0.000000 Z0.000000
G1 F936.539752 X1.112955 Y0.000000 Z0.000000
G1 F936.704518 X1.097343 Y0.000000 Z0.000000
G1 F936.866973 X1.081729 Y0.000000 Z0.000000
G1 F937.027116 X1.066112 Y0.000000 Z0.000000
G1 F937.184948 X1.050492 Y0.000000 Z0.000000
G1 F937.340467 X1.034869 Y0.000000 Z0.000000
G1 F937.493673 X1.019245 Y0.000000 Z0.000000
G1 F937.644566 X1.003617 Y0.000000 Z0.000000
G1 F937.793146 X0.987987 Y0.000000 Z0.000000
G1 F937.939411 X0.972355 Y0.000000 Z0.000000
G1 F938.083363 X0.956720 Y0.000000 Z0.000000
G1 F938.225000 X0.941083 Y0.000000 Z0.000000
G1 F938.364321 X0.925444 Y0.000000 Z0.000000
G1 F938.501328 X0.909802 Y0.000000 Z0.000000
G1 F938.636018 X0.894158 Y0.000000 Z0.000000
G1 F938.768393 X0.878512 Y0.000000 Z0.000000
G1 F938.898452 X0.862864 Y0.000000 Z0.000000
G1 F939.026194 X0.847213 Y0.000000 Z0.000000
G1 F939.151618 X0.831561 Y0.000000 Z0.000000
G1 F939.274726 X0.815906 Y0.000000 Z0.000000
G1 F939.395516 X0.800250 Y0.000000 Z0.000000
G1 F939.513988 X0.784591 Y0.000000 Z0.000000
G1 F939.630142 X0.768930 Y0.000000 Z0.000000
G1 F939.743978 X0.753268 Y0.000000 Z0.000000
G1 F939.855495 X0.737604 Y0.000000 Z0.000000
G1 F939.964692 X0.721938 Y0.000000 Z0.000000
G1 F940.071571 X0.706270 Y0.000000 Z0.000000
G1 F940.176130 X0.690600 Y0.000000 Z0.000000
G1 F940.278369 X0.674929 Y0.000000 Z0.000000
G1 F940.378289 X0.659256 Y0.000000 Z0.000000
G1 F940.475887 X0.643581 Y0.000000 Z0.000000
G1 F940.571166 X0.627905 Y0.000000 Z0.000000
G1 F940.664123 X0.612227 Y0.000000 Z0.000000
G1 F940.754760 X0.596548 Y0.000000 Z0.000000
G1 F940.843075 X0.580867 Y0.000000 Z0.000000
G1 F940.929069 X0.565185 Y0.000000 Z0.000000
G1 F941.012742 X0.549502 Y0.000000 Z0.000000
G1 F941.094092 X0.533817 Y0.000000 Z0.000000
G1 F941.173121 X0.518131 Y0.000000 Z0.000000
G1 F941.249827 X0.502443 Y0.000000 Z0.000000
G1 F941.324210 X0.486754 Y0.000000 Z0.000000
G1 F941.396272 X0.471065 Y0.000000 Z0.000000
G1 F941.466010 X0.455373 Y0.000000 Z0.000000
G1 F941.533425 X0.439681 Y0.000000 Z0.000000
G1 F941.598517 X0.423988 Y0.000000 Z0.000000
G1 F941.661286 X0.408294 Y0.000000 Z0.000000
G1 F941.721732 X0.392598 Y0.000000 Z0.000000
G1 F941.779853 X0.376902 Y0.000000 Z0.000000
G1 F941.835652 X0.361205 Y0.000000 Z0.000000
G1 F941.889126 X0.345506 Y0.000000 Z0.000000
G1 F941.940276 X0.329807 Y0.000000 Z0.000000
G1 F941.989102 X0.314108 Y0.000000 Z0.000000
G1 F942.035604 X0.298407 Y0.000000 Z0.000000
G1 F942.079781 X0.282706 Y0.000000 Z0.000000
G1 F942.121634 X0.267004 Y0.000000 Z0.000000
G1 F942.161162 X0.251301 Y0.000000 Z0.000000
G1 F942.198366 X0.235598 Y0.000000 Z0.000000
G1 F942.233245 X0.219894 Y0.000000 Z0.000000
G1 F942.265799 X0.204189 Y0.000000 Z0.000000
G1 F942.296028 X0.188484 Y0.000000 Z0.000000
G1 F942.323932 X0.172779 Y0.000000 Z0.000000
G1 F942.349511 X0.157073 Y0.000000 Z0.000000
G1 F942.372764 X0.141367 Y0.000000 Z0.000000
G1 F942.393693 X0.125660 Y0.000000 Z0.000000
G1 F942.412296 X0.109954 Y0.000000 Z0.000000
G1 F942.428574 X0.094246 Y0.000000 Z0.000000
G1 F942.442527 X0.078539 Y0.000000 Z0.000000
G1 F942.454154 X0.062831 Y0.000000 Z0.000000
G1 F942.463456 X0.047124 Y0.000000 Z0.000000
G1 F942.470432 X0.031416 Y0.000000 Z0.000000
G1 F942.475083 X0.015708 Y0.000000 Z0.000000
G1 F942.477408 X0.000000 Y0.000000 Z0.000000
G1 F942.477408 X-0.015708 Y0.000000 Z0.000000
G1 F942.475083 X-0.031416 Y0.000000 Z0.000000
G1 F942.470432 X-0.047124 Y0.000000 Z0.000000
G1 F942.463456 X-0.062831 Y0.000000 Z0.000000
G1 F942.454154 X-0.078539 Y0.000000 Z0.000000
G1 F942.442527 X-0.094246 Y0.000000 Z0.000000
G1 F942.428574 X-0.109954 Y0.000000 Z0.000000
G1 F942.412296 X-0.125660 Y0.000000 Z0.000000
G1 F942.393693 X-0.141367 Y0.000000 Z0.000000
G1 F942.372764 X-0.157073 Y0.000000 Z0.000000
G1 F942.349511 X-0.172779 Y0.000000 Z0.000000
G1 F942.323932 X-0.188484 Y0.000000 Z0.000000
G1 F942.296028 X-0.204189 Y0.000000 Z0.000000
G1 F942.265799 X-0.219894 Y0.000000 Z0.000000
G1 F942.233245 X-0.235598 Y0.000000 Z0.000000
G1 F942.198366 X-0.251301 Y0.000000 Z0.000000
G1 F942.161162 X-0.267004 Y0.000000 Z0.000000
G1 F942.121634 X-0.282706 Y0.000000 Z0.000000
G1 F942.079781 X-0.298407 Y0.000000 Z0.000000
G1 F942.035604 X-0.314108 Y0.000000 Z0.000000
G1 F941.989102 X-0.329807 Y0.000000 Z0.000000
G1 F941.940276 X-0.345506 Y0.000000 Z0.000000
G1 F941.889126 X-0.361205 Y0.000000 Z0.000000
G1 F941.835652 X-0.376902 Y0.000000 Z0.000000
G1 F941.779853 X-0.392598 Y0.000000 Z0.000000
G1 F941.721732 X-0.408294 Y0.000000 Z0.000000
G1 F941.661286 X-0.423988 Y0.000000 Z0.000000
G1 F941.598517 X-0.439681 Y0.000000 Z0.000000
G1 F941.533425 X-0.455373 Y0.000000 Z0.000000
G1 F941.466010 X-0.471065 Y0.000000 Z0.000000
G1 F941.396272 X-0.486754 Y0.000000 Z0.000000
G1 F941.324210 X-0.502443 Y0.000000 Z0.000000
G1 F941.249827 X-0.518131 Y0.000000 Z0.000000
G1 F941.173121 X-0.533817 Y0.000000 Z0.000000
G1 F941.094092 X-0.549502 Y0.000000 Z0.000000
G1 F941.012742 X-0.565185 Y0.000000 Z0.000000
G1 F940.929069 X-0.580867 Y0.000000 Z0.000000
G1 F940.843075 X-0.596548 Y0.000000 Z0.000000
G1 F940.754760 X-0.612227 Y0.000000 Z0.000000
G1 F940.664123 X-0.627905 Y0.000000 Z0.000000
G1 F940.571166 X-0.643581 Y0.000000 Z0.000000
G1 F940.475887 X-0.659256 Y0.000000 Z0.000000
G1 F940.378289 X-0.674929 Y0.000000 Z0.000000
G1 F940.278369 X-0.690600 Y0.000000 Z0.000000
G1 F940.176130 X-0.706270 Y0.000000 Z0.000000
G1 F940.071571 X-0.721938 Y0.000000 Z0.000000
G1 F939.964692 X-0.737604 Y0.000000 Z0.000000
G1 F939.855495 X-0.753268 Y0.000000 Z0.000000
G1 F939.743978 X-0.768930 Y0.000000 Z0.000000
G1 F939.630142 X-0.784591 Y0.000000 Z0.000000
G1 F939.513988 X-0.800250 Y0.000000 Z0.000000
G1 F939.395516 X-0.815906 Y0.000000 Z0.000000
G1 F939.274726 X-0.831561 Y0.000000 Z0.000000
G1 F939.151618 X-0.847213 Y0.000000 Z0.000000
G1 F939.026194 X-0.862864 Y0.000000 Z0.000000
G1 F938.898452 X-0.878512 Y0.000000 Z0.000000
G1 F938.768393 X-0.894158 Y0.000000 Z0.000000
G1 F938.636018 X-0.909802 Y0.000000 Z0.000000
G1 F938.501328 X-0.925444 Y0.000000 Z0.000000
G1 F938.364321 X-0.941083 Y0.000000 Z0.000000
G1 F938.225000 X-0.956720 Y0.000000 Z0.000000
G1 F938.083363 X-0.972355 Y0.000000 Z0.000000
G1 F937.939411 X-0.987987 Y0.000000 Z0.000000
G1 F937.793146 X-1.003617 Y0.000000 Z0.000000
G1 F937.644566 X-1.019245 Y0.000000 Z0.000000
G1 F937.493673 X-1.034869 Y0.000000 Z0.000000
G1 F937.340467 X-1.050492 Y0.000000 Z0.000000
G1 F937.184948 X-1.066112 Y0.000000 Z0.000000
G1 F937.027116 X-1.081729 Y0.000000 Z0.000000
G1 F936.866973 X-1.097343 Y0.000000 Z0.000000
G1 F936.704518 X-1.112955 Y0.000000 Z0.000000
G1 F936.539752 X-1.128564 Y0.000000 Z0.000000
G1 F936.372674 X-1.144170 Y0.000000 Z0.000000
G1 F936.203287 X-1.159773 Y0.000000 Z0.000000
G1 F936.031589 X-1.175374 Y0.000000 Z0.000000
G1 F935.857582 X-1.190972 Y0.000000 Z0.000000
G1 F935.681266 X-1.206566 Y0.000000 Z0.000000
G1 F935.502641 X-1.222158 Y0.000000 Z0.000000
G1 F935.321708 X-1.237747 Y0.000000 Z0.000000
G1 F935.138467 X-1.253332 Y0.000000 Z0.000000
G1 F934.952918 X-1.268915 Y0.000000 Z0.000000
G1 F934.765063 X-1.284494 Y0.000000 Z0.000000
G1 F934.574901 X-1.300071 Y0.000000 Z0.000000
G1 F934.382434 X-1.315644 Y0.000000 Z0.000000
G1 F934.187661 X-1.331213 Y0.000000 Z0.000000
G1 F933.990582 X-1.346780 Y0.000000 Z0.000000
G1 F933.791200 X-1.362343 Y0.000000 Z0.000000
G1 F933.589513 X-1.377903 Y0.000000 Z0.000000
G1 F933.385523 X-1.393459 Y0.000000 Z0.000000
G1 F933.179229 X-1.409012 Y0.000000 Z0.000000
G1 F932.970633 X-1.424562 Y0.000000 Z0.000000
G1 F932.759735 X-1.440108 Y0.000000 Z0.000000
G1 F932.546536 X-1.455650 Y0.000000 Z0.000000
G1 F932.331036 X-1.471189 Y0.000000 Z0.000000
G1 F932.113235 X-1.486724 Y0.000000 Z0.000000
G1 F931.893134 X-1.502256 Y0.000000 Z0.000000
G1 F931.670734 X-1.517784 Y0.000000 Z0.000000
G1 F931.446035 X-1.533308 Y0.000000 Z0.000000
G1 F931.219038 X-1.548828 Y0.000000 Z0.000000
G1 F930.989744 X-1.564345 Y0.000000 Z0.000000
G1 F930.758152 X-1.579857 Y0.000000 Z0.000000
G1 F930.524263 X-1.595366 Y0.000000 Z0.000000
G1 F930.288079 X-1.610871 Y0.000000 Z0.000000
G1 F930.049599 X-1.626372 Y0.000000 Z0.000000
G1 F929.808824 X-1.641868 Y0.000000 Z0.000000
G1 F929.565756 X-1.657361 Y0.000000 Z0.000000
G1 F929.320393 X-1.672850 Y0.000000 Z0.000000
G1 F929.072738 X-1.688334 Y0.000000 Z0.000000
G1 F928.822790 X-1.703815 Y0.000000 Z0.000000
G1 F928.570550 X-1.719291 Y0.000000 Z0.000000
G1 F928.316019 X-1.734763 Y0.000000 Z0.000000
G1 F928.059198 X-1.750231 Y0.000000 Z0.000000
G1 F927.800087 X-1.765694 Y0.000000 Z0.000000
G1 F927.538686 X-1.781153 Y0.000000 Z0.000000
G1 F927.274997 X-1.796607 Y0.000000 Z0.000000
G1 F927.009020 X-1.812058 Y0.000000 Z0.000000
G1 F926.740756 X-1.827503 Y0.000000 Z0.000000
G1 F926.470205 X-1.842944 Y0.000000 Z0.000000
G1 F926.197368 X-1.858381 Y0.000000 Z0.000000
G1 F925.922246 X-1.873813 Y0.000000 Z0.000000
G1 F925.644839 X-1.889241 Y0.000000 Z0.000000
G1 F925.365148 X-1.904663 Y0.000000 Z0.000000
G1 F925.083174 X-1.920081 Y0.000000 Z0.000000
G1 F924.798918 X-1.935495 Y0.000000 Z0.000000
G1 F924.512379 X-1.950903 Y0.000000 Z0.000000
G1 F924.223560 X-1.966307 Y0.000000 Z0.000000
G1 F923.932460 X-1.981706 Y0.000000 Z0.000000
G1 F923.639080 X-1.997100 Y0.000000 Z0.000000
G1 F923.343421 X-2.012489 Y0.000000 Z0.000000
G1 F923.045484 X-2.027873 Y0.000000 Z0.000000
G1 F922.745270 X-2.043252 Y0.000000 Z0.000000
G1 F922.442778 X-2.058626 Y0.000000 Z0.000000
G1 F922.138011 X-2.073995 Y0.000000 Z0.000000
G1 F921.830968 X-2.089359 Y0.000000 Z0.000000
G1 F921.521651 X-2.104718 Y0.000000 Z0.000000
G1 F921.210060 X-2.120071 Y0.000000 Z0.000000
G1 F920.896197 X-2.135419 Y0.000000 Z0.000000
G1 F920.580060 X-2.150762 Y0.000000 Z0.000000
G1 F920.261653 X-2.166100 Y0.000000 Z0.000000
G1 F919.940975 X-2.181432 Y0.000000 Z0.000000
G1 F919.618027 X-2.196759 Y0.000000 Z0.000000
G1 F919.292810 X-2.212081 Y0.000000 Z0.000000
G1 F918.965324 X-2.227397 Y0.000000 Z0.000000
G1 F918.635571 X-2.242708 Y0.000000 Z0.000000
G1 F918.303552 X-2.258013 Y0.000000 Z0.000000
G1 F917.969267 X-2.273312 Y0.000000 Z0.000000
G1 F917.632716 X-2.288606 Y0.000000 Z0.000000
G1 F917.293902 X-2.303894 Y0.000000 Z0.000000
G1 F916.952824 X-2.319177 Y0.000000 Z0.000000
G1 F916.609484 X-2.334454 Y0.000000 Z0.000000
G1 F916.263882 X-2.349725 Y0.000000 Z0.000000
G1 F915.916019 X-2.364990 Y0.000000 Z0.000000
G1 F915.565896 X-2.380249 Y0.000000 Z0.000000
G1 F915.213515 X-2.395503 Y0.000000 Z0.000000
G1 F914.858875 X-2.410751 Y0.000000 Z0.000000
G1 F914.501977 X-2.425992 Y0.000000 Z0.000000
G1 F914.142824 X-2.441228 Y0.000000 Z0.000000
G1 F913.781414 X-2.456458 Y0.000000 Z0.000000
G1 F913.417751 X-2.471681 Y0.000000 Z0.000000
G1 F913.051833 X-2.486899 Y0.000000 Z0.000000
G1 F912.683662 X-2.502110 Y0.000000 Z0.000000
G1 F912.313240 X-2.517315 Y0.000000 Z0.000000
G1 F911.940566 X-2.532514 Y0.000000 Z0.000000
G1 F911.565643 X-2.547707 Y0.000000 Z0.000000
G1 F911.188470 X-2.562894 Y0.000000 Z0.000000
G1 F910.809049 X-2.578074 Y0.000000 Z0.000000
G1 F910.427380 X-2.593248 Y0.000000 Z0.000000
G1 F910.043465 X-2.608415 Y0.000000 Z0.000000
G1 F909.657305 X-2.623576 Y0.000000 Z0.000000
G1 F909.268900 X-2.638730 Y0.000000 Z0.000000
G1 F908.878252 X-2.653878 Y0.000000 Z0.000000
G1 F908.485361 X-2.669020 Y0.000000 Z0.000000
G1 F908.090229 X-2.684155 Y0.000000 Z0.000000
G1 F907.692855 X-2.699283 Y0.000000 Z0.000000
G1 F907.293243 X-2.714404 Y0.000000 Z0.000000
G1 F906.891391 X-2.729519 Y0.000000 Z0.000000
G1 F906.487302 X-2.744627 Y0.000000 Z0.000000
G1 F906.080977 X-2.759729 Y0.000000 Z0.000000
G1 F905.672415 X-2.774823 Y0.000000 Z0.000000
G1 F905.261619 X-2.789911 Y0.000000 Z0.000000
G1 F904.848589 X-2.804992 Y0.000000 Z0.000000
G1 F904.433327 X-2.820066 Y0.000000 Z0.000000
G1 F904.015833 X-2.835133 Y0.000000 Z0.000000
G1 F903.596109 X-2.850193 Y0.000000 Z0.000000
G1 F903.174155 X-2.865246 Y0.000000 Z0.000000
G1 F902.749972 X-2.880291 Y0.000000 Z0.000000
G1 F902.323562 X-2.895330 Y0.000000 Z0.000000
G1 F901.894926 X-2.910362 Y0.000000 Z0.000000
G1 F901.464064 X-2.925386 Y0.000000 Z0.000000
G1 F901.030978 X-2.940403 Y0.000000 Z0.000000
G1 F900.595669 X-2.955413 Y0.000000 Z0.000000
G1 F900.158138 X-2.970416 Y0.000000 Z0.000000
G1 F899.718385 X-2.985411 Y0.000000 Z0.000000
G1 F899.276413 X-3.000399 Y0.000000 Z0.000000
G1 F898.832222 X-3.015380 Y0.000000 Z0.000000
G1 F898.385813 X-3.030353 Y0.000000 Z0.000000
G1 F897.937187 X-3.045318 Y0.000000 Z0.000000
G1 F897.486346 X-3.060276 Y0.000000 Z0.000000
G1 F897.033290 X-3.075227 Y0.000000 Z0.000000
G1 F896.578021 X-3.090170 Y0.000000 Z0.000000
G1 F896.120540 X-3.105105 Y0.000000 Z0.000000
G1 F895.660848 X-3.120033 Y0.000000 Z0.000000
G1 F895.198946 X-3.134953 Y0.000000 Z0.000000
G1 F894.734835 X-3.149865 Y0.000000 Z0.000000
G1 F894.268516 X-3.164770 Y0.000000 Z0.000000
G1 F893.799990 X-3.179666 Y0.000000 Z0.000000
G1 F893.329260 X-3.194555 Y0.000000 Z0.000000
G1 F892.856325 X-3.209436 Y0.000000 Z0.000000
G1 F892.381187 X-3.224309 Y0.000000 Z0.000000
G1 F891.903847 X-3.239174 Y0.000000 Z0.000000
G1 F891.424307 X-3.254031 Y0.000000 Z0.000000
G1 F890.942567 X-3.268880 Y0.000000 Z0.000000
G1 F890.458629 X-3.283721 Y0.000000 Z0.000000
G1 F889.972493 X-3.298554 Y0.000000 Z0.000000
G1 F889.484162 X-3.313379 Y0.000000 Z0.000000
G1 F888.993636 X-3.328195 Y0.000000 Z0.000000
G1 F888.500917 X-3.343004 Y0.000000 Z0.000000
G1 F888.006005 X-3.357804 Y0.000000 Z0.000000
G1 F887.508902 X-3.372596 Y0.000000 Z0.000000
G1 F887.009609 X-3.387379 Y0.000000 Z0.000000
G1 F886.508128 X-3.402154 Y0.000000 Z0.000000
G1 F886.004460 X-3.416921 Y0.000000 Z0.000000
G1 F885.498605 X-3.431679 Y0.000000 Z0.000000
G1 F884.990565 X-3.446429 Y0.000000 Z0.000000
G1 F884.480342 X-3.461171 Y0.000000 Z0.000000
G1 F883.967936 X-3.475903 Y0.000000 Z0.000000
G1 F883.453349 X-3.490628 Y0.000000 Z0.000000
G1 F882.936583 X-3.505343 Y0.000000 Z0.000000
G1 F882.417638 X-3.520050 Y0.000000 Z0.000000
G1 F881.896515 X-3.534748 Y0.000000 Z0.000000
G1 F881.373217 X-3.549438 Y0.000000 Z0.000000
G1 F880.847744 X-3.564119 Y0.000000 Z0.000000
G1 F880.320097 X-3.578791 Y0.000000 Z0.000000
G1 F879.790278 X-3.593454 Y0.000000 Z0.000000
G1 F879.258289 X-3.608108 Y0.000000 Z0.000000
G1 F878.724130 X-3.622754 Y0.000000 Z0.000000
G1 F878.187803 X-3.637390 Y0.000000 Z0.000000
G1 F877.649309 X-3.652018 Y0.000000 Z0.000000
G1 F877.108650 X-3.666636 Y0.000000 Z0.000000
G1 F876.565826 X-3.681246 Y0.000000 Z0.000000
G1 F876.020840 X-3.695846 Y0.000000 Z0.000000
G1 F875.473692 X-3.710437 Y0.000000 Z0.000000
G1 F874.924384 X-3.725019 Y0.000000 Z0.000000
G1 F874.372917 X-3.739592 Y0.000000 Z0.000000
G1 F873.819292 X-3.754156 Y0.000000 Z0.000000
G1 F873.263512 X-3.768710 Y0.000000 Z0.000000
G1 F872.705577 X-3.783255 Y0.000000 Z0.000000
G1 F872.145489 X-3.797791 Y0.000000 Z0.000000
G1 F871.583248 X-3.812317 Y0.000000 Z0.000000
G1 F871.018858 X-3.826834 Y0.000000 Z0.000000
G1 F870.452318 X-3.841342 Y0.000000 Z0.000000
G1 F869.883630 X-3.855840 Y0.000000 Z0.000000
G1 F869.312796 X-3.870328 Y0.000000 Z0.000000
G1 F868.739817 X-3.884807 Y0.000000 Z0.000000
G1 F868.164694 X-3.899277 Y0.000000 Z0.000000
G1 F867.587429 X-3.913737 Y0.000000 Z0.000000
G1 F867.008024 X-3.928187 Y0.000000 Z0.000000
G1 F866.426479 X-3.942627 Y0.000000 Z0.000000
G1 F865.842797 X-3.957058 Y0.000000 Z0.000000
G1 F865.256978 X-3.971479 Y0.000000 Z0.000000
G1 F864.669024 X-3.985890 Y0.000000 Z0.000000
G1 F864.078937 X-4.000291 Y0.000000 Z0.000000
G1 F863.486718 X-4.014683 Y0.000000 Z0.000000
G1 F862.892368 X-4.029064 Y0.000000 Z0.000000
G1 F862.295889 X-4.043436 Y0.000000 Z0.000000
G1 F861.697282 X-4.057798 Y0.000000 Z0.000000
G1 F861.096550 X-4.072149 Y0.000000 Z0.000000
G1 F860.493692 X-4.086491 Y0.000000 Z0.000000
G1 F859.888712 X-4.100822 Y0.000000 Z0.000000
G1 F859.281609 X-4.115144 Y0.000000 Z0.000000
G1 F858.672387 X-4.129455 Y0.000000 Z0.000000
G1 F858.061046 X-4.143756 Y0.000000 Z0.000000
G1 F857.447588 X-4.158047 Y0.000000 Z0.000000
G1 F856.832014 X-4.172327 Y0.000000 Z0.000000
G1 F856.214325 X-4.186597 Y0.000000 Z0.000000
G1 F855.594525 X-4.200857 Y0.000000 Z0.000000
G1 F854.972613 X-4.215107 Y0.000000 Z0.000000
G1 F854.348591 X-4.229346 Y0.000000 Z0.000000
G1 F853.722462 X-4.243575 Y0.000000 Z0.000000
G1 F853.094226 X-4.257793 Y0.000000 Z0.000000
G1 F852.463885 X-4.272001 Y0.000000 Z0.000000
G1 F851.831441 X-4.286198 Y0.000000 Z0.000000
G1 F851.196895 X-4.300384 Y0.000000 Z0.000000
G1 F850.560249 X-4.314560 Y0.000000 Z0.000000
G1 F849.921504 X-4.328726 Y0.000000 Z0.000000
G1 F849.280662 X-4.342880 Y0.000000 Z0.000000
G1 F848.637724 X-4.357024 Y0.000000 Z0.000000
G1 F847.992693 X-4.371158 Y0.000000 Z0.000000
G1 F847.345569 X-4.385280 Y0.000000 Z0.000000
G1 F846.696354 X-4.399392 Y0.000000 Z0.000000
G1 F846.045051 X-4.413492 Y0.000000 Z0.000000
G1 F845.391659 X-4.427582 Y0.000000 Z0.000000
G1 F844.736182 X-4.441661 Y0.000000 Z0.000000
G1 F844.078621 X-4.455729 Y0.000000 Z0.000000
G1 F843.418977 X-4.469786 Y0.000000 Z0.000000
G1 F842.757251 X-4.483832 Y0.000000 Z0.000000
G1 F842.093447 X-4.497867 Y0.000000 Z0.000000
G1 F841.427564 X-4.511891 Y0.000000 Z0.000000
G1 F840.759606 X-4.525904 Y0.000000 Z0.000000
G1 F840.089573 X-4.539905 Y0.000000 Z0.000000
G1 F839.417467 X-4.553895 Y0.000000 Z0.000000
G1 F838.743290 X-4.567874 Y0.000000 Z0.000000
G1 F838.067043 X-4.581842 Y0.000000 Z0.000000
G1 F837.388729 X-4.595799 Y0.000000 Z0.000000
G1 F836.708348 X-4.609744 Y0.000000 Z0.000000
G1 F836.025903 X-4.623678 Y0.000000 Z0.000000
G1 F835.341395 X-4.637600 Y0.000000 Z0.000000
G1 F834.654826 X-4.651511 Y0.000000 Z0.000000
G1 F833.966198 X-4.665410 Y0.000000 Z0.000000
G1 F833.275512 X-4.679298 Y0.000000 Z0.000000
G1 F832.582770 X-4.693175 Y0.000000 Z0.000000
G1 F831.887973 X-4.707039 Y0.000000 Z0.000000
G1 F831.191124 X-4.720893 Y0.000000 Z0.000000
G1 F830.492224 X-4.734734 Y0.000000 Z0.000000
G1 F829.791275 X-4.748564 Y0.000000 Z0.000000
G1 F829.088278 X-4.762382 Y0.000000 Z0.000000
G1 F828.383236 X-4.776188 Y0.000000 Z0.000000
G1 F827.676150 X-4.789983 Y0.000000 Z0.000000
G1 F826.967022 X-4.803766 Y0.000000 Z0.000000
G1 F826.255853 X-4.817537 Y0.000000 Z0.000000
G1 F825.542645 X-4.831296 Y0.000000 Z0.000000
G1 F824.827401 X-4.845043 Y0.000000 Z0.000000
G1 F824.110121 X-4.858778 Y0.000000 Z0.000000
G1 F823.390808 X-4.872501 Y0.000000 Z0.000000
G1 F822.669463 X-4.886212 Y0.000000 Z0.000000
G1 F821.946088 X-4.899912 Y0.000000 Z0.000000
G1 F821.220686 X-4.913599 Y0.000000 Z0.000000
G1 F820.493257 X-4.927273 Y0.000000 Z0.000000
G1 F819.763803 X-4.940936 Y0.000000 Z0.000000
G1 F819.032327 X-4.954587 Y0.000000 Z0.000000
G1 F818.298830 X-4.968225 Y0.000000 Z0.000000
G1 F817.563314 X-4.981851 Y0.000000 Z0.000000
G1 F816.825781 X-4.995465 Y0.000000 Z0.000000
G1 F816.086232 X-5.009066 Y0.000000 Z0.000000
G1 F815.344670 X-5.022655 Y0.000000 Z0.000000
G1 F814.601095 X-5.036232 Y0.000000 Z0.000000
G1 F813.855511 X-5.049796 Y0.000000 Z0.000000
G1 F813.107919 X-5.063348 Y0.000000 Z0.000000
G1 F812.358321 X-5.076887 Y0.000000 Z0.000000
G1 F811.606718 X-5.090414 Y0.000000 Z0.000000
G1 F810.853112 X-5.103928 Y0.000000 Z0.000000
G1 F810.097506 X-5.117430 Y0.000000 Z0.000000
G1 F809.339901 X-5.130919 Y0.000000 Z0.000000
G1 F808.580299 X-5.144395 Y0.000000 Z0.000000
G1 F807.818702 X-5.157859 Y0.000000 Z0.000000
G1 F807.055112 X-5.171310 Y0.000000 Z0.000000
G1 F806.289530 X-5.184748 Y0.000000 Z0.000000
G1 F805.521959 X-5.198173 Y0.000000 Z0.000000
G1 F804.752401 X-5.211586 Y0.000000 Z0.000000
G1 F803.980856 X-5.224986 Y0.000000 Z0.000000
G1 F803.207329 X-5.238372 Y0.000000 Z0.000000
G1 F802.431819 X-5.251746 Y0.000000 Z0.000000
G1 F801.654329 X-5.265107 Y0.000000 Z0.000000
G1 F800.874861 X-5.278455 Y0.000000 Z0.000000
G1 F800.093417 X-5.291790 Y0.000000 Z0.000000
G1 F799.310000 X-5.305112 Y0.000000 Z0.000000
G1 F798.524609 X-5.318421 Y0.000000 Z0.000000
G1 F797.737249 X-5.331716 Y0.000000 Z0.000000
G1 F796.947920 X-5.344999 Y0.000000 Z0.000000
G1 F796.156625 X-5.358268 Y0.000000 Z0.000000
G1 F795.363365 X-5.371524 Y0.000000 Z0.000000
G1 F794.568143 X-5.384767 Y0.000000 Z0.000000
G1 F793.770961 X-5.397996 Y0.000000 Z0.000000
G1 F792.971819 X-5.411213 Y0.000000 Z0.000000
G1 F792.170722 X-5.424415 Y0.000000 Z0.000000
G1 F791.367669 X-5.437605 Y0.000000 Z0.000000
G1 F790.562664 X-5.450781 Y0.000000 Z0.000000
G1 F789.755709 X-5.463943 Y0.000000 Z0.000000
G1 F788.946805 X-5.477093 Y0.000000 Z0.000000
G1 F788.135954 X-5.490228 Y0.000000 Z0.000000
G1 F787.323158 X-5.503350 Y0.000000 Z0.000000
G1 F786.508420 X-5.516459 Y0.000000 Z0.000000
G1 F785.691741 X-5.529554 Y0.000000 Z0.000000
G1 F784.873124 X-5.542635 Y0.000000 Z0.000000
G1 F784.052570 X-5.555702 Y0.000000 Z0.000000
G1 F783.230081 X-5.568756 Y0.000000 Z0.000000
G1 F782.405660 X-5.581796 Y0.000000 Z0.000000
G1 F781.579308 X-5.594823 Y0.000000 Z0.000000
G1 F780.751028 X-5.607835 Y0.000000 Z0.000000
G1 F779.920822 X-5.620834 Y0.000000 Z0.000000
G1 F779.088691 X-5.633819 Y0.000000 Z0.000000
G1 F778.254638 X-5.646790 Y0.000000 Z0.000000
G1 F777.418664 X-5.659746 Y0.000000 Z0.000000
G1 F776.580772 X-5.672689 Y0.000000 Z0.000000
G1 F775.740965 X-5.685619 Y0.000000 Z0.000000
G1 F774.899243 X-5.698533 Y0.000000 Z0.000000
G1 F774.055609 X-5.711434 Y0.000000 Z0.000000
G1 F773.210065 X-5.724321 Y0.000000 Z0.000000
G1 F772.362613 X-5.737194 Y0.000000 Z0.000000
G1 F771.513256 X-5.750053 Y0.000000 Z0.000000
G1 F770.661995 X-5.762897 Y0.000000 Z0.000000
G1 F769.808832 X-5.775727 Y0.000000 Z0.000000
G1 F768.953771 X-5.788543 Y0.000000 Z0.000000
G1 F768.096811 X-5.801345 Y0.000000 Z0.000000
G1 F767.237957 X-5.814132 Y0.000000 Z0.000000
G1 F766.377209 X-5.826905 Y0.000000 Z0.000000
G1 F765.514571 X-5.839663 Y0.000000 Z0.000000
G1 F764.650043 X-5.852408 Y0.000000 Z0.000000
G1 F763.783629 X-5.865137 Y0.000000 Z0.000000
G1 F762.915331 X-5.877853 Y0.000000 Z0.000000
G1 F762.045150 X-5.890553 Y0.000000 Z0.000000
G1 F761.173089 X-5.903239 Y0.000000 Z0.000000
G1 F760.299149 X-5.915911 Y0.000000 Z0.000000
G1 F759.423334 X-5.928568 Y0.000000 Z0.000000
G1 F758.545645 X-5.941211 Y0.000000 Z0.000000
G1 F757.666084 X-5.953838 Y0.000000 Z0.000000
G1 F756.784654 X-5.966451 Y0.000000 Z0.000000
G1 F755.901356 X-5.979050 Y0.000000 Z0.000000
G1 F755.016193 X-5.991633 Y0.000000 Z0.000000
G1 F754.129168 X-6.004202 Y0.000000 Z0.000000
G1 F753.240281 X-6.016756 Y0.000000 Z0.000000
G1 F752.349537 X-6.029295 Y0.000000 Z0.000000
G1 F751.456935 X-6.041820 Y0.000000 Z0.000000
G1 F750.562480 X-6.054329 Y0.000000 Z0.000000
G1 F749.666173 X-6.066824 Y0.000000 Z0.000000
G1 F748.768016 X-6.079303 Y0.000000 Z0.000000
G1 F747.868011 X-6.091767 Y0.000000 Z0.000000
G1 F746.966161 X-6.104217 Y0.000000 Z0.000000
G1 F746.062468 X-6.116651 Y0.000000 Z0.000000
G1 F745.156935 X-6.129071 Y0.000000 Z0.000000
G1 F744.249562 X-6.141475 Y0.000000 Z0.000000
G1 F743.340354 X-6.153864 Y0.000000 Z0.000000
G1 F742.429311 X-6.166238 Y0.000000 Z0.000000
G1 F741.516436 X-6.178596 Y0.000000 Z0.000000
G1 F740.601732 X-6.190939 Y0.000000 Z0.000000
G1 F739.685200 X-6.203268 Y0.000000 Z0.000000
G1 F738.766843 X-6.215580 Y0.000000 Z0.000000
G1 F737.846664 X-6.227878 Y0.000000 Z0.000000
G1 F736.924664 X-6.240160 Y0.000000 Z0.000000
G1 F736.000845 X-6.252427 Y0.000000 Z0.000000
G1 F735.075211 X-6.264678 Y0.000000 Z0.000000
G1 F734.147762 X-6.276914 Y0.000000 Z0.000000
G1 F733.218503 X-6.289134 Y0.000000 Z0.000000
G1 F732.287434 X-6.301339 Y0.000000 Z0.000000
G1 F731.354558 X-6.313528 Y0.000000 Z0.000000
G1 F730.419878 X-6.325702 Y0.000000 Z0.000000
G1 F729.483396 X-6.337860 Y0.000000 Z0.000000
G1 F728.545114 X-6.350002 Y0.000000 Z0.000000
G1 F727.605034 X-6.362129 Y0.000000 Z0.000000
G1 F726.663158 X-6.374240 Y0.000000 Z0.000000
G1 F725.719490 X-6.386335 Y0.000000 Z0.000000
G1 F724.774031 X-6.398415 Y0.000000 Z0.000000
G1 F723.826784 X-6.410479 Y0.000000 Z0.000000
G1 F722.877751 X-6.422527 Y0.000000 Z0.000000
G1 F721.926934 X-6.434559 Y0.000000 Z0.000000
G1 F720.974336 X-6.446575 Y0.000000 Z0.000000
G1 F720.019959 X-6.458575 Y0.000000 Z0.000000
G1 F719.063806 X-6.470560 Y0.000000 Z0.000000
G1 F718.105878 X-6.482528 Y0.000000 Z0.000000
G1 F717.146178 X-6.494480 Y0.000000 Z0.000000
G1 F716.184709 X-6.506417 Y0.000000 Z0.000000
G1 F715.221473 X-6.518337 Y0.000000 Z0.000000
G1 F714.256472 X-6.530242 Y0.000000 Z0.000000
G1 F713.289709 X-6.542130 Y0.000000 Z0.000000
G1 F712.321186 X-6.554002 Y0.000000 Z0.000000
G1 F711.350905 X-6.565858 Y0.000000 Z0.000000
G1 F710.378869 X-6.577697 Y0.000000 Z0.000000
G1 F709.405080 X-6.589521 Y0.000000 Z0.000000
G1 F708.429541 X-6.601328 Y0.000000 Z0.000000
G1 F707.452253 X-6.613119 Y0.000000 Z0.000000
G1 F706.473221 X-6.624893 Y0.000000 Z0.000000
G1 F705.492445 X-6.636651 Y0.000000 Z0.000000
G1 F704.509928 X-6.648393 Y0.000000 Z0.000000
G1 F703.525673 X-6.660119 Y0.000000 Z0.000000
G1 F702.539682 X-6.671828 Y0.000000 Z0.000000
G1 F701.551958 X-6.683520 Y0.000000 Z0.000000
G1 F700.562503 X-6.695196 Y0.000000 Z0.000000
G1 F699.571319 X-6.706856 Y0.000000 Z0.000000
G1 F698.578409 X-6.718499 Y0.000000 Z0.000000
G1 F697.583775 X-6.730125 Y0.000000 Z0.000000
G1 F696.587420 X-6.741735 Y0.000000 Z0.000000
G1 F695.589347 X-6.753328 Y0.000000 Z0.000000
G1 F694.589557 X-6.764905 Y0.000000 Z0.000000
G1 F693.588053 X-6.776464 Y0.000000 Z0.000000
G1 F692.584838 X-6.788007 Y0.000000 Z0.000000
G1 F691.579914 X-6.799534 Y0.000000 Z0.000000
G1 F690.573283 X-6.811043 Y0.000000 Z0.000000
G1 F689.564949 X-6.822536 Y0.000000 Z0.000000
G1 F688.554913 X-6.834012 Y0.000000 Z0.000000
G1 F687.543178 X-6.845471 Y0.000000 Z0.000000
G1 F686.529747 X-6.856913 Y0.000000 Z0.000000
G1 F685.514622 X-6.868338 Y0.000000 Z0.000000
G1 F684.497806 X-6.879747 Y0.000000 Z0.000000
G1 F683.479300 X-6.891138 Y0.000000 Z0.000000
G1 F682.459108 X-6.902512 Y0.000000 Z0.000000
G1 F681.437232 X-6.913870 Y0.000000 Z0.000000
G1 F680.413675 X-6.925210 Y0.000000 Z0.000000
G1 F679.388439 X-6.936533 Y0.000000 Z0.000000
G1 F678.361527 X-6.947839 Y0.000000 Z0.000000
G1 F677.332941 X-6.959128 Y0.000000 Z0.000000
G1 F676.302683 X-6.970400 Y0.000000 Z0.000000
G1 F675.270757 X-6.981654 Y0.000000 Z0.000000
G1 F674.237165 X-6.992891 Y0.000000 Z0.000000
G1 F673.201909 X-7.004112 Y0.000000 Z0.000000
G1 F672.164992 X-7.015314 Y0.000000 Z0.000000
G1 F671.126417 X-7.026500 Y0.000000 Z0.000000
G1 F670.086185 X-7.037668 Y0.000000 Z0.000000
G1 F669.044301 X-7.048819 Y0.000000 Z0.000000
G1 F668.000765 X-7.059952 Y0.000000 Z0.000000
G1 F666.955581 X-7.071068 Y0.000000 Z0.000000
G1 F665.908752 X-7.082166 Y0.000000 Z0.000000
G1 F664.860279 X-7.093247 Y0.000000 Z0.000000
G1 F663.810167 X-7.104311 Y0.000000 Z0.000000
G1 F662.758416 X-7.115357 Y0.000000 Z0.000000
G1 F661.705030 X-7.126385 Y0.000000 Z0.000000
G1 F660.650011 X-7.137396 Y0.000000 Z0.000000
G1 F659.593362 X-7.148389 Y0.000000 Z0.000000
G1 F658.535085 X-7.159365 Y0.000000 Z0.000000
G1 F657.475184 X-7.170323 Y0.000000 Z0.000000
G1 F656.413661 X-7.181263 Y0.000000 Z0.000000
G1 F655.350517 X-7.192185 Y0.000000 Z0.000000
G1 F654.285757 X-7.203090 Y0.000000 Z0.000000
G1 F653.219383 X-7.213977 Y0.000000 Z0.000000
G1 F652.151396 X-7.224846 Y0.000000 Z0.000000
G1 F651.081801 X-7.235698 Y0.000000 Z0.000000
G1 F650.010599 X-7.246531 Y0.000000 Z0.000000
G1 F648.937793 X-7.257347 Y0.000000 Z0.000000
G1 F647.863386 X-7.268145 Y0.000000 Z0.000000
G1 F646.787381 X-7.278924 Y0.000000 Z0.000000
G1 F645.709780 X-7.289686 Y0.000000 Z0.000000
G1 F644.630585 X-7.300430 Y0.000000 Z0.000000
G1 F643.549800 X-7.311156 Y0.000000 Z0.000000
G1 F642.467427 X-7.321864 Y0.000000 Z0.000000
G1 F641.383469 X-7.332553 Y0.000000 Z0.000000
G1 F640.297928 X-7.343225 Y0.000000 Z0.000000
G1 F639.210807 X-7.353879 Y0.000000 Z0.000000
G1 F638.122109 X-7.364514 Y0.000000 Z0.000000
G1 F637.031837 X-7.375131 Y0.000000 Z0.000000
G1 F635.939993 X-7.385730 Y0.000000 Z0.000000
G1 F634.846579 X-7.396311 Y0.000000 Z0.000000
G1 F633.751600 X-7.406873 Y0.000000 Z0.000000
G1 F632.655056 X-7.417418 Y0.000000 Z0.000000
G1 F631.556952 X-7.427944 Y0.000000 Z0.000000
G1 F630.457289 X-7.438451 Y0.000000 Z0.000000
G1 F629.356071 X-7.448941 Y0.000000 Z0.000000
G1 F628.253300 X-7.459411 Y0.000000 Z0.000000
G1 F627.148978 X-7.469864 Y0.000000 Z0.000000
G1 F626.043109 X-7.480298 Y0.000000 Z0.000000
G1 F624.935696 X-7.490714 Y0.000000 Z0.000000
G1 F623.826740 X-7.501111 Y0.000000 Z0.000000
G1 F622.716246 X-7.511489 Y0.000000 Z0.000000
G1 F621.604215 X-7.521849 Y0.000000 Z0.000000
G1 F620.490650 X-7.532191 Y0.000000 Z0.000000
G1 F619.375554 X-7.542514 Y0.000000 Z0.000000
G1 F618.258929 X-7.552818 Y0.000000 Z0.000000
G1 F617.140780 X-7.563104 Y0.000000 Z0.000000
G1 F616.021107 X-7.573371 Y0.000000 Z0.000000
G1 F614.899915 X-7.583619 Y0.000000 Z0.000000
G1 F613.777205 X-7.593849 Y0.000000 Z0.000000
G1 F612.652981 X-7.604060 Y0.000000 Z0.000000
G1 F611.527246 X-7.614252 Y0.000000 Z0.000000
G1 F610.400001 X-7.624425 Y0.000000 Z0.000000
G1 F609.271250 X-7.634580 Y0.000000 Z0.000000
G1 F608.140997 X-7.644715 Y0.000000 Z0.000000
G1 F607.009242 X-7.654832 Y0.000000 Z0.000000
G1 F605.875990 X-7.664930 Y0.000000 Z0.000000
G1 F604.741243 X-7.675009 Y0.000000 Z0.000000
G1 F603.605003 X-7.685069 Y0.000000 Z0.000000
G1 F602.467275 X-7.695110 Y0.000000 Z0.000000
G1 F601.328059 X-7.705132 Y0.000000 Z0.000000
G1 F600.187361 X-7.715136 Y0.000000 Z0.000000
G1 F598.473352 X-7.735085 Y0.000000 Z0.000000
G1 F596.183087 X-7.754957 Y0.000000 Z0.000000
G1 F593.886938 X-7.774754 Y0.000000 Z0.000000
G1 F591.584928 X-7.794473 Y0.000000 Z0.000000
G1 F589.277078 X-7.814116 Y0.000000 Z0.000000
G1 F586.963413 X-7.833681 Y0.000000 Z0.000000
G1 F584.643955 X-7.853169 Y0.000000 Z0.000000
G1 F582.318727 X-7.872580 Y0.000000 Z0.000000
G1 F579.987751 X-7.891913 Y0.000000 Z0.000000
G1 F577.651052 X-7.911168 Y0.000000 Z0.000000
G1 F575.308651 X-7.930345 Y0.000000 Z0.000000
G1 F572.960572 X-7.949444 Y0.000000 Z0.000000
G1 F570.606838 X-7.968464 Y0.000000 Z0.000000
G1 F568.247472 X-7.987405 Y0.000000 Z0.000000
G1 F565.882498 X-8.006268 Y0.000000 Z0.000000
G1 F563.511939 X-8.025052 Y0.000000 Z0.000000
G1 F561.135818 X-8.043756 Y0.000000 Z0.000000
G1 F558.754159 X-8.062381 Y0.000000 Z0.000000
G1 F556.366986 X-8.080927 Y0.000000 Z0.000000
G1 F553.974321 X-8.099393 Y0.000000 Z0.000000
G1 F551.576189 X-8.117779 Y0.000000 Z0.000000
G1 F549.172613 X-8.136084 Y0.000000 Z0.000000
G1 F546.763617 X-8.154310 Y0.000000 Z0.000000
G1 F544.349225 X-8.172455 Y0.000000 Z0.000000
G1 F541.929460 X-8.190519 Y0.000000 Z0.000000
G1 F539.504346 X-8.208503 Y0.000000 Z0.000000
G1 F537.073908 X-8.226405 Y0.000000 Z0.000000
G1 F534.638169 X-8.244226 Y0.000000 Z0.000000
G1 F532.197153 X-8.261966 Y0.000000 Z0.000000
G1 F529.750885 X-8.279625 Y0.000000 Z0.000000
G1 F527.299389 X-8.297201 Y0.000000 Z0.000000
G1 F524.842688 X-8.314696 Y0.000000 Z0.000000
G1 F522.380807 X-8.332109 Y0.000000 Z0.000000
G1 F519.913771 X-8.349439 Y0.000000 Z0.000000
G1 F517.441603 X-8.366687 Y0.000000 Z0.000000
G1 F514.964328 X-8.383853 Y0.000000 Z0.000000
G1 F512.481971 X-8.400936 Y0.000000 Z0.000000
G1 F509.994555 X-8.417935 Y0.000000 Z0.000000
G1 F507.502107 X-8.434852 Y0.000000 Z0.000000
G1 F505.004649 X-8.451686 Y0.000000 Z0.000000
G1 F502.502207 X-8.468436 Y0.000000 Z0.000000
G1 F499.994806 X-8.485102 Y0.000000 Z0.000000
G1 F497.482470 X-8.501685 Y0.000000 Z0.000000
G1 F494.965224 X-8.518184 Y0.000000 Z0.000000
G1 F492.443093 X-8.534599 Y0.000000 Z0.000000
G1 F489.916102 X-8.550929 Y0.000000 Z0.000000
G1 F487.384275 X-8.567175 Y0.000000 Z0.000000
G1 F484.847639 X-8.583337 Y0.000000 Z0.000000
G1 F482.306217 X-8.599414 Y0.000000 Z0.000000
G1 F479.760034 X-8.615406 Y0.000000 Z0.000000
G1 F477.209117 X-8.631313 Y0.000000 Z0.000000
G1 F474.653490 X-8.647134 Y0.000000 Z0.000000
G1 F472.093178 X-8.662871 Y0.000000 Z0.000000
G1 F469.528207 X-8.678522 Y0.000000 Z0.000000
G1 F466.958602 X-8.694087 Y0.000000 Z0.000000
G1 F464.384388 X-8.709567 Y0.000000 Z0.000000
G1 F461.805591 X-8.724960 Y0.000000 Z0.000000
G1 F459.222236 X-8.740267 Y0.000000 Z0.000000
G1 F456.634348 X-8.755489 Y0.000000 Z0.000000
G1 F454.041954 X-8.770623 Y0.000000 Z0.000000
G1 F451.445079 X-8.785672 Y0.000000 Z0.000000
G1 F448.843748 X-8.800633 Y0.000000 Z0.000000
G1 F446.237987 X-8.815508 Y0.000000 Z0.000000
G1 F443.627822 X-8.830295 Y0.000000 Z0.000000
G1 F441.013279 X-8.844996 Y0.000000 Z0.000000
G1 F438.394383 X-8.859609 Y0.000000 Z0.000000
G1 F435.771160 X-8.874134 Y0.000000 Z0.000000
G1 F433.143636 X-8.888573 Y0.000000 Z0.000000
G1 F430.511837 X-8.902923 Y0.000000 Z0.000000
G1 F427.875790 X-8.917186 Y0.000000 Z0.000000
G1 F425.235519 X-8.931360 Y0.000000 Z0.000000
G1 F422.591052 X-8.945446 Y0.000000 Z0.000000
G1 F419.942413 X-8.959444 Y0.000000 Z0.000000
G1 F417.289630 X-8.973354 Y0.000000 Z0.000000
G1 F414.632729 X-8.987175 Y0.000000 Z0.000000
G1 F411.971735 X-9.000908 Y0.000000 Z0.000000
G1 F409.306675 X-9.014551 Y0.000000 Z0.000000
G1 F406.637576 X-9.028106 Y0.000000 Z0.000000
G1 F403.964463 X-9.041571 Y0.000000 Z0.000000
G1 F401.287363 X-9.054947 Y0.000000 Z0.000000
G1 F398.606303 X-9.068234 Y0.000000 Z0.000000
G1 F395.921309 X-9.081432 Y0.000000 Z0.000000
G1 F393.232407 X-9.094539 Y0.000000 Z0.000000
G1 F390.539624 X-9.107557 Y0.000000 Z0.000000
G1 F387.842986 X-9.120486 Y0.000000 Z0.000000
G1 F385.142521 X-9.133324 Y0.000000 Z0.000000
G1 F382.438254 X-9.146072 Y0.000000 Z0.000000
G1 F379.730213 X-9.158729 Y0.000000 Z0.000000
G1 F377.018425 X-9.171297 Y0.000000 Z0.000000
G1 F374.302915 X-9.183773 Y0.000000 Z0.000000
G1 F371.583711 X-9.196159 Y0.000000 Z0.000000
G1 F368.860839 X-9.208455 Y0.000000 Z0.000000
G1 F366.134327 X-9.220659 Y0.000000 Z0.000000
G1 F363.404202 X-9.232773 Y0.000000 Z0.000000
G1 F360.670490 X-9.244795 Y0.000000 Z0.000000
G1 F357.933218 X-9.256726 Y0.000000 Z0.000000
G1 F355.192413 X-9.268566 Y0.000000 Z0.000000
G1 F352.448103 X-9.280314 Y0.000000 Z0.000000
G1 F349.700314 X-9.291971 Y0.000000 Z0.000000
G1 F346.949074 X-9.303536 Y0.000000 Z0.000000
G1 F344.194410 X-9.315009 Y0.000000 Z0.000000
G1 F341.436349 X-9.326390 Y0.000000 Z0.000000
G1 F338.674918 X-9.337679 Y0.000000 Z0.000000
G1 F335.910144 X-9.348876 Y0.000000 Z0.000000
G1 F333.142055 X-9.359981 Y0.000000 Z0.000000
G1 F330.370678 X-9.370993 Y0.000000 Z0.000000
G1 F327.596040 X-9.381913 Y0.000000 Z0.000000
G1 F324.818169 X-9.392741 Y0.000000 Z0.000000
G1 F322.037092 X-9.403475 Y0.000000 Z0.000000
G1 F319.252837 X-9.414117 Y0.000000 Z0.000000
G1 F316.465431 X-9.424666 Y0.000000 Z0.000000
G1 F313.674902 X-9.435122 Y0.000000 Z0.000000
G1 F310.881277 X-9.445484 Y0.000000 Z0.000000
G1 F308.084583 X-9.455754 Y0.000000 Z0.000000
G1 F305.284849 X-9.465930 Y0.000000 Z0.000000
G1 F302.482102 X-9.476013 Y0.000000 Z0.000000
G1 F298.974319 X-9.490961 Y0.000000 Z0.000000
G1 F294.759085 X-9.505699 Y0.000000 Z0.000000
G1 F290.537306 X-9.520226 Y0.000000 Z0.000000
G1 F286.309075 X-9.534542 Y0.000000 Z0.000000
G1 F282.074486 X-9.548645 Y0.000000 Z0.000000
G1 F277.833632 X-9.562537 Y0.000000 Z0.000000
G1 F273.586610 X-9.576216 Y0.000000 Z0.000000
G1 F269.333512 X-9.589683 Y0.000000 Z0.000000
G1 F265.074432 X-9.602937 Y0.000000 Z0.000000
G1 F260.809467 X-9.615977 Y0.000000 Z0.000000
G1 F256.538710 X-9.628804 Y0.000000 Z0.000000
G1 F252.262255 X-9.641417 Y0.000000 Z0.000000
G1 F247.980199 X-9.653816 Y0.000000 Z0.000000
G1 F243.692637 X-9.666001 Y0.000000 Z0.000000
G1 F239.399662 X-9.677971 Y0.000000 Z0.000000
G1 F235.101372 X-9.689726 Y0.000000 Z0.000000
G1 F230.797860 X-9.701266 Y0.000000 Z0.000000
G1 F226.489224 X-9.712590 Y0.000000 Z0.000000
G1 F222.175558 X-9.723699 Y0.000000 Z0.000000
G1 F217.856958 X-9.734592 Y0.000000 Z0.000000
G1 F213.533520 X-9.745269 Y0.000000 Z0.000000
G1 F209.205340 X-9.755729 Y0.000000 Z0.000000
G1 F204.872515 X-9.765973 Y0.000000 Z0.000000
G1 F200.535140 X-9.775999 Y0.000000 Z0.000000
G1 F195.469107 X-9.789031 Y0.000000 Z0.000000
G1 F189.672295 X-9.801675 Y0.000000 Z0.000000
G1 F183.867994 X-9.813933 Y0.000000 Z0.000000
G1 F178.056435 X-9.825804 Y0.000000 Z0.000000
G1 F172.237846 X-9.837286 Y0.000000 Z0.000000
G1 F166.412458 X-9.848380 Y0.000000 Z0.000000
G1 F160.580500 X-9.859086 Y0.000000 Z0.000000
G1 F154.742203 X-9.869402 Y0.000000 Z0.000000
G1 F148.166690 X-9.881749 Y0.000000 Z0.000000
G1 F140.852056 X-9.893487 Y0.000000 Z0.000000
G1 F133.528734 X-9.904614 Y0.000000 Z0.000000
G1 F126.197175 X-9.915131 Y0.000000 Z0.000000
G1 F118.123353 X-9.926943 Y0.000000 Z0.000000
G1 F109.305668 X-9.937874 Y0.000000 Z0.000000
G1 F100.478274 X-9.947921 Y0.000000 Z0.000000
G1 F90.905095 X-9.958527 Y0.000000 Z0.000000
G1 F79.847440 X-9.969173 Y0.000000 Z0.000000
G1 F67.302157 X-9.979269 Y0.000000 Z0.000000
G1 F51.788558 X-9.989626 Y0.000000 Z0.000000
G1 F25.163010 X-9.999692 Y0.000000 Z0.000000
G1 F17.762125 X-9.989626 Y0.000000 Z0.000000
G1 F51.788558 X-9.979269 Y0.000000 Z0.000000
G1 F67.302157 X-9.969173 Y0.000000 Z0.000000
G1 F79.847440 X-9.958527 Y0.000000 Z0.000000
G1 F90.905095 X-9.947921 Y0.000000 Z0.000000
G1 F100.478274 X-9.937874 Y0.000000 Z0.000000
G1 F109.305668 X-9.926943 Y0.000000 Z0.000000
G1 F118.123353 X-9.915131 Y0.000000 Z0.000000
G1 F126.197175 X-9.904614 Y0.000000 Z0.000000
G1 F133.528734 X-9.893487 Y0.000000 Z0.000000
G1 F140.852056 X-9.881749 Y0.000000 Z0.000000
G1 F148.166690 X-9.869402 Y0.000000 Z0.000000
G1 F154.742203 X-9.859086 Y0.000000 Z0.000000
G1 F160.580500 X-9.848380 Y0.000000 Z0.000000
G1 F166.412458 X-9.837286 Y0.000000 Z0.000000
G1 F172.237846 X-9.825804 Y0.000000 Z0.000000
G1 F178.056435 X-9.813933 Y0.000000 Z0.000000
G1 F183.867994 X-9.801675 Y0.000000 Z0.000000
G1 F189.672295 X-9.789031 Y0.000000 Z0.000000
G1 F195.469107 X-9.775999 Y0.000000 Z0.000000
G1 F200.535140 X-9.765973 Y0.000000 Z0.000000
G1 F204.872515 X-9.755729 Y0.000000 Z0.000000
G1 F209.205340 X-9.745269 Y0.000000 Z0.000000
G1 F213.533520 X-9.734592 Y0.000000 Z0.000000
G1 F217.856958 X-9.723699 Y0.000000 Z0.000000
G1 F222.175558 X-9.712590 Y0.000000 Z0.000000
G1 F226.489224 X-9.701266 Y0.000000 Z0.000000
G1 F230.797860 X-9.689726 Y0.000000 Z0.000000
G1 F235.101372 X-9.677971 Y0.000000 Z0.000000
G1 F239.399662 X-9.666001 Y0.000000 Z0.000000
G1 F243.692637 X-9.653816 Y0.000000 Z0.000000
G1 F247.980199 X-9.641417 Y0.000000 Z0.000000
G1 F252.262255 X-9.628804 Y0.000000 Z0.000000
G1 F256.538710 X-9.615977 Y0.000000 Z0.000000
G1 F260.809467 X-9.602937 Y0.000000 Z0.000000
G1 F265.074432 X-9.589683 Y0.000000 Z0.000000
G1 F269.333512 X-9.576216 Y0.000000 Z0.000000
G1 F273.586610 X-9.562537 Y0.000000 Z0.000000
G1 F277.833632 X-9.548645 Y0.000000 Z0.000000
G1 F282.074486 X-9.534542 Y0.000000 Z0.000000
G1 F286.309075 X-9.520226 Y0.000000 Z0.000000
G1 F290.537306 X-9.505699 Y0.000000 Z0.000000
G1 F294.759085 X-9.490961 Y0.000000 Z0.000000
G1 F298.974319 X-9.476013 Y0.000000 Z0.000000
G1 F302.482102 X-9.465930 Y0.000000 Z0.000000
G1 F305.284849 X-9.455754 Y0.000000 Z0.000000
G1 F308.084583 X-9.445484 Y0.000000 Z0.000000
G1 F310.881277 X-9.435122 Y0.000000 Z0.000000
G1 F313.674902 X-9.424666 Y0.000000 Z0.000000
G1 F316.465431 X-9.414117 Y0.000000 Z0.000000
G1 F319.252837 X-9.403475 Y0.000000 Z0.000000
G1 F322.037092 X-9.392741 Y0.000000 Z0.000000
G1 F324.818169 X-9.381913 Y0.000000 Z0.000000
G1 F327.596040 X-9.370993 Y0.000000 Z0.000000
G1 F330.370678 X-9.359981 Y0.000000 Z0.000000
G1 F333.142055 X-9.348876 Y0.000000 Z0.000000
G1 F335.910144 X-9.337679 Y0.000000 Z0.000000
G1 F338.674918 X-9.326390 Y0.000000 Z0.000000
G1 F341.436349 X-9.315009 Y0.000000 Z0.000000
G1 F344.194410 X-9.303536 Y0.000000 Z0.000000
G1 F346.949074 X-9.291971 Y0.000000 Z0.000000
G1 F349.700314 X-9.280314 Y0.000000 Z0.000000
G1 F352.448103 X-9.268566 Y0.000000 Z0.000000
G1 F355.192413 X-9.256726 Y0.000000 Z0.000000
G1 F357.933218 X-9.244795 Y0.000000 Z0.000000
G1 F360.670490 X-9.232773 Y0.000000 Z0.000000
G1 F363.404202 X-9.220659 Y0.000000 Z0.000000
G1 F366.134327 X-9.208455 Y0.000000 Z0.000000
G1 F368.860839 X-9.196159 Y0.000000 Z0.000000
G1 F371.583711 X-9.183773 Y0.000000 Z0.000000
G1 F374.302915 X-9.171297 Y0.000000 Z0.000000
G1 F377.018425 X-9.158729 Y0.000000 Z0.000000
G1 F379.730213 X-9.146072 Y0.000000 Z0.000000
G1 F382.438254 X-9.133324 Y0.000000 Z0.000000
G1 F385.142521 X-9.120486 Y0.000000 Z0.000000
G1 F387.842986 X-9.107557 Y0.000000 Z0.000000
G1 F390.539624 X-9.094539 Y0.000000 Z0.000000
G1 F393.232407 X-9.081432 Y0.000000 Z0.000000
G1 F395.921309 X-9.068234 Y0.000000 Z0.000000
G1 F398.606303 X-9.054947 Y0.000000 Z0.000000
G1 F401.287363 X-9.041571 Y0.000000 Z0.000000
G1 F403.964463 X-9.028106 Y0.000000 Z0.000000
G1 F406.637576 X-9.014551 Y0.000000 Z0.000000
G1 F409.306675 X-9.000908 Y0.000000 Z0.000000
G1 F411.971735 X-8.987175 Y0.000000 Z0.000000
G1 F414.632729 X-8.973354 Y0.000000 Z0.000000
G1 F417.289630 X-8.959444 Y0.000000 Z0.000000
G1 F419.942413 X-8.945446 Y0.000000 Z0.000000
G1 F422.591052 X-8.931360 Y0.000000 Z0.000000
G1 F425.235519 X-8.917186 Y0.000000 Z0.000000
G1 F427.875790 X-8.902923 Y0.000000 Z0.000000
G1 F430.511837 X-8.888573 Y0.000000 Z0.000000
G1 F433.143636 X-8.874134 Y0.000000 Z0.000000
G1 F435.771160 X-8.859609 Y0.000000 Z0.000000
G1 F438.394383 X-8.844996 Y0.000000 Z0.000000
G1 F441.013279 X-8.830295 Y0.000000 Z0.000000
G1 F443.627822 X-8.815508 Y0.000000 Z0.000000
G1 F446.237987 X-8.800633 Y0.000000 Z0.000000
G1 F448.843748 X-8.785672 Y0.000000 Z0.000000
G1 F451.445079 X-8.770623 Y0.000000 Z0.000000
G1 F454.041954 X-8.755489 Y0.000000 Z0.000000
G1 F456.634348 X-8.740267 Y0.000000 Z0.000000
G1 F459.222236 X-8.724960 Y0.000000 Z0.000000
G1 F461.805591 X-8.709567 Y0.000000 Z0.000000
G1 F464.384388 X-8.694087 Y0.000000 Z0.000000
G1 F466.958602 X-8.678522 Y0.000000 Z0.000000
G1 F469.528207 X-8.662871 Y0.000000 Z0.000000
G1 F472.093178 X-8.647134 Y0.000000 Z0.000000
G1 F474.653490 X-8.631313 Y0.000000 Z0.000000
G1 F477.209117 X-8.615406 Y0.000000 Z0.000000
G1 F479.760034 X-8.599414 Y0.000000 Z0.000000
G1 F482.306217 X-8.583337 Y0.000000 Z0.000000
G1 F484.847639 X-8.567175 Y0.000000 Z0.000000
G1 F487.384275 X-8.550929 Y0.000000 Z0.000000
G1 F489.916102 X-8.534599 Y0.000000 Z0.000000
G1 F492.443093 X-8.518184 Y0.000000 Z0.000000
G1 F494.965224 X-8.501685 Y0.000000 Z0.000000
G1 F497.482470 X-8.485102 Y0.000000 Z0.000000
G1 F499.994806 X-8.468436 Y0.000000 Z0.000000
G1 F502.502207 X-8.451686 Y0.000000 Z0.000000
G1 F505.004649 X-8.434852 Y0.000000 Z0.000000
G1 F507.502107 X-8.417935 Y0.000000 Z0.000000
G1 F509.994555 X-8.400936 Y0.000000 Z0.000000
G1 F512.481971 X-8.383853 Y0.000000 Z0.000000
G1 F514.964328 X-8.366687 Y0.000000 Z0.000000
G1 F517.441603 X-8.349439 Y0.000000 Z0.000000
G1 F519.913771 X-8.332109 Y0.000000 Z0.000000
G1 F522.380807 X-8.314696 Y0.000000 Z0.000000
G1 F524.842688 X-8.297201 Y0.000000 Z0.000000
G1 F527.299389 X-8.279625 Y0.000000 Z0.000000
G1 F529.750885 X-8.261966 Y0.000000 Z0.000000
G1 F532.197153 X-8.244226 Y0.000000 Z0.000000
G1 F534.638169 X-8.226405 Y0.000000 Z0.000000
G1 F537.073908 X-8.208503 Y0.000000 Z0.000000
G1 F539.504346 X-8.190519 Y0.000000 Z0.000000
G1 F541.929460 X-8.172455 Y0.000000 Z0.000000
G1 F544.349225 X-8.154310 Y0.000000 Z0.000000
G1 F546.763617 X-8.136084 Y0.000000 Z0.000000
G1 F549.172613 X-8.117779 Y0.000000 Z0.000000
G1 F551.576189 X-8.099393 Y0.000000 Z0.000000
G1 F553.974321 X-8.080927 Y0.000000 Z0.000000
G1 F556.366986 X-8.062381 Y0.000000 Z0.000000
G1 F558.754159 X-8.043756 Y0.000000 Z0.000000
G1 F561.135818 X-8.025052 Y0.000000 Z0.000000
G1 F563.511939 X-8.006268 Y0.000000 Z0.000000
G1 F565.882498 X-7.987405 Y0.000000 Z0.000000
G1 F568.247472 X-7.968464 Y0.000000 Z0.000000
G1 F570.606838 X-7.949444 Y0.000000 Z0.000000
G1 F572.960572 X-7.930345 Y0.000000 Z0.000000
G1 F575.308651 X-7.911168 Y0.000000 Z0.000000
G1 F577.651052 X-7.891913 Y0.000000 Z0.000000
G1 F579.987751 X-7.872580 Y0.000000 Z0.000000
G1 F582.318727 X-7.853169 Y0.000000 Z0.000000
G1 F584.643955 X-7.833681 Y0.000000 Z0.000000
G1 F586.963413 X-7.814116 Y0.000000 Z0.000000
G1 F589.277078 X-7.794473 Y0.000000 Z0.000000
G1 F591.584928 X-7.774754 Y0.000000 Z0.000000
G1 F593.886938 X-7.754957 Y0.000000 Z0.000000
G1 F596.183087 X-7.735085 Y0.000000 Z0.000000
G1 F598.473352 X-7.715136 Y0.000000 Z0.000000
G1 F600.187361 X-7.705132 Y0.000000 Z0.000000
G1 F601.328059 X-7.695110 Y0.000000 Z0.000000
G1 F602.467275 X-7.685069 Y0.000000 Z0.000000
G1 F603.605003 X-7.675009 Y0.000000 Z0.000000
G1 F604.741243 X-7.664930 Y0.000000 Z0.000000
G1 F605.875990 X-7.654832 Y0.000000 Z0.000000
G1 F607.009242 X-7.644715 Y0.000000 Z0.000000
G1 F608.140997 X-7.634580 Y0.000000 Z0.000000
G1 F609.271250 X-7.624425 Y0.000000 Z0.000000
G1 F610.400001 X-7.614252 Y0.000000 Z0.000000
G1 F611.527246 X-7.604060 Y0.000000 Z0.000000
G1 F612.652981 X-7.593849 Y0.000000 Z0.000000
G1 F613.777205 X-7.583619 Y0.000000 Z0.000000
G1 F614.899915 X-7.573371 Y0.000000 Z0.000000
G1 F616.021107 X-7.563104 Y0.000000 Z0.000000
G1 F617.140780 X-7.552818 Y0.000000 Z0.000000
G1 F618.258929 X-7.542514 Y0.000000 Z0.000000
G1 F619.375554 X-7.532191 Y0.000000 Z0.000000
G1 F620.490650 X-7.521849 Y0.000000 Z0.000000
G1 F621.604215 X-7.511489 Y0.000000 Z0.000000
G1 F622.716246 X-7.501111 Y0.000000 Z0.000000
G1 F623.826740 X-7.490714 Y0.000000 Z0.000000
G1 F624.935696 X-7.480298 Y0.000000 Z0.000000
G1 F626.043109 X-7.469864 Y0.000000 Z0.000000
G1 F627.148978 X-7.459411 Y0.000000 Z0.000000
G1 F628.253300 X-7.448941 Y0.000000 Z0.000000
G1 F629.356071 X-7.438451 Y0.000000 Z0.000000
G1 F630.457289 X-7.427944 Y0.000000 Z0.000000
G1 F631.556952 X-7.417418 Y0.000000 Z0.000000
G1 F632.655056 X-7.406873 Y0.000000 Z0.000000
G1 F633.751600 X-7.396311 Y0.000000 Z0.000000
G1 F634.846579 X-7.385730 Y0.000000 Z0.000000
G1 F635.939993 X-7.375131 Y0.000000 Z0.000000
G1 F637.031837 X-7.364514 Y0.000000 Z0.000000
G1 F638.122109 X-7.353879 Y0.000000 Z0.000000
G1 F639.210807 X-7.343225 Y0.000000 Z0.000000
G1 F640.297928 X-7.332553 Y0.000000 Z0.000000
G1 F641.383469 X-7.321864 Y0.000000 Z0.000000
G1 F642.467427 X-7.311156 Y0.000000 Z0.000000
G1 F643.549800 X-7.300430 Y0.000000 Z0.000000
G1 F644.630585 X-7.289686 Y0.000000 Z0.000000
G1 F645.709780 X-7.278924 Y0.000000 Z0.000000
G1 F646.787381 X-7.268145 Y0.000000 Z0.000000
G1 F647.863386 X-7.257347 Y0.000000 Z0.000000
G1 F648.937793 X-7.246531 Y0.000000 Z0.000000
G1 F650.010599 X-7.235698 Y0.000000 Z0.000000
G1 F651.081801 X-7.224846 Y0.000000 Z0.000000
G1 F652.151396 X-7.213977 Y0.000000 Z0.000000
G1 F653.219383 X-7.203090 Y0.000000 Z0.000000
G1 F654.285757 X-7.192185 Y0.000000 Z0.000000
G1 F655.350517 X-7.181263 Y0.000000 Z0.000000
G1 F656.413661 X-7.170323 Y0.000000 Z0.000000
G1 F657.475184 X-7.159365 Y0.000000 Z0.000000
G1 F658.535085 X-7.148389 Y0.000000 Z0.000000
G1 F659.593362 X-7.137396 Y0.000000 Z0.000000
G1 F660.650011 X-7.126385 Y0.000000 Z0.000000
G1 F661.705030 X-7.115357 Y0.000000 Z0.000000
G1 F662.758416 X-7.104311 Y0.000000 Z0.000000
G1 F663.810167 X-7.093247 Y0.000000 Z0.000000
G1 F664.860279 X-7.082166 Y0.000000 Z0.000000
G1 F665.908752 X-7.071068 Y0.000000 Z0.000000
G1 F666.955581 X-7.059952 Y0.000000 Z0.000000
G1 F668.000765 X-7.048819 Y0.000000 Z0.000000
G1 F669.044301 X-7.037668 Y0.000000 Z0.000000
G1 F670.086185 X-7.026500 Y0.000000 Z0.000000
G1 F671.126417 X-7.015314 Y0.000000 Z0.000000
G1 F672.164992 X-7.004112 Y0.000000 Z0.000000
G1 F673.201909 X-6.992891 Y0.000000 Z0.000000
G1 F674.237165 X-6.981654 Y0.000000 Z0.000000
G1 F675.270757 X-6.970400 Y0.000000 Z0.000000
G1 F676.302683 X-6.959128 Y0.000000 Z0.000000
G1 F677.332941 X-6.947839 Y0.000000 Z0.000000
G1 F678.361527 X-6.936533 Y0.000000 Z0.000000
G1 F679.388439 X-6.925210 Y0.000000 Z0.000000
G1 F680.413675 X-6.913870 Y0.000000 Z0.000000
G1 F681.437232 X-6.902512 Y0.000000 Z0.000000
G1 F682.459108 X-6.891138 Y0.000000 Z0.000000
G1 F683.479300 X-6.879747 Y0.000000 Z0.000000
G1 F684.497806 X-6.868338 Y0.000000 Z0.000000
G1 F685.514622 X-6.856913 Y0.000000 Z0.000000
G1 F686.529747 X-6.845471 Y0.000000 Z0.000000
G1 F687.543178 X-6.834012 Y0.000000 Z0.000000
G1 F688.554913 X-6.822536 Y0.000000 Z0.000000
G1 F689.564949 X-6.811043 Y0.000000 Z0.000000
G1 F690.573283 X-6.799534 Y0.000000 Z0.000000
G1 F691.579914 X-6.788007 Y0.000000 Z0.000000
G1 F692.584838 X-6.776464 Y0.000000 Z0.000000
G1 F693.588053 X-6.764905 Y0.000000 Z0.000000
G1 F694.589557 X-6.753328 Y0.000000 Z0.000000
G1 F695.589347 X-6.741735 Y0.000000 Z0.000000
G1 F696.587420 X-6.730125 Y0.000000 Z0.000000
G1 F697.583775 X-6.718499 Y0.000000 Z0.000000
G1 F698.578409 X-6.706856 Y0.000000 Z0.000000
G1 F699.571319 X-6.695196 Y0.000000 Z0.000000
G1 F700.562503 X-6.683520 Y0.000000 Z0.000000
G1 F701.551958 X-6.671828 Y0.000000 Z0.000000
G1 F702.539682 X-6.660119 Y0.000000 Z0.000000
G1 F703.525673 X-6.648393 Y0.000000 Z0.000000
G1 F704.509928 X-6.636651 Y0.000000 Z0.000000
G1 F705.492445 X-6.624893 Y0.000000 Z0.000000
G1 F706.473221 X-6.613119 Y0.000000 Z0.000000
G1 F707.452253 X-6.601328 Y0.000000 Z0.000000
G1 F708.429541 X-6.589521 Y0.000000 Z0.000000
G1 F709.405080 X-6.577697 Y0.000000 Z0.000000
G1 F710.378869 X-6.565858 Y0.000000 Z0.000000
G1 F711.350905 X-6.554002 Y0.000000 Z0.000000
G1 F712.321186 X-6.542130 Y0.000000 Z0.000000
G1 F713.289709 X-6.530242 Y0.000000 Z0.000000
G1 F714.256472 X-6.518337 Y0.000000 Z0.000000
G1 F715.221473 X-6.506417 Y0.000000 Z0.000000
G1 F716.184709 X-6.494480 Y0.000000 Z0.000000
G1 F717.146178 X-6.482528 Y0.000000 Z0.000000
G1 F718.105878 X-6.470560 Y0.000000 Z0.000000
G1 F719.063806 X-6.458575 Y0.000000 Z0.000000
G1 F720.019959 X-6.446575 Y0.000000 Z0.000000
G1 F720.974336 X-6.434559 Y0.000000 Z0.000000
G1 F721.926934 X-6.422527 Y0.000000 Z0.000000
G1 F722.877751 X-6.410479 Y0.000000 Z0.000000
G1 F723.826784 X-6.398415 Y0.000000 Z0.000000
G1 F724.774031 X-6.386335 Y0.000000 Z0.000000
G1 F725.719490 X-6.374240 Y0.000000 Z0.000000
G1 F726.663158 X-6.362129 Y0.000000 Z0.000000
G1 F727.605034 X-6.350002 Y0.000000 Z0.000000
G1 F728.545114 X-6.337860 Y0.000000 Z0.000000
G1 F729.483396 X-6.325702 Y0.000000 Z0.000000
G1 F730.419878 X-6.313528 Y0.000000 Z0.000000
G1 F731.354558 X-6.301339 Y0.000000 Z0.000000
G1 F732.287434 X-6.289134 Y0.000000 Z0.000000
G1 F733.218503 X-6.276914 Y0.000000 Z0.000000
G1 F734.147762 X-6.264678 Y0.000000 Z0.000000
G1 F735.075211 X-6.252427 Y0.000000 Z0.000000
G1 F736.000845 X-6.240160 Y0.000000 Z0.000000
G1 F736.924664 X-6.227878 Y0.000000 Z0.000000
G1 F737.846664 X-6.215580 Y0.000000 Z0.000000
G1 F738.766843 X-6.203268 Y0.000000 Z0.000000
G1 F739.685200 X-6.190939 Y0.000000 Z0.000000
G1 F740.601732 X-6.178596 Y0.000000 Z0.000000
G1 F741.516436 X-6.166238 Y0.000000 Z0.000000
G1 F742.429311 X-6.153864 Y0.000000 Z0.000000
G1 F743.340354 X-6.141475 Y0.000000 Z0.000000
G1 F744.249562 X-6.129071 Y0.000000 Z0.000000
G1 F745.156935 X-6.116651 Y0.000000 Z0.000000
G1 F746.062468 X-6.104217 Y0.000000 Z0.000000
G1 F746.966161 X-6.091767 Y0.000000 Z0.000000
G1 F747.868011 X-6.079303 Y0.000000 Z0.000000
G1 F748.768016 X-6.066824 Y0.000000 Z0.000000
G1 F749.666173 X-6.054329 Y0.000000 Z0.000000
G1 F750.562480 X-6.041820 Y0.000000 Z0.000000
G1 F751.456935 X-6.029295 Y0.000000 Z0.000000
G1 F752.349537 X-6.016756 Y0.000000 Z0.000000
G1 F753.240281 X-6.004202 Y0.000000 Z0.000000
G1 F754.129168 X-5.991633 Y0.000000 Z0.000000
G1 F755.016193 X-5.979050 Y0.000000 Z0.000000
G1 F755.901356 X-5.966451 Y0.000000 Z0.000000
G1 F756.784654 X-5.953838 Y0.000000 Z0.000000
G1 F757.666084 X-5.941211 Y0.000000 Z0.000000
G1 F758.545645 X-5.928568 Y0.000000 Z0.000000
G1 F759.423334 X-5.915911 Y0.000000 Z0.000000
G1 F760.299149 X-5.903239 Y0.000000 Z0.000000
G1 F761.173089 X-5.890553 Y0.000000 Z0.000000
G1 F762.045150 X-5.877853 Y0.000000 Z0.000000
G1 F762.915331 X-5.865137 Y0.000000 Z0.000000
G1 F763.783629 X-5.852408 Y0.000000 Z0.000000
G1 F764.650043 X-5.839663 Y0.000000 Z0.000000
G1 F765.514571 X-5.826905 Y0.000000 Z0.000000
G1 F766.377209 X-5.814132 Y0.000000 Z0.000000
G1 F767.237957 X-5.801345 Y0.000000 Z0.000000
G1 F768.096811 X-5.788543 Y0.000000 Z0.000000
G1 F768.953771 X-5.775727 Y0.000000 Z0.000000
G1 F769.808832 X-5.762897 Y0.000000 Z0.000000
G1 F770.661995 X-5.750053 Y0.000000 Z0.000000
G1 F771.513256 X-5.737194 Y0.000000 Z0.000000
G1 F772.362613 X-5.724321 Y0.000000 Z0.000000
G1 F773.210065 X-5.711434 Y0.000000 Z0.000000
G1 F774.055609 X-5.698533 Y0.000000 Z0.000000
G1 F774.899243 X-5.685619 Y0.000000 Z0.000000
G1 F775.740965 X-5.672689 Y0.000000 Z0.000000
G1 F776.580772 X-5.659746 Y0.000000 Z0.000000
G1 F777.418664 X-5.646790 Y0.000000 Z0.000000
G1 F778.254638 X-5.633819 Y0.000000 Z0.000000
G1 F779.088691 X-5.620834 Y0.000000 Z0.000000
G1 F779.920822 X-5.607835 Y0.000000 Z0.000000
G1 F780.751028 X-5.594823 Y0.000000 Z0.000000
G1 F781.579308 X-5.581796 Y0.000000 Z0.000000
G1 F782.405660 X-5.568756 Y0.000000 Z0.000000
G1 F783.230081 X-5.555702 Y0.000000 Z0.000000
G1 F784.052570 X-5.542635 Y0.000000 Z0.000000
G1 F784.873124 X-5.529554 Y0.000000 Z0.000000
G1 F785.691741 X-5.516459 Y0.000000 Z0.000000
G1 F786.508420 X-5.503350 Y0.000000 Z0.000000
G1 F787.323158 X-5.490228 Y0.000000 Z0.000000
G1 F788.135954 X-5.477093 Y0.000000 Z0.000000
G1 F788.946805 X-5.463943 Y0.000000 Z0.000000
G1 F789.755709 X-5.450781 Y0.000000 Z0.000000
G1 F790.562664 X-5.437605 Y0.000000 Z0.000000
G1 F791.367669 X-5.424415 Y0.000000 Z0.000000
G1 F792.170722 X-5.411213 Y0.000000 Z0.000000
G1 F792.971819 X-5.397996 Y0.000000 Z0.000000
G1 F793.770961 X-5.384767 Y0.000000 Z0.000000
G1 F794.568143 X-5.371524 Y0.000000 Z0.000000
G1 F795.363365 X-5.358268 Y0.000000 Z0.000000
G1 F796.156625 X-5.344999 Y0.000000 Z0.000000
G1 F796.947920 X-5.331716 Y0.000000 Z0.000000
G1 F797.737249 X-5.318421 Y0.000000 Z0.000000
G1 F798.524609 X-5.305112 Y0.000000 Z0.000000
G1 F799.310000 X-5.291790 Y0.000000 Z0.000000
G1 F800.093417 X-5.278455 Y0.000000 Z0.000000
G1 F800.874861 X-5.265107 Y0.000000 Z0.000000
G1 F801.654329 X-5.251746 Y0.000000 Z0.000000
G1 F802.431819 X-5.238372 Y0.000000 Z0.000000
G1 F803.207329 X-5.224986 Y0.000000 Z0.000000
G1 F803.980856 X-5.211586 Y0.000000 Z0.000000
G1 F804.752401 X-5.198173 Y0.000000 Z0.000000
G1 F805.521959 X-5.184748 Y0.000000 Z0.000000
G1 F806.289530 X-5.171310 Y0.000000 Z0.000000
G1 F807.055112 X-5.157859 Y0.000000 Z0.000000
G1 F807.818702 X-5.144395 Y0.000000 Z0.000000
G1 F808.580299 X-5.130919 Y0.000000 Z0.000000
G1 F809.339901 X-5.117430 Y0.000000 Z0.000000
G1 F810.097506 X-5.103928 Y0.000000 Z0.000000
G1 F810.853112 X-5.090414 Y0.000000 Z0.000000
G1 F811.606718 X-5.076887 Y0.000000 Z0.000000
G1 F812.358321 X-5.063348 Y0.000000 Z0.000000
G1 F813.107919 X-5.049796 Y0.000000 Z0.000000
G1 F813.855511 X-5.036232 Y0.000000 Z0.000000
G1 F814.601095 X-5.022655 Y0.000000 Z0.000000
G1 F815.344670 X-5.009066 Y0.000000 Z0.000000
G1 F816.086232 X-4.995465 Y0.000000 Z0.000000
G1 F816.825781 X-4.981851 Y0.000000 Z0.000000
G1 F817.563314 X-4.968225 Y0.000000 Z0.000000
G1 F818.298830 X-4.954587 Y0.000000 Z0.000000
G1 F819.032327 X-4.940936 Y0.000000 Z0.000000
G1 F819.763803 X-4.927273 Y0.000000 Z0.000000
G1 F820.493257 X-4.913599 Y0.000000 Z0.000000
G1 F821.220686 X-4.899912 Y0.000000 Z0.000000
G1 F821.946088 X-4.886212 Y0.000000 Z0.000000
G1 F822.669463 X-4.872501 Y0.000000 Z0.000000
G1 F823.390808 X-4.858778 Y0.000000 Z0.000000
G1 F824.110121 X-4.845043 Y0.000000 Z0.000000
G1 F824.827401 X-4.831296 Y0.000000 Z0.000000
G1 F825.542645 X-4.817537 Y0.000000 Z0.000000
G1 F826.255853 X-4.803766 Y0.000000 Z0.000000
G1 F826.967022 X-4.789983 Y0.000000 Z0.000000
G1 F827.676150 X-4.776188 Y0.000000 Z0.000000
G1 F828.383236 X-4.762382 Y0.000000 Z0.000000
G1 F829.088278 X-4.748564 Y0.000000 Z0.000000
G1 F829.791275 X-4.734734 Y0.000000 Z0.000000
G1 F830.492224 X-4.720893 Y0.000000 Z0.000000
G1 F831.191124 X-4.707039 Y0.000000 Z0.000000
G1 F831.887973 X-4.693175 Y0.000000 Z0.000000
G1 F832.582770 X-4.679298 Y0.000000 Z0.000000
G1 F833.275512 X-4.665410 Y0.000000 Z0.000000
G1 F833.966198 X-4.651511 Y0.000000 Z0.000000
G1 F834.654826 X-4.637600 Y0.000000 Z0.000000
G1 F835.341395 X-4.623678 Y0.000000 Z0.000000
G1 F836.025903 X-4.609744 Y0.000000 Z0.000000
G1 F836.708348 X-4.595799 Y0.000000 Z0.000000
G1 F837.388729 X-4.581842 Y0.000000 Z0.000000
G1 F838.067043 X-4.567874 Y0.000000 Z0.000000
G1 F838.743290 X-4.553895 Y0.000000 Z0.000000
G1 F839.417467 X-4.539905 Y0.000000 Z0.000000
G1 F840.089573 X-4.525904 Y0.000000 Z0.000000
G1 F840.759606 X-4.511891 Y0.000000 Z0.000000
G1 F841.427564 X-4.497867 Y0.000000 Z0.000000
G1 F842.093447 X-4.483832 Y0.000000 Z0.000000
G1 F842.757251 X-4.469786 Y0.000000 Z0.000000
G1 F843.418977 X-4.455729 Y0.000000 Z0.000000
G1 F844.078621 X-4.441661 Y0.000000 Z0.000000
G1 F844.736182 X-4.427582 Y0.000000 Z0.000000
G1 F845.391659 X-4.413492 Y0.000000 Z0.000000
G1 F846.045051 X-4.399392 Y0.000000 Z0.000000
G1 F846.696354 X-4.385280 Y0.000000 Z0.000000
G1 F847.345569 X-4.371158 Y0.000000 Z0.000000
G1 F847.992693 X-4.357024 Y0.000000 Z0.000000
G1 F848.637724 X-4.342880 Y0.000000 Z0.000000
G1 F849.280662 X-4.328726 Y0.000000 Z0.000000
G1 F849.921504 X-4.314560 Y0.000000 Z0.000000
G1 F850.560249 X-4.300384 Y0.000000 Z0.000000
G1 F851.196895 X-4.286198 Y0.000000 Z0.000000
G1 F851.831441 X-4.272001 Y0.000000 Z0.000000
G1 F852.463885 X-4.257793 Y0.000000 Z0.000000
G1 F853.094226 X-4.243575 Y0.000000 Z0.000000
G1 F853.722462 X-4.229346 Y0.000000 Z0.000000
G1 F854.348591 X-4.215107 Y0.000000 Z0.000000
G1 F854.972613 X-4.200857 Y0.000000 Z0.000000
G1 F855.594525 X-4.186597 Y0.000000 Z0.000000
G1 F856.214325 X-4.172327 Y0.000000 Z0.000000
G1 F856.832014 X-4.158047 Y0.000000 Z0.000000
G1 F857.447588 X-4.143756 Y0.000000 Z0.000000
G1 F858.061046 X-4.129455 Y0.000000 Z0.000000
G1 F858.672387 X-4.115144 Y0.000000 Z0.000000
G1 F859.281609 X-4.100822 Y0.000000 Z0.000000
G1 F859.888712 X-4.086491 Y0.000000 Z0.000000
G1 F860.493692 X-4.072149 Y0.000000 Z0.000000
G1 F861.096550 X-4.057798 Y0.000000 Z0.000000
G1 F861.697282 X-4.043436 Y0.000000 Z0.000000
G1 F862.295889 X-4.029064 Y0.000000 Z0.000000
G1 F862.892368 X-4.014683 Y0.000000 Z0.000000
G1 F863.486718 X-4.000291 Y0.000000 Z0.000000
G1 F864.078937 X-3.985890 Y0.000000 Z0.000000
G1 F864.669024 X-3.971479 Y0.000000 Z0.000000
G1 F865.256978 X-3.957058 Y0.000000 Z0.000000
G1 F865.842797 X-3.942627 Y0.000000 Z0.000000
G1 F866.426479 X-3.928187 Y0.000000 Z0.000000
G1 F867.008024 X-3.913737 Y0.000000 Z0.000000
G1 F867.587429 X-3.899277 Y0.000000 Z0.000000
G1 F868.164694 X-3.884807 Y0.000000 Z0.000000
G1 F868.739817 X-3.870328 Y0.000000 Z0.000000
G1 F869.312796 X-3.855840 Y0.000000 Z0.000000
G1 F869.883630 X-3.841342 Y0.000000 Z0.000000
G1 F870.452318 X-3.826834 Y0.000000 Z0.000000
G1 F871.018858 X-3.812317 Y0.000000 Z0.000000
G1 F871.583248 X-3.797791 Y0.000000 Z0.000000
G1 F872.145489 X-3.783255 Y0.000000 Z0.000000
G1 F872.705577 X-3.768710 Y0.000000 Z0.000000
G1 F873.263512 X-3.754156 Y0.000000 Z0.000000
G1 F873.819292 X-3.739592 Y0.000000 Z0.000000
G1 F874.372917 X-3.725019 Y0.000000 Z0.000000
G1 F874.924384 X-3.710437 Y0.000000 Z0.000000
G1 F875.473692 X-3.695846 Y0.000000 Z0.000000
G1 F876.020840 X-3.681246 Y0.000000 Z0.000000
G1 F876.565826 X-3.666636 Y0.000000 Z0.000000
G1 F877.108650 X-3.652018 Y0.000000 Z0.000000
G1 F877.649309 X-3.637390 Y0.000000 Z0.000000
G1 F878.187803 X-3.622754 Y0.000000 Z0.000000
G1 F878.724130 X-3.608108 Y0.000000 Z0.000000
G1 F879.258289 X-3.593454 Y0.000000 Z0.000000
G1 F879.790278 X-3.578791 Y0.000000 Z0.000000
G1 F880.320097 X-3.564119 Y0.000000 Z0.000000
G1 F880.847744 X-3.549438 Y0.000000 Z0.000000
G1 F881.373217 X-3.534748 Y0.000000 Z0.000000
G1 F881.896515 X-3.520050 Y0.000000 Z0.000000
G1 F882.417638 X-3.505343 Y0.000000 Z0.000000
G1 F882.936583 X-3.490628 Y0.000000 Z0.000000
G1 F883.453349 X-3.475903 Y0.000000 Z0.000000
G1 F883.967936 X-3.461171 Y0.000000 Z0.000000
G1 F884.480342 X-3.446429 Y0.000000 Z0.000000
G1 F884.990565 X-3.431679 Y0.000000 Z0.000000
G1 F885.498605 X-3.416921 Y0.000000 Z0.000000
G1 F886.004460 X-3.402154 Y0.000000 Z0.000000
G1 F886.508128 X-3.387379 Y0.000000 Z0.000000
G1 F887.009609 X-3.372596 Y0.000000 Z0.000000
G1 F887.508902 X-3.357804 Y0.000000 Z0.000000
G1 F888.006005 X-3.343004 Y0.000000 Z0.000000
G1 F888.500917 X-3.328195 Y0.000000 Z0.000000
G1 F888.993636 X-3.313379 Y0.000000 Z0.000000
G1 F889.484162 X-3.298554 Y0.000000 Z0.000000
G1 F889.972493 X-3.283721 Y0.000000 Z0.000000
G1 F890.458629 X-3.268880 Y0.000000 Z0.000000
G1 F890.942567 X-3.254031 Y0.000000 Z0.000000
G1 F891.424307 X-3.239174 Y0.000000 Z0.000000
G1 F891.903847 X-3.224309 Y0.000000 Z0.000000
G1 F892.381187 X-3.209436 Y0.000000 Z0.000000
G1 F892.856325 X-3.194555 Y0.000000 Z0.000000
G1 F893.329260 X-3.179666 Y0.000000 Z0.000000
G1 F893.799990 X-3.164770 Y0.000000 Z0.000000
G1 F894.268516 X-3.149865 Y0.000000 Z0.000000
G1 F894.734835 X-3.134953 Y0.000000 Z0.000000
G1 F895.198946 X-3.120033 Y0.000000 Z0.000000
G1 F895.660848 X-3.105105 Y0.000000 Z0.000000
G1 F896.120540 X-3.090170 Y0.000000 Z0.000000
G1 F896.578021 X-3.075227 Y0.000000 Z0.000000
G1 F897.033290 X-3.060276 Y0.000000 Z0.000000
G1 F897.486346 X-3.045318 Y0.000000 Z0.000000
G1 F897.937187 X-3.030353 Y0.000000 Z0.000000
G1 F898.385813 X-3.015380 Y0.000000 Z0.000000
G1 F898.832222 X-3.000399 Y0.000000 Z0.000000
G1 F899.276413 X-2.985411 Y0.000000 Z0.000000
G1 F899.718385 X-2.970416 Y0.000000 Z0.000000
G1 F900.158138 X-2.955413 Y0.000000 Z0.000000
G1 F900.595669 X-2.940403 Y0.000000 Z0.000000
G1 F901.030978 X-2.925386 Y0.000000 Z0.000000
G1 F901.464064 X-2.910362 Y0.000000 Z0.000000
G1 F901.894926 X-2.895330 Y0.000000 Z0.000000
G1 F902.323562 X-2.880291 Y0.000000 Z0.000000
G1 F902.749972 X-2.865246 Y0.000000 Z0.000000
G1 F903.174155 X-2.850193 Y0.000000 Z0.000000
G1 F903.596109 X-2.835133 Y0.000000 Z0.000000
G1 F904.015833 X-2.820066 Y0.000000 Z0.000000
G1 F904.433327 X-2.804992 Y0.000000 Z0.000000
G1 F904.848589 X-2.789911 Y0.000000 Z0.000000
G1 F905.261619 X-2.774823 Y0.000000 Z0.000000
G1 F905.672415 X-2.759729 Y0.000000 Z0.000000
G1 F906.080977 X-2.744627 Y0.000000 Z0.000000
G1 F906.487302 X-2.729519 Y0.000000 Z0.000000
G1 F906.891391 X-2.714404 Y0.000000 Z0.000000
G1 F907.293243 X-2.699283 Y0.000000 Z0.000000
G1 F907.692855 X-2.684155 Y0.000000 Z0.000000
G1 F908.090229 X-2.669020 Y0.000000 Z0.000000
G1 F908.485361 X-2.653878 Y0.000000 Z0.000000
G1 F908.878252 X-2.638730 Y0.000000 Z0.000000
G1 F909.268900 X-2.623576 Y0.000000 Z0.000000
G1 F909.657305 X-2.608415 Y0.000000 Z0.000000
G1 F910.043465 X-2.593248 Y0.000000 Z0.000000
G1 F910.427380 X-2.578074 Y0.000000 Z0.000000
G1 F910.809049 X-2.562894 Y0.000000 Z0.000000
G1 F911.188470 X-2.547707 Y0.000000 Z0.000000
G1 F911.565643 X-2.532514 Y0.000000 Z0.000000
G1 F911.940566 X-2.517315 Y0.000000 Z0.000000
G1 F912.313240 X-2.502110 Y0.000000 Z0.000000
G1 F912.683662 X-2.486899 Y0.000000 Z0.000000
G1 F913.051833 X-2.471681 Y0.000000 Z0.000000
G1 F913.417751 X-2.456458 Y0.000000 Z0.000000
G1 F913.781414 X-2.441228 Y0.000000 Z0.000000
G1 F914.142824 X-2.425992 Y0.000000 Z0.000000
G1 F914.501977 X-2.410751 Y0.000000 Z0.000000
G1 F914.858875 X-2.395503 Y0.000000 Z0.000000
G1 F915.213515 X-2.380249 Y0.000000 Z0.000000
G1 F915.565896 X-2.364990 Y0.000000 Z0.000000
G1 F915.916019 X-2.349725 Y0.000000 Z0.000000
G1 F916.263882 X-2.334454 Y0.000000 Z0.000000
G1 F916.609484 X-2.319177 Y0.000000 Z0.000000
G1 F916.952824 X-2.303894 Y0.000000 Z0.000000
G1 F917.293902 X-2.288606 Y0.000000 Z0.000000
G1 F917.632716 X-2.273312 Y0.000000 Z0.000000
G1 F917.969267 X-2.258013 Y0.000000 Z0.000000
G1 F918.303552 X-2.242708 Y0.000000 Z0.000000
G1 F918.635571 X-2.227397 Y0.000000 Z0.000000
G1 F918.965324 X-2.212081 Y0.000000 Z0.000000
G1 F919.292810 X-2.196759 Y0.000000 Z0.000000
G1 F919.618027 X-2.181432 Y0.000000 Z0.000000
G1 F919.940975 X-2.166100 Y0.000000 Z0.000000
G1 F920.261653 X-2.150762 Y0.000000 Z0.000000
G1 F920.580060 X-2.135419 Y0.000000 Z0.000000
G1 F920.896197 X-2.120071 Y0.000000 Z0.000000
G1 F921.210060 X-2.104718 Y0.000000 Z0.000000
G1 F921.521651 X-2.089359 Y0.000000 Z0.000000
G1 F921.830968 X-2.073995 Y0.000000 Z0.000000
G1 F922.138011 X-2.058626 Y0.000000 Z0.000000
G1 F922.442778 X-2.043252 Y0.000000 Z0.000000
G1 F922.745270 X-2.027873 Y0.000000 Z0.000000
G1 F923.045484 X-2.012489 Y0.000000 Z0.000000
G1 F923.343421 X-1.997100 Y0.000000 Z0.000000
G1 F923.639080 X-1.981706 Y0.000000 Z0.000000
G1 F923.932460 X-1.966307 Y0.000000 Z0.000000
G1 F924.223560 X-1.950903 Y0.000000 Z0.000000
G1 F924.512379 X-1.935495 Y0.000000 Z0.000000
G1 F924.798918 X-1.920081 Y0.000000 Z0.000000
G1 F925.083174 X-1.904663 Y0.000000 Z0.000000
G1 F925.365148 X-1.889241 Y0.000000 Z0.000000
G1 F925.644839 X-1.873813 Y0.000000 Z0.000000
G1 F925.922246 X-1.858381 Y0.000000 Z0.000000
G1 F926.197368 X-1.842944 Y0.000000 Z0.000000
G1 F926.470205 X-1.827503 Y0.000000 Z0.000000
G1 F926.740756 X-1.812058 Y0.000000 Z0.000000
G1 F927.009020 X-1.796607 Y0.000000 Z0.000000
G1 F927.274997 X-1.781153 Y0.000000 Z0.000000
G1 F927.538686 X-1.765694 Y0.000000 Z0.000000
G1 F927.800087 X-1.750231 Y0.000000 Z0.000000
G1 F928.059198 X-1.734763 Y0.000000 Z0.000000
G1 F928.316019 X-1.719291 Y0.000000 Z0.000000
G1 F928.570550 X-1.703815 Y0.000000 Z0.000000
G1 F928.822790 X-1.688334 Y0.000000 Z0.000000
G1 F929.072738 X-1.672850 Y0.000000 Z0.000000
G1 F929.320393 X-1.657361 Y0.000000 Z0.000000
G1 F929.565756 X-1.641868 Y0.000000 Z0.000000
G1 F929.808824 X-1.626372 Y0.000000 Z0.000000
G1 F930.049599 X-1.610871 Y0.000000 Z0.000000
G1 F930.288079 X-1.595366 Y0.000000 Z0.000000
G1 F930.524263 X-1.579857 Y0.000000 Z0.000000
G1 F930.758152 X-1.564345 Y0.000000 Z0.000000
G1 F930.989744 X-1.548828 Y0.000000 Z0.000000
G1 F931.219038 X-1.533308 Y0.000000 Z0.000000
G1 F931.446035 X-1.517784 Y0.000000 Z0.000000
G1 F931.670734 X-1.502256 Y0.000000 Z0.000000
G1 F931.893134 X-1.486724 Y0.000000 Z0.000000
G1 F932.113235 X-1.471189 Y0.000000 Z0.000000
G1 F932.331036 X-1.455650 Y0.000000 Z0.000000
G1 F932.546536 X-1.440108 Y0.000000 Z0.000000
G1 F932.759735 X-1.424562 Y0.000000 Z0.000000
G1 F932.970633 X-1.409012 Y0.000000 Z0.000000
G1 F933.179229 X-1.393459 Y0.000000 Z0.000000
G1 F933.385523 X-1.377903 Y0.000000 Z0.000000
G1 F933.589513 X-1.362343 Y0.000000 Z0.000000
G1 F933.791200 X-1.346780 Y0.000000 Z0.000000
G1 F933.990582 X-1.331213 Y0.000000 Z0.000000
G1 F934.187661 X-1.315644 Y0.000000 Z0.000000
G1 F934.382434 X-1.300071 Y0.000000 Z0.000000
G1 F934.574901 X-1.284494 Y0.000000 Z0.000000
G1 F934.765063 X-1.268915 Y0.000000 Z0.000000
G1 F934.952918 X-1.253332 Y0.000000 Z0.000000
G1 F935.138467 X-1.237747 Y0.000000 Z0.000000
G1 F935.321708 X-1.222158 Y0.000000 Z0.000000
G1 F935.502641 X-1.206566 Y0.000000 Z0.000000
G1 F935.681266 X-1.190972 Y0.000000 Z0.000000
G1 F935.857582 X-1.175374 Y0.000000 Z0.000000
G1 F936.031589 X-1.159773 Y0.000000 Z0.000000
G1 F936.203287 X-1.144170 Y0.000000 Z0.000000
G1 F936.372674 X-1.128564 Y0.000000 Z0.000000
G1 F936.539752 X-1.112955 Y0.000000 Z0.000000
G1 F936.704518 X-1.097343 Y0.000000 Z0.000000
G1 F936.866973 X-1.081729 Y0.000000 Z0.000000
G1 F937.027116 X-1.066112 Y0.000000 Z0.000000
G1 F937.184948 X-1.050492 Y0.000000 Z0.000000
G1 F937.340467 X-1.034869 Y0.000000 Z0.000000
G1 F937.493673 X-1.019245 Y0.000000 Z0.000000
G1 F937.644566 X-1.003617 Y0.000000 Z0.000000
G1 F937.793146 X-0.987987 Y0.000000 Z0.000000
G1 F937.939411 X-0.972355 Y0.000000 Z0.000000
G1 F938.083363 X-0.956720 Y0.000000 Z0.000000
G1 F938.225000 X-0.941083 Y0.000000 Z0.000000
G1 F938.364321 X-0.925444 Y0.000000 Z0.000000
G1 F938.501328 X-0.909802 Y0.000000 Z0.000000
G1 F938.636018 X-0.894158 Y0.000000 Z0.000000
G1 F938.768393 X-0.878512 Y0.000000 Z0.000000
G1 F938.898452 X-0.862864 Y0.000000 Z0.000000
G1 F939.026194 X-0.847213 Y0.000000 Z0.000000
G1 F939.151618 X-0.831561 Y0.000000 Z0.000000
G1 F939.274726 X-0.815906 Y0.000000 Z0.000000
G1 F939.395516 X-0.800250 Y0.000000 Z0.000000
G1 F939.513988 X-0.784591 Y0.000000 Z0.000000
G1 F939.630142 X-0.768930 Y0.000000 Z0.000000
G1 F939.743978 X-0.753268 Y0.000000 Z0.000000
G1 F939.855495 X-0.737604 Y0.000000 Z0.000000
G1 F939.964692 X-0.721938 Y0.000000 Z0.000000
G1 F940.071571 X-0.706270 Y0.000000 Z0.000000
G1 F940.176130 X-0.690600 Y0.000000 Z0.000000
G1 F940.278369 X-0.674929 Y0.000000 Z0.000000
G1 F940.378289 X-0.659256 Y0.000000 Z0.000000
G1 F940.475887 X-0.643581 Y0.000000 Z0.000000
G1 F940.571166 X-0.627905 Y0.000000 Z0.000000
G1 F940.664123 X-0.612227 Y0.000000 Z0.000000
G1 F940.754760 X-0.596548 Y0.000000 Z0.000000
G1 F940.843075 X-0.580867 Y0.000000 Z0.000000
G1 F940.929069 X-0.565185 Y0.000000 Z0.000000
G1 F941.012742 X-0.549502 Y0.000000 Z0.000000
G1 F941.094092 X-0.533817 Y0.000000 Z0.000000
G1 F941.173121 X-0.518131 Y0.000000 Z0.000000
G1 F941.249827 X-0.502443 Y0.000000 Z0.000000
G1 F941.324210 X-0.486754 Y0.000000 Z0.000000
G1 F941.396272 X-0.471065 Y0.000000 Z0.000000
G1 F941.466010 X-0.455373 Y0.000000 Z0.000000
G1 F941.533425 X-0.439681 Y0.000000 Z0.000000
G1 F941.598517 X-0.423988 Y0.000000 Z0.000000
G1 F941.661286 X-0.408294 Y0.000000 Z0.000000
G1 F941.721732 X-0.392598 Y0.000000 Z0.000000
G1 F941.779853 X-0.376902 Y0.000000 Z0.000000
G1 F941.835652 X-0.361205 Y0.000000 Z0.000000
G1 F941.889126 X-0.345506 Y0.000000 Z0.000000
G1 F941.940276 X-0.329807 Y0.000000 Z0.000000
G1 F941.989102 X-0.314108 Y0.000000 Z0.000000
G1 F942.035604 X-0.298407 Y0.000000 Z0.000000
G1 F942.079781 X-0.282706 Y0.000000 Z0.000000
G1 F942.121634 X-0.267004 Y0.000000 Z0.000000
G1 F942.161162 X-0.251301 Y0.000000 Z0.000000
G1 F942.198366 X-0.235598 Y0.000000 Z0.000000
G1 F942.233245 X-0.219894 Y0.000000 Z0.000000
G1 F942.265799 X-0.204189 Y0.000000 Z0.000000
G1 F942.296028 X-0.188484 Y0.000000 Z0.000000
G1 F942.323932 X-0.172779 Y0.000000 Z0.000000
G1 F942.349511 X-0.157073 Y0.000000 Z0.000000
G1 F942.372764 X-0.141367 Y0.000000 Z0.000000
G1 F942.393693 X-0.125660 Y0.000000 Z0.000000
G1 F942.412296 X-0.109954 Y0.000000 Z0.000000
G1 F942.428574 X-0.094246 Y0.000000 Z0.000000
G1 F942.442527 X-0.078539 Y0.000000 Z0.000000
G1 F942.454154 X-0.062831 Y0.000000 Z0.000000
G1 F942.463456 X-0.047124 Y0.000000 Z0.000000
G1 F942.470432 X-0.031416 Y0.000000 Z0.000000
G1 F942.475083 X-0.015708 Y0.000000 Z0.000000
G1 F942.477408 X-0.000000 Y0.000000 Z0.000000
G1 F942.477408 X0.015708 Y0.000000 Z0.000000
G1 F942.475083 X0.031416 Y0.000000 Z0.000000
G1 F942.470432 X0.047124 Y0.000000 Z0.000000
G1 F942.463456 X0.062831 Y0.000000 Z0.000000
G1 F942.454154 X0.078539 Y0.000000 Z0.000000
G1 F942.442527 X0.094246 Y0.000000 Z0.000000
G1 F942.428574 X0.109954 Y0.000000 Z0.000000
G1 F942.412296 X0.125660 Y0.000000 Z0.000000
G1 F942.393693 X0.141367 Y0.000000 Z0.000000
G1 F942.372764 X0.157073 Y0.000000 Z0.000000
G1 F942.349511 X0.172779 Y0.000000 Z0.000000
G1 F942.323932 X0.188484 Y0.000000 Z0.000000
G1 F942.296028 X0.204189 Y0.000000 Z0.000000
G1 F942.265799 X0.219894 Y0.000000 Z0.000000
G1 F942.233245 X0.235598 Y0.000000 Z0.000000
G1 F942.198366 X0.251301 Y0.000000 Z0.000000
G1 F942.161162 X0.267004 Y0.000000 Z0.000000
G1 F942.121634 X0.282706 Y0.000000 Z0.000000
G1 F942.079781 X0.298407 Y0.000000 Z0.000000
G1 F942.035604 X0.314108 Y0.000000 Z0.000000
G1 F941.989102 X0.329807 Y0.000000 Z0.000000
G1 F941.940276 X0.345506 Y0.000000 Z0.000000
G1 F941.889126 X0.361205 Y0.000000 Z0.000000
G1 F941.835652 X0.376902 Y0.000000 Z0.000000
G1 F941.779853 X0.392598 Y0.000000 Z0.000000
G1 F941.721732 X0.408294 Y0.000000 Z0.000000
G1 F941.661286 X0.423988 Y0.000000 Z0.000000
G1 F941.598517 X0.439681 Y0.000000 Z0.000000
G1 F941.533425 X0.455373 Y0.000000 Z0.000000
G1 F941.466010 X0.471065 Y0.000000 Z0.000000
G1 F941.396272 X0.486754 Y0.000000 Z0.000000
G1 F941.324210 X0.502443 Y0.000000 Z0.000000
G1 F941.249827 X0.518131 Y0.000000 Z0.000000
G1 F941.173121 X0.533817 Y0.000000 Z0.000000
G1 F941.094092 X0.549502 Y0.000000 Z0.000000
G1 F941.012742 X0.565185 Y0.000000 Z0.000000
G1 F940.929069 X0.580867 Y0.000000 Z0.000000
G1 F940.843075 X0.596548 Y0.000000 Z0.000000
G1 F940.754760 X0.612227 Y0.000000 Z0.000000
G1 F940.664123 X0.627905 Y0.000000 Z0.000000
G1 F940.571166 X0.643581 Y0.000000 Z0.000000
G1 F940.475887 X0.659256 Y0.000000 Z0.000000
G1 F940.378289 X0.674929 Y0.000000 Z0.000000
G1 F940.278369 X0.690600 Y0.000000 Z0.000000
G1 F940.176130 X0.706270 Y0.000000 Z0.000000
G1 F940.071571 X0.721938 Y0.000000 Z0.000000
G1 F939.964692 X0.737604 Y0.000000 Z0.000000
G1 F939.855495 X0.753268 Y0.000000 Z0.000000
G1 F939.743978 X0.768930 Y0.000000 Z0.000000
G1 F939.630142 X0.784591 Y0.000000 Z0.000000
G1 F939.513988 X0.800250 Y0.000000 Z0.000000
G1 F939.395516 X0.815906 Y0.000000 Z0.000000
G1 F939.274726 X0.831561 Y0.000000 Z0.000000
G1 F939.151618 X0.847213 Y0.000000 Z0.000000
G1 F939.026194 X0.862864 Y0.000000 Z0.000000
G1 F938.898452 X0.878512 Y0.000000 Z0.000000
G1 F938.768393 X0.894158 Y0.000000 Z0.000000
G1 F938.636018 X0.909802 Y0.000000 Z0.000000
G1 F938.501328 X0.925444 Y0.000000 Z0.000000
G1 F938.364321 X0.941083 Y0.000000 Z0.000000
G1 F938.225000 X0.956720 Y0.000000 Z0.000000
G1 F938.083363 X0.972355 Y0.000000 Z0.000000
G1 F937.939411 X0.987987 Y0.000000 Z0.000000
G1 F937.793146 X1.003617 Y0.000000 Z0.000000
G1 F937.644566 X1.019245 Y0.000000 Z0.000000
G1 F937.493673 X1.034869 Y0.000000 Z0.000000
G1 F937.340467 X1.050492 Y0.000000 Z0.000000
G1 F937.184948 X1.066112 Y0.000000 Z0.000000
G1 F937.027116 X1.081729 Y0.000000 Z0.000000
G1 F936.866973 X1.097343 Y0.000000 Z0.000000
G1 F936.704518 X1.112955 Y0.000000 Z0.000000
G1 F936.539752 X1.128564 Y0.000000 Z0.000000
G1 F936.372674 X1.144170 Y0.000000 Z0.000000
G1 F936.203287 X1.159773 Y0.000000 Z0.000000
G1 F936.031589 X1.175374 Y0.000000 Z0.000000
G1 F935.857582 X1.190972 Y0.000000 Z0.000000
G1 F935.681266 X1.206566 Y0.000000 Z0.000000
G1 F935.502641 X1.222158 Y0.000000 Z0.000000
G1 F935.321708 X1.237747 Y0.000000 Z0.000000
G1 F935.138467 X1.253332 Y0.000000 Z0.000000
G1 F934.952918 X1.268915 Y0.000000 Z0.000000
G1 F934.765063 X1.284494 Y0.000000 Z0.000000
G1 F934.574901 X1.300071 Y0.000000 Z0.000000
G1 F934.382434 X1.315644 Y0.000000 Z0.000000
G1 F934.187661 X1.331213 Y0.000000 Z0.000000
G1 F933.990582 X1.346780 Y0.000000 Z0.000000
G1 F933.791200 X1.362343 Y0.000000 Z0.000000
G1 F933.589513 X1.377903 Y0.000000 Z0.000000
G1 F933.385523 X1.393459 Y0.000000 Z0.000000
G1 F933.179229 X1.409012 Y0.000000 Z0.000000
G1 F932.970633 X1.424562 Y0.000000 Z0.000000
G1 F932.759735 X1.440108 Y0.000000 Z0.000000
G1 F932.546536 X1.455650 Y0.000000 Z0.000000
G1 F932.331036 X1.471189 Y0.000000 Z0.000000
G1 F932.113235 X1.486724 Y0.000000 Z0.000000
G1 F931.893134 X1.502256 Y0.000000 Z0.000000
G1 F931.670734 X1.517784 Y0.000000 Z0.000000
G1 F931.446035 X1.533308 Y0.000000 Z0.000000
G1 F931.219038 X1.548828 Y0.000000 Z0.000000
G1 F930.989744 X1.564345 Y0.000000 Z0.000000
G1 F930.758152 X1.579857 Y0.000000 Z0.000000
G1 F930.524263 X1.595366 Y0.000000 Z0.000000
G1 F930.288079 X1.610871 Y0.000000 Z0.000000
G1 F930.049599 X1.626372 Y0.000000 Z0.000000
G1 F929.808824 X1.641868 Y0.000000 Z0.000000
G1 F929.565756 X1.657361 Y0.000000 Z0.000000
G1 F929.320393 X1.672850 Y0.000000 Z0.000000
G1 F929.072738 X1.688334 Y0.000000 Z0.000000
G1 F928.822790 X1.703815 Y0.000000 Z0.000000
G1 F928.570550 X1.719291 Y0.000000 Z0.000000
G1 F928.316019 X1.734763 Y0.000000 Z0.000000
G1 F928.059198 X1.750231 Y0.000000 Z0.000000
G1 F927.800087 X1.765694 Y0.000000 Z0.000000
G1 F927.538686 X1.781153 Y0.000000 Z0.000000
G1 F927.274997 X1.796607 Y0.000000 Z0.000000
G1 F927.009020 X1.812058 Y0.000000 Z0.000000
G1 F926.740756 X1.827503 Y0.000000 Z0.000000
G1 F926.470205 X1.842944 Y0.000000 Z0.000000
G1 F926.197368 X1.858381 Y0.000000 Z0.000000
G1 F925.922246 X1.873813 Y0.000000 Z0.000000
G1 F925.644839 X1.889241 Y0.000000 Z0.000000
G1 F925.365148 X1.904663 Y0.000000 Z0.000000
G1 F925.083174 X1.920081 Y0.000000 Z0.000000
G1 F924.798918 X1.935495 Y0.000000 Z0.000000
G1 F924.512379 X1.950903 Y0.000000 Z0.000000
G1 F924.223560 X1.966307 Y0.000000 Z0.000000
G1 F923.932460 X1.981706 Y0.000000 Z0.000000
G1 F923.639080 X1.997100 Y0.000000 Z0.000000
G1 F923.343421 X2.012489 Y0.000000 Z0.000000
G1 F923.045484 X2.027873 Y0.000000 Z0.000000
G1 F922.745270 X2.043252 Y0.000000 Z0.000000
G1 F922.442778 X2.058626 Y0.000000 Z0.000000
G1 F922.138011 X2.073995 Y0.000000 Z0.000000
G1 F921.830968 X2.089359 Y0.000000 Z0.000000
G1 F921.521651 X2.104718 Y0.000000 Z0.000000
G1 F921.210060 X2.120071 Y0.000000 Z0.000000
G1 F920.896197 X2.135419 Y0.000000 Z0.000000
G1 F920.580060 X2.150762 Y0.000000 Z0.000000
G1 F920.261653 X2.166100 Y0.000000 Z0.000000
G1 F919.940975 X2.181432 Y0.000000 Z0.000000
G1 F919.618027 X2.196759 Y0.000000 Z0.000000
G1 F919.292810 X2.212081 Y0.000000 Z0.000000
G1 F918.965324 X2.227397 Y0.000000 Z0.000000
G1 F918.635571 X2.242708 Y0.000000 Z0.000000
G1 F918.303552 X2.258013 Y0.000000 Z0.000000
G1 F917.969267 X2.273312 Y0.000000 Z0.000000
G1 F917.632716 X2.288606 Y0.000000 Z0.000000
G1 F917.293902 X2.303894 Y0.000000 Z0.000000
G1 F916.952824 X2.319177 Y0.000000 Z0.000000
G1 F916.609484 X2.334454 Y0.000000 Z0.000000
G1 F916.263882 X2.349725 Y0.000000 Z0.000000
G1 F915.916019 X2.364990 Y0.000000 Z0.000000
G1 F915.565896 X2.380249 Y0.000000 Z0.000000
G1 F915.213515 X2.395503 Y0.000000 Z0.000000
G1 F914.858875 X2.410751 Y0.000000 Z0.000000
G1 F914.501977 X2.425992 Y0.000000 Z0.000000
G1 F914.142824 X2.441228 Y0.000000 Z0.000000
G1 F913.781414 X2.456458 Y0.000000 Z0.000000
G1 F913.417751 X2.471681 Y0.000000 Z0.000000
G1 F913.051833 X2.486899 Y0.000000 Z0.000000
G1 F912.683662 X2.502110 Y0.000000 Z0.000000
G1 F912.313240 X2.517315 Y0.000000 Z0.000000
G1 F911.940566 X2.532514 Y0.000000 Z0.000000
G1 F911.565643 X2.547707 Y0.000000 Z0.000000
G1 F911.188470 X2.562894 Y0.000000 Z0.000000
G1 F910.809049 X2.578074 Y0.000000 Z0.000000
G1 F910.427380 X2.593248 Y0.000000 Z0.000000
G1 F910.043465 X2.608415 Y0.000000 Z0.000000
G1 F909.657305 X2.623576 Y0.000000 Z0.000000
G1 F909.268900 X2.638730 Y0.000000 Z0.000000
G1 F908.878252 X2.653878 Y0.000000 Z0.000000
G1 F908.485361 X2.669020 Y0.000000 Z0.000000
G1 F908.090229 X2.684155 Y0.000000 Z0.000000
G1 F907.692855 X2.699283 Y0.000000 Z0.000000
G1 F907.293243 X2.714404 Y0.000000 Z0.000000
G1 F906.891391 X2.729519 Y0.000000 Z0.000000
G1 F906.487302 X2.744627 Y0.000000 Z0.000000
G1 F906.080977 X2.759729 Y0.000000 Z0.000000
G1 F905.672415 X2.774823 Y0.000000 Z0.000000
G1 F905.261619 X2.789911 Y0.000000 Z0.000000
G1 F904.848589 X2.804992 Y0.000000 Z0.000000
G1 F904.433327 X2.820066 Y0.000000 Z0.000000
G1 F904.015833 X2.835133 Y0.000000 Z0.000000
G1 F903.596109 X2.850193 Y0.000000 Z0.000000
G1 F903.174155 X2.865246 Y0.000000 Z0.000000
G1 F902.749972 X2.880291 Y0.000000 Z0.000000
G1 F902.323562 X2.895330 Y0.000000 Z0.000000
G1 F901.894926 X2.910362 Y0.000000 Z0.000000
G1 F901.464064 X2.925386 Y0.000000 Z0.000000
G1 F901.030978 X2.940403 Y0.000000 Z0.000000
G1 F900.595669 X2.955413 Y0.000000 Z0.000000
G1 F900.158138 X2.970416 Y0.000000 Z0.000000
G1 F899.718385 X2.985411 Y0.000000 Z0.000000
G1 F899.276413 X3.000399 Y0.000000 Z0.000000
G1 F898.832222 X3.015380 Y0.000000 Z0.000000
G1 F898.385813 X3.030353 Y0.000000 Z0.000000
G1 F897.937187 X3.045318 Y0.000000 Z0.000000
G1 F897.486346 X3.060276 Y0.000000 Z0.000000
G1 F897.033290 X3.075227 Y0.000000 Z0.000000
G1 F896.578021 X3.090170 Y0.000000 Z0.000000
G1 F896.120540 X3.105105 Y0.000000 Z0.000000
G1 F895.660848 X3.120033 Y0.000000 Z0.000000
G1 F895.198946 X3.134953 Y0.000000 Z0.000000
G1 F894.734835 X3.149865 Y0.000000 Z0.000000
G1 F894.268516 X3.164770 Y0.000000 Z0.000000
G1 F893.799990 X3.179666 Y0.000000 Z0.000000
G1 F893.329260 X3.194555 Y0.000000 Z0.000000
G1 F892.856325 X3.209436 Y0.000000 Z0.000000
G1 F892.381187 X3.224309 Y0.000000 Z0.000000
G1 F891.903847 X3.239174 Y0.000000 Z0.000000
G1 F891.424307 X3.254031 Y0.000000 Z0.000000
G1 F890.942567 X3.268880 Y0.000000 Z0.000000
G1 F890.458629 X3.283721 Y0.000000 Z0.000000
G1 F889.972493 X3.298554 Y0.000000 Z0.000000
G1 F889.484162 X3.313379 Y0.000000 Z0.000000
G1 F888.993636 X3.328195 Y0.000000 Z0.000000
G1 F888.500917 X3.343004 Y0.000000 Z0.000000
G1 F888.006005 X3.357804 Y0.000000 Z0.000000
G1 F887.508902 X3.372596 Y0.000000 Z0.000000
G1 F887.009609 X3.387379 Y0.000000 Z0.000000
G1 F886.508128 X3.402154 Y0.000000 Z0.000000
G1 F886.004460 X3.416921 Y0.000000 Z0.000000
G1 F885.498605 X3.431679 Y0.000000 Z0.000000
G1 F884.990565 X3.446429 Y0.000000 Z0.000000
G1 F884.480342 X3.461171 Y0.000000 Z0.000000
G1 F883.967936 X3.475903 Y0.000000 Z0.000000
G1 F883.453349 X3.490628 Y0.000000 Z0.000000
G1 F882.936583 X3.505343 Y0.000000 Z0.000000
G1 F882.417638 X3.520050 Y0.000000 Z0.000000
G1 F881.896515 X3.534748 Y0.000000 Z0.000000
G1 F881.373217 X3.549438 Y0.000000 Z0.000000
G1 F880.847744 X3.564119 Y0.000000 Z0.000000
G1 F880.320097 X3.578791 Y0.000000 Z0.000000
G1 F879.790278 X3.593454 Y0.000000 Z0.000000
G1 F879.258289 X3.608108 Y0.000000 Z0.000000
G1 F878.724130 X3.622754 Y0.000000 Z0.000000
G1 F878.187803 X3.637390 Y0.000000 Z0.000000
G1 F877.649309 X3.652018 Y0.000000 Z0.000000
G1 F877.108650 X3.666636 Y0.000000 Z0.000000
G1 F876.565826 X3.681246 Y0.000000 Z0.000000
G1 F876.020840 X3.695846 Y0.000000 Z0.000000
G1 F875.473692 X3.710437 Y0.000000 Z0.000000
G1 F874.924384 X3.725019 Y0.000000 Z0.000000
G1 F874.372917 X3.739592 Y0.000000 Z0.000000
G1 F873.819292 X3.754156 Y0.000000 Z0.000000
G1 F873.263512 X3.768710 Y0.000000 Z0.000000
G1 F872.705577 X3.783255 Y0.000000 Z0.000000
G1 F872.145489 X3.797791 Y0.000000 Z0.000000
G1 F871.583248 X3.812317 Y0.000000 Z0.000000
G1 F871.018858 X3.826834 Y0.000000 Z0.000000
G1 F870.452318 X3.841342 Y0.000000 Z0.000000
G1 F869.883630 X3.855840 Y0.000000 Z0.000000
G1 F869.312796 X3.870328 Y0.000000 Z0.000000
G1 F868.739817 X3.884807 Y0.000000 Z0.000000
G1 F868.164694 X3.899277 Y0.000000 Z0.000000
G1 F867.587429 X3.913737 Y0.000000 Z0.000000
G1 F867.008024 X3.928187 Y0.000000 Z0.000000
G1 F866.426479 X3.942627 Y0.000000 Z0.000000
G1 F865.842797 X3.957058 Y0.000000 Z0.000000
G1 F865.256978 X3.971479 Y0.000000 Z0.000000
G1 F864.669024 X3.985890 Y0.000000 Z0.000000
G1 F864.078937 X4.000291 Y0.000000 Z0.000000
G1 F863.486718 X4.014683 Y0.000000 Z0.000000
G1 F862.892368 X4.029064 Y0.000000 Z0.000000
G1 F862.295889 X4.043436 Y0.000000 Z0.000000
G1 F861.697282 X4.057798 Y0.000000 Z0.000000
G1 F861.096550 X4.072149 Y0.000000 Z0.000000
G1 F860.493692 X4.086491 Y0.000000 Z0.000000
G1 F859.888712 X4.100822 Y0.000000 Z0.000000
G1 F859.281609 X4.115144 Y0.000000 Z0.000000
G1 F858.672387 X4.129455 Y0.000000 Z0.000000
G1 F858.061046 X4.143756 Y0.000000 Z0.000000
G1 F857.447588 X4.158047 Y0.000000 Z0.000000
G1 F856.832014 X4.172327 Y0.000000 Z0.000000
G1 F856.214325 X4.186597 Y0.000000 Z0.000000
G1 F855.594525 X4.200857 Y0.000000 Z0.000000
G1 F854.972613 X4.215107 Y0.000000 Z0.000000
G1 F854.348591 X4.229346 Y0.000000 Z0.000000
G1 F853.722462 X4.243575 Y0.000000 Z0.000000
G1 F853.094226 X4.257793 Y0.000000 Z0.000000
G1 F852.463885 X4.272001 Y0.000000 Z0.000000
G1 F851.831441 X4.286198 Y0.000000 Z0.000000
G1 F851.196895 X4.300384 Y0.000000 Z0.000000
G1 F850.560249 X4.314560 Y0.000000 Z0.000000
G1 F849.921504 X4.328726 Y0.000000 Z0.000000
G1 F849.280662 X4.342880 Y0.000000 Z0.000000
G1 F848.637724 X4.357024 Y0.000000 Z0.000000
G1 F847.992693 X4.371158 Y0.000000 Z0.000000
G1 F847.345569 X4.385280 Y0.000000 Z0.000000
G1 F846.696354 X4.399392 Y0.000000 Z0.000000
G1 F846.045051 X4.413492 Y0.000000 Z0.000000
G1 F845.391659 X4.427582 Y0.000000 Z0.000000
G1 F844.736182 X4.441661 Y0.000000 Z0.000000
G1 F844.078621 X4.455729 Y0.000000 Z0.000000
G1 F843.418977 X4.469786 Y0.000000 Z0.000000
G1 F842.757251 X4.483832 Y0.000000 Z0.000000
G1 F842.093447 X4.497867 Y0.000000 Z0.000000
G1 F841.427564 X4.511891 Y0.000000 Z0.000000
G1 F840.759606 X4.525904 Y0.000000 Z0.000000
G1 F840.089573 X4.539905 Y0.000000 Z0.000000
G1 F839.417467 X4.553895 Y0.000000 Z0.000000
G1 F838.743290 X4.567874 Y0.000000 Z0.000000
G1 F838.067043 X4.581842 Y0.000000 Z0.000000
G1 F837.388729 X4.595799 Y0.000000 Z0.000000
G1 F836.708348 X4.609744 Y0.000000 Z0.000000
G1 F836.025903 X4.623678 Y0.000000 Z0.000000
G1 F835.341395 X4.637600 Y0.000000 Z0.000000
G1 F834.654826 X4.651511 Y0.000000 Z0.000000
G1 F833.966198 X4.665410 Y0.000000 Z0.000000
G1 F833.275512 X4.679298 Y0.000000 Z0.000000
G1 F832.582770 X4.693175 Y0.000000 Z0.000000
G1 F831.887973 X4.707039 Y0.000000 Z0.000000
G1 F831.191124 X4.720893 Y0.000000 Z0.000000
G1 F830.492224 X4.734734 Y0.000000 Z0.000000
G1 F829.791275 X4.748564 Y0.000000 Z0.000000
G1 F829.088278 X4.762382 Y0.000000 Z0.000000
G1 F828.383236 X4.776188 Y0.000000 Z0.000000
G1 F827.676150 X4.789983 Y0.000000 Z0.000000
G1 F826.967022 X4.803766 Y0.000000 Z0.000000
G1 F826.255853 X4.817537 Y0.000000 Z0.000000
G1 F825.542645 X4.831296 Y0.000000 Z0.000000
G1 F824.827401 X4.845043 Y0.000000 Z0.000000
G1 F824.110121 X4.858778 Y0.000000 Z0.000000
G1 F823.390808 X4.872501 Y0.000000 Z0.000000
G1 F822.669463 X4.886212 Y0.000000 Z0.000000
G1 F821.946088 X4.899912 Y0.000000 Z0.000000
G1 F821.220686 X4.913599 Y0.000000 Z0.000000
G1 F820.493257 X4.927273 Y0.000000 Z0.000000
G1 F819.763803 X4.940936 Y0.000000 Z0.000000
G1 F819.032327 X4.954587 Y0.000000 Z0.000000
G1 F818.298830 X4.968225 Y0.000000 Z0.000000
G1 F817.563314 X4.981851 Y0.000000 Z0.000000
G1 F816.825781 X4.995465 Y0.000000 Z0.000000
G1 F816.086232 X5.009066 Y0.000000 Z0.000000
G1 F815.344670 X5.022655 Y0.000000 Z0.000000
G1 F814.601095 X5.036232 Y0.000000 Z0.000000
G1 F813.855511 X5.049796 Y0.000000 Z0.000000
G1 F813.107919 X5.063348 Y0.000000 Z0.000000
G1 F812.358321 X5.076887 Y0.000000 Z0.000000
G1 F811.606718 X5.090414 Y0.000000 Z0.000000
G1 F810.853112 X5.103928 Y0.000000 Z0.000000
G1 F810.097506 X5.117430 Y0.000000 Z0.000000
G1 F809.339901 X5.130919 Y0.000000 Z0.000000
G1 F808.580299 X5.144395 Y0.000000 Z0.000000
G1 F807.818702 X5.157859 Y0.000000 Z0.000000
G1 F807.055112 X5.171310 Y0.000000 Z0.000000
G1 F806.289530 X5.184748 Y0.000000 Z0.000000
G1 F805.521959 X5.198173 Y0.000000 Z0.000000
G1 F804.752401 X5.211586 Y0.000000 Z0.000000
G1 F803.980856 X5.224986 Y0.000000 Z0.000000
G1 F803.207329 X5.238372 Y0.000000 Z0.000000
G1 F802.431819 X5.251746 Y0.000000 Z0.000000
G1 F801.654329 X5.265107 Y0.000000 Z0.000000
G1 F800.874861 X5.278455 Y0.000000 Z0.000000
G1 F800.093417 X5.291790 Y0.000000 Z0.000000
G1 F799.310000 X5.305112 Y0.000000 Z0.000000
G1 F798.524609 X5.318421 Y0.000000 Z0.000000
G1 F797.737249 X5.331716 Y0.000000 Z0.000000
G1 F796.947920 X5.344999 Y0.000000 Z0.000000
G1 F796.156625 X5.358268 Y0.000000 Z0.000000
G1 F795.363365 X5.371524 Y0.000000 Z0.000000
G1 F794.568143 X5.384767 Y0.000000 Z0.000000
G1 F793.770961 X5.397996 Y0.000000 Z0.000000
G1 F792.971819 X5.411213 Y0.000000 Z0.000000
G1 F792.170722 X5.424415 Y0.000000 Z0.000000
G1 F791.367669 X5.437605 Y0.000000 Z0.000000
G1 F790.562664 X5.450781 Y0.000000 Z0.000000
G1 F789.755709 X5.463943 Y0.000000 Z0.000000
G1 F788.946805 X5.477093 Y0.000000 Z0.000000
G1 F788.135954 X5.490228 Y0.000000 Z0.000000
G1 F787.323158 X5.503350 Y0.000000 Z0.000000
G1 F786.508420 X5.516459 Y0.000000 Z0.000000
G1 F785.691741 X5.529554 Y0.000000 Z0.000000
G1 F784.873124 X5.542635 Y0.000000 Z0.000000
G1 F784.052570 X5.555702 Y0.000000 Z0.000000
G1 F783.230081 X5.568756 Y0.000000 Z0.000000
G1 F782.405660 X5.581796 Y0.000000 Z0.000000
G1 F781.579308 X5.594823 Y0.000000 Z0.000000
G1 F780.751028 X5.607835 Y0.000000 Z0.000000
G1 F779.920822 X5.620834 Y0.000000 Z0.000000
G1 F779.088691 X5.633819 Y0.000000 Z0.000000
G1 F778.254638 X5.646790 Y0.000000 Z0.000000
G1 F777.418664 X5.659746 Y0.000000 Z0.000000
G1 F776.580772 X5.672689 Y0.000000 Z0.000000
G1 F775.740965 X5.685619 Y0.000000 Z0.000000
G1 F774.899243 X5.698533 Y0.000000 Z0.000000
G1 F774.055609 X5.711434 Y0.000000 Z0.000000
G1 F773.210065 X5.724321 Y0.000000 Z0.000000
G1 F772.362613 X5.737194 Y0.000000 Z0.000000
G1 F771.513256 X5.750053 Y0.000000 Z0.000000
G1 F770.661995 X5.762897 Y0.000000 Z0.000000
G1 F769.808832 X5.775727 Y0.000000 Z0.000000
G1 F768.953771 X5.788543 Y0.000000 Z0.000000
G1 F768.096811 X5.801345 Y0.000000 Z0.000000
G1 F767.237957 X5.814132 Y0.000000 Z0.000000
G1 F766.377209 X5.826905 Y0.000000 Z0.000000
G1 F765.514571 X5.839663 Y0.000000 Z0.000000
G1 F764.650043 X5.852408 Y0.000000 Z0.000000
G1 F763.783629 X5.865137 Y0.000000 Z0.000000
G1 F762.915331 X5.877853 Y0.000000 Z0.000000
G1 F762.045150 X5.890553 Y0.000000 Z0.000000
G1 F761.173089 X5.903239 Y0.000000 Z0.000000
G1 F760.299149 X5.915911 Y0.000000 Z0.000000
G1 F759.423334 X5.928568 Y0.000000 Z0.000000
G1 F758.545645 X5.941211 Y0.000000 Z0.000000
G1 F757.666084 X5.953838 Y0.000000 Z0.000000
G1 F756.784654 X5.966451 Y0.000000 Z0.000000
G1 F755.901356 X5.979050 Y0.000000 Z0.000000
G1 F755.016193 X5.991633 Y0.000000 Z0.000000
G1 F754.129168 X6.004202 Y0.000000 Z0.000000
G1 F753.240281 X6.016756 Y0.000000 Z0.000000
G1 F752.349537 X6.029295 Y0.000000 Z0.000000
G1 F751.456935 X6.041820 Y0.000000 Z0.000000
G1 F750.562480 X6.054329 Y0.000000 Z0.000000
G1 F749.666173 X6.066824 Y0.000000 Z0.000000
G1 F748.768016 X6.079303 Y0.000000 Z0.000000
G1 F747.868011 X6.091767 Y0.000000 Z0.000000
G1 F746.966161 X6.104217 Y0.000000 Z0.000000
G1 F746.062468 X6.116651 Y0.000000 Z0.000000
G1 F745.156935 X6.129071 Y0.000000 Z0.000000
G1 F744.249562 X6.141475 Y0.000000 Z0.000000
G1 F743.340354 X6.153864 Y0.000000 Z0.000000
G1 F742.429311 X6.166238 Y0.000000 Z0.000000
G1 F741.516436 X6.178596 Y0.000000 Z0.000000
G1 F740.601732 X6.190939 Y0.000000 Z0.000000
G1 F739.685200 X6.203268 Y0.000000 Z0.000000
G1 F738.766843 X6.215580 Y0.000000 Z0.000000
G1 F737.846664 X6.227878 Y0.000000 Z0.000000
G1 F736.924664 X6.240160 Y0.000000 Z0.000000
G1 F736.000845 X6.252427 Y0.000000 Z0.000000
G1 F735.075211 X6.264678 Y0.000000 Z0.000000
G1 F734.147762 X6.276914 Y0.000000 Z0.000000
G1 F733.218503 X6.289134 Y0.000000 Z0.000000
G1 F732.287434 X6.301339 Y0.000000 Z0.000000
G1 F731.354558 X6.313528 Y0.000000 Z0.000000
G1 F730.419878 X6.325702 Y0.000000 Z0.000000
G1 F729.483396 X6.337860 Y0.000000 Z0.000000
G1 F728.545114 X6.350002 Y0.000000 Z0.000000
G1 F727.605034 X6.362129 Y0.000000 Z0.000000
G1 F726.663158 X6.374240 Y0.000000 Z0.000000
G1 F725.719490 X6.386335 Y0.000000 Z0.000000
G1 F724.774031 X6.398415 Y0.000000 Z0.000000
G1 F723.826784 X6.410479 Y0.000000 Z0.000000
G1 F722.877751 X6.422527 Y0.000000 Z0.000000
G1 F721.926934 X6.434559 Y0.000000 Z0.000000
G1 F720.974336 X6.446575 Y0.000000 Z0.000000
G1 F720.019959 X6.458575 Y0.000000 Z0.000000
G1 F719.063806 X6.470560 Y0.000000 Z0.000000
G1 F718.105878 X6.482528 Y0.000000 Z0.000000
G1 F717.146178 X6.494480 Y0.000000 Z0.000000
G1 F716.184709 X6.506417 Y0.000000 Z0.000000
G1 F715.221473 X6.518337 Y0.000000 Z0.000000
G1 F714.256472 X6.530242 Y0.000000 Z0.000000
G1 F713.289709 X6.542130 Y0.000000 Z0.000000
G1 F712.321186 X6.554002 Y0.000000 Z0.000000
G1 F711.350905 X6.565858 Y0.000000 Z0.000000
G1 F710.378869 X6.577697 Y0.000000 Z0.000000
G1 F709.405080 X6.589521 Y0.000000 Z0.000000
G1 F708.429541 X6.601328 Y0.000000 Z0.000000
G1 F707.452253 X6.613119 Y0.000000 Z0.000000
G1 F706.473221 X6.624893 Y0.000000 Z0.000000
G1 F705.492445 X6.636651 Y0.000000 Z0.000000
G1 F704.509928 X6.648393 Y0.000000 Z0.000000
G1 F703.525673 X6.660119 Y0.000000 Z0.000000
G1 F702.539682 X6.671828 Y0.000000 Z0.000000
G1 F701.551958 X6.683520 Y0.000000 Z0.000000
G1 F700.562503 X6.695196 Y0.000000 Z0.000000
G1 F699.571319 X6.706856 Y0.000000 Z0.000000
G1 F698.578409 X6.718499 Y0.000000 Z0.000000
G1 F697.583775 X6.730125 Y0.000000 Z0.000000
G1 F696.587420 X6.741735 Y0.000000 Z0.000000
G1 F695.589347 X6.753328 Y0.000000 Z0.000000
G1 F694.589557 X6.764905 Y0.000000 Z0.000000
G1 F693.588053 X6.776464 Y0.000000 Z0.000000
G1 F692.584838 X6.788007 Y0.000000 Z0.000000
G1 F691.579914 X6.799534 Y0.000000 Z0.000000
G1 F690.573283 X6.811043 Y0.000000 Z0.000000
G1 F689.564949 X6.822536 Y0.000000 Z0.000000
G1 F688.554913 X6.834012 Y0.000000 Z0.000000
G1 F687.543178 X6.845471 Y0.000000 Z0.000000
G1 F686.529747 X6.856913 Y0.000000 Z0.000000
G1 F685.514622 X6.868338 Y0.000000 Z0.000000
G1 F684.497806 X6.879747 Y0.000000 Z0.000000
G1 F683.479300 X6.891138 Y0.000000 Z0.000000
G1 F682.459108 X6.902512 Y0.000000 Z0.000000
G1 F681.437232 X6.913870 Y0.000000 Z0.000000
G1 F680.413675 X6.925210 Y0.000000 Z0.000000
G1 F679.388439 X6.936533 Y0.000000 Z0.000000
G1 F678.361527 X6.947839 Y0.000000 Z0.000000
G1 F677.332941 X6.959128 Y0.000000 Z0.000000
G1 F676.302683 X6.970400 Y0.000000 Z0.000000
G1 F675.270757 X6.981654 Y0.000000 Z0.000000
G1 F674.237165 X6.992891 Y0.000000 Z0.000000
G1 F673.201909 X7.004112 Y0.000000 Z0.000000
G1 F672.164992 X7.015314 Y0.000000 Z0.000000
G1 F671.126417 X7.026500 Y0.000000 Z0.000000
G1 F670.086185 X7.037668 Y0.000000 Z0.000000
G1 F669.044301 X7.048819 Y0.000000 Z0.000000
G1 F668.000765 X7.059952 Y0.000000 Z0.000000
G1 F666.955581 X7.071068 Y0.000000 Z0.000000
G1 F665.908752 X7.082166 Y0.000000 Z0.000000
G1 F664.860279 X7.093247 Y0.000000 Z0.000000
G1 F663.810167 X7.104311 Y0.000000 Z0.000000
G1 F662.758416 X7.115357 Y0.000000 Z0.000000
G1 F661.705030 X7.126385 Y0.000000 Z0.000000
G1 F660.650011 X7.137396 Y0.000000 Z0.000000
G1 F659.593362 X7.148389 Y0.000000 Z0.000000
G1 F658.535085 X7.159365 Y0.000000 Z0.000000
G1 F657.475184 X7.170323 Y0.000000 Z0.000000
G1 F656.413661 X7.181263 Y0.000000 Z0.000000
G1 F655.350517 X7.192185 Y0.000000 Z0.000000
G1 F654.285757 X7.203090 Y0.000000 Z0.000000
G1 F653.219383 X7.213977 Y0.000000 Z0.000000
G1 F652.151396 X7.224846 Y0.000000 Z0.000000
G1 F651.081801 X7.235698 Y0.000000 Z0.000000
G1 F650.010599 X7.246531 Y0.000000 Z0.000000
G1 F648.937793 X7.257347 Y0.000000 Z0.000000
G1 F647.863386 X7.268145 Y0.000000 Z0.000000
G1 F646.787381 X7.278924 Y0.000000 Z0.000000
G1 F645.709780 X7.289686 Y0.000000 Z0.000000
G1 F644.630585 X7.300430 Y0.000000 Z0.000000
G1 F643.549800 X7.311156 Y0.000000 Z0.000000
G1 F642.467427 X7.321864 Y0.000000 Z0.000000
G1 F641.383469 X7.332553 Y0.000000 Z0.000000
G1 F640.297928 X7.343225 Y0.000000 Z0.000000
G1 F639.210807 X7.353879 Y0.000000 Z0.000000
G1 F638.122109 X7.364514 Y0.000000 Z0.000000
G1 F637.031837 X7.375131 Y0.000000 Z0.000000
G1 F635.939993 X7.385730 Y0.000000 Z0.000000
G1 F634.846579 X7.396311 Y0.000000 Z0.000000
G1 F633.751600 X7.406873 Y0.000000 Z0.000000
G1 F632.655056 X7.417418 Y0.000000 Z0.000000
G1 F631.556952 X7.427944 Y0.000000 Z0.000000
G1 F630.457289 X7.438451 Y0.000000 Z0.000000
G1 F629.356071 X7.448941 Y0.000000 Z0.000000
G1 F628.253300 X7.459411 Y0.000000 Z0.000000
G1 F627.148978 X7.469864 Y0.000000 Z0.000000
G1 F626.043109 X7.480298 Y0.000000 Z0.000000
G1 F624.935696 X7.490714 Y0.000000 Z0.000000
G1 F623.826740 X7.501111 Y0.000000 Z0.000000
G1 F622.716246 X7.511489 Y0.000000 Z0.000000
G1 F621.604215 X7.521849 Y0.000000 Z0.000000
G1 F620.490650 X7.532191 Y0.000000 Z0.000000
G1 F619.375554 X7.542514 Y0.000000 Z0.000000
G1 F618.258929 X7.552818 Y0.000000 Z0.000000
G1 F617.140780 X7.563104 Y0.000000 Z0.000000
G1 F616.021107 X7.573371 Y0.000000 Z0.000000
G1 F614.899915 X7.583619 Y0.000000 Z0.000000
G1 F613.777205 X7.593849 Y0.000000 Z0.000000
G1 F612.652981 X7.604060 Y0.000000 Z0.000000
G1 F611.527246 X7.614252 Y0.000000 Z0.000000
G1 F610.400001 X7.624425 Y0.000000 Z0.000000
G1 F609.271250 X7.634580 Y0.000000 Z0.000000
G1 F608.140997 X7.644715 Y0.000000 Z0.000000
G1 F607.009242 X7.654832 Y0.000000 Z0.000000
G1 F605.875990 X7.664930 Y0.000000 Z0.000000
G1 F604.741243 X7.675009 Y0.000000 Z0.000000
G1 F603.605003 X7.685069 Y0.000000 Z0.000000
G1 F602.467275 X7.695110 Y0.000000 Z0.000000
G1 F601.328059 X7.705132 Y0.000000 Z0.000000
G1 F600.187361 X7.715136 Y0.000000 Z0.000000
G1 F598.473352 X7.735085 Y0.000000 Z0.000000
G1 F596.183087 X7.754957 Y0.000000 Z0.000000
G1 F593.886938 X7.774754 Y0.000000 Z0.000000
G1 F591.584928 X7.794473 Y0.000000 Z0.000000
G1 F589.277078 X7.814116 Y0.000000 Z0.000000
G1 F586.963413 X7.833681 Y0.000000 Z0.000000
G1 F584.643955 X7.853169 Y0.000000 Z0.000000
G1 F582.318727 X7.872580 Y0.000000 Z0.000000
G1 F579.987751 X7.891913 Y0.000000 Z0.000000
G1 F577.651052 X7.911168 Y0.000000 Z0.000000
G1 F575.308651 X7.930345 Y0.000000 Z0.000000
G1 F572.960572 X7.949444 Y0.000000 Z0.000000
G1 F570.606838 X7.968464 Y0.000000 Z0.000000
G1 F568.247472 X7.987405 Y0.000000 Z0.000000
G1 F565.882498 X8.006268 Y0.000000 Z0.000000
G1 F563.511939 X8.025052 Y0.000000 Z0.000000
G1 F561.135818 X8.043756 Y0.000000 Z0.000000
G1 F558.754159 X8.062381 Y0.000000 Z0.000000
G1 F556.366986 X8.080927 Y0.000000 Z0.000000
G1 F553.974321 X8.099393 Y0.000000 Z0.000000
G1 F551.576189 X8.117779 Y0.000000 Z0.000000
G1 F549.172613 X8.136084 Y0.000000 Z0.000000
G1 F546.763617 X8.154310 Y0.000000 Z0.000000
G1 F544.349225 X8.172455 Y0.000000 Z0.000000
G1 F541.929460 X8.190519 Y0.000000 Z0.000000
G1 F539.504346 X8.208503 Y0.000000 Z0.000000
G1 F537.073908 X8.226405 Y0.000000 Z0.000000
G1 F534.638169 X8.244226 Y0.000000 Z0.000000
G1 F532.197153 X8.261966 Y0.000000 Z0.000000
G1 F529.750885 X8.279625 Y0.000000 Z0.000000
G1 F527.299389 X8.297201 Y0.000000 Z0.000000
G1 F524.842688 X8.314696 Y0.000000 Z0.000000
G1 F522.380807 X8.332109 Y0.000000 Z0.000000
G1 F519.913771 X8.349439 Y0.000000 Z0.000000
G1 F517.441603 X8.366687 Y0.000000 Z0.000000
G1 F514.964328 X8.383853 Y0.000000 Z0.000000
G1 F512.481971 X8.400936 Y0.000000 Z0.000000
G1 F509.994555 X8.417935 Y0.000000 Z0.000000
G1 F507.502107 X8.434852 Y0.000000 Z0.000000
G1 F505.004649 X8.451686 Y0.000000 Z0.000000
G1 F502.502207 X8.468436 Y0.000000 Z0.000000
G1 F499.994806 X8.485102 Y0.000000 Z0.000000
G1 F497.482470 X8.501685 Y0.000000 Z0.000000
G1 F494.965224 X8.518184 Y0.000000 Z0.000000
G1 F492.443093 X8.534599 Y0.000000 Z0.000000
G1 F489.916102 X8.550929 Y0.000000 Z0.000000
G1 F487.384275 X8.567175 Y0.000000 Z0.000000
G1 F484.847639 X8.583337 Y0.000000 Z0.000000
G1 F482.306217 X8.599414 Y0.000000 Z0.000000
G1 F479.760034 X8.615406 Y0.000000 Z0.000000
G1 F477.209117 X8.631313 Y0.000000 Z0.000000
G1 F474.653490 X8.647134 Y0.000000 Z0.000000
G1 F472.093178 X8.662871 Y0.000000 Z0.000000
G1 F469.528207 X8.678522 Y0.000000 Z0.000000
G1 F466.958602 X8.694087 Y0.000000 Z0.000000
G1 F464.384388 X8.709567 Y0.000000 Z0.000000
G1 F461.805591 X8.724960 Y0.000000 Z0.000000
G1 F459.222236 X8.740267 Y0.000000 Z0.000000
G1 F456.634348 X8.755489 Y0.000000 Z0.000000
G1 F454.041954 X8.770623 Y0.000000 Z0.000000
G1 F451.445079 X8.785672 Y0.000000 Z0.000000
G1 F448.843748 X8.800633 Y0.000000 Z0.000000
G1 F446.237987 X8.815508 Y0.000000 Z0.000000
G1 F443.627822 X8.830295 Y0.000000 Z0.000000
G1 F441.013279 X8.844996 Y0.000000 Z0.000000
G1 F438.394383 X8.859609 Y0.000000 Z0.000000
G1 F435.771160 X8.874134 Y0.000000 Z0.000000
G1 F433.143636 X8.888573 Y0.000000 Z0.000000
G1 F430.511837 X8.902923 Y0.000000 Z0.000000
G1 F427.875790 X8.917186 Y0.000000 Z0.000000
G1 F425.235519 X8.931360 Y0.000000 Z0.000000
G1 F422.591052 X8.945446 Y0.000000 Z0.000000
G1 F419.942413 X8.959444 Y0.000000 Z0.000000
G1 F417.289630 X8.973354 Y0.000000 Z0.000000
G1 F414.632729 X8.987175 Y0.000000 Z0.000000
G1 F411.971735 X9.000908 Y0.000000 Z0.000000
G1 F409.306675 X9.014551 Y0.000000 Z0.000000
G1 F406.637576 X9.028106 Y0.000000 Z0.000000
G1 F403.964463 X9.041571 Y0.000000 Z0.000000
G1 F401.287363 X9.054947 Y0.000000 Z0.000000
G1 F398.606303 X9.068234 Y0.000000 Z0.000000
G1 F395.921309 X9.081432 Y0.000000 Z0.000000
G1 F393.232407 X9.094539 Y0.000000 Z0.000000
G1 F390.539624 X9.107557 Y0.000000 Z0.000000
G1 F387.842986 X9.120486 Y0.000000 Z0.000000
G1 F385.142521 X9.133324 Y0.000000 Z0.000000
G1 F382.438254 X9.146072 Y0.000000 Z0.000000
G1 F379.730213 X9.158729 Y0.000000 Z0.000000
G1 F377.018425 X9.171297 Y0.000000 Z0.000000
G1 F374.302915 X9.183773 Y0.000000 Z0.000000
G1 F371.583711 X9.196159 Y0.000000 Z0.000000
G1 F368.860839 X9.208455 Y0.000000 Z0.000000
G1 F366.134327 X9.220659 Y0.000000 Z0.000000
G1 F363.404202 X9.232773 Y0.000000 Z0.000000
G1 F360.670490 X9.244795 Y0.000000 Z0.000000
G1 F357.933218 X9.256726 Y0.000000 Z0.000000
G1 F355.192413 X9.268566 Y0.000000 Z0.000000
G1 F352.448103 X9.280314 Y0.000000 Z0.000000
G1 F349.700314 X9.291971 Y0.000000 Z0.000000
G1 F346.949074 X9.303536 Y0.000000 Z0.000000
G1 F344.194410 X9.315009 Y0.000000 Z0.000000
G1 F341.436349 X9.326390 Y0.000000 Z0.000000
G1 F338.674918 X9.337679 Y0.000000 Z0.000000
G1 F335.910144 X9.348876 Y0.000000 Z0.000000
G1 F333.142055 X9.359981 Y0.000000 Z0.000000
G1 F330.370678 X9.370993 Y0.000000 Z0.000000
G1 F327.596040 X9.381913 Y0.000000 Z0.000000
G1 F324.818169 X9.392741 Y0.000000 Z0.000000
G1 F322.037092 X9.403475 Y0.000000 Z0.000000
G1 F319.252837 X9.414117 Y0.000000 Z0.000000
G1 F316.465431 X9.424666 Y0.000000 Z0.000000
G1 F313.674902 X9.435122 Y0.000000 Z0.000000
G1 F310.881277 X9.445484 Y0.000000 Z0.000000
G1 F308.084583 X9.455754 Y0.000000 Z0.000000
G1 F305.284849 X9.465930 Y0.000000 Z0.000000
G1 F302.482102 X9.476013 Y0.000000 Z0.000000
G1 F298.974319 X9.490961 Y0.000000 Z0.000000
G1 F294.759085 X9.505699 Y0.000000 Z0.000000
G1 F290.537306 X9.520226 Y0.000000 Z0.000000
G1 F286.309075 X9.534542 Y0.000000 Z0.000000
G1 F282.074486 X9.548645 Y0.000000 Z0.000000
G1 F277.833632 X9.562537 Y0.000000 Z0.000000
G1 F273.586610 X9.576216 Y0.000000 Z0.000000
G1 F269.333512 X9.589683 Y0.000000 Z0.000000
G1 F265.074432 X9.602937 Y0.000000 Z0.000000
G1 F260.809467 X9.615977 Y0.000000 Z0.000000
G1 F256.538710 X9.628804 Y0.000000 Z0.000000
G1 F252.262255 X9.641417 Y0.000000 Z0.000000
G1 F247.980199 X9.653816 Y0.000000 Z0.000000
G1 F243.692637 X9.666001 Y0.000000 Z0.000000
G1 F239.399662 X9.677971 Y0.000000 Z0.000000
G1 F235.101372 X9.689726 Y0.000000 Z0.000000
G1 F230.797860 X9.701266 Y0.000000 Z0.000000
G1 F226.489224 X9.712590 Y0.000000 Z0.000000
G1 F222.175558 X9.723699 Y0.000000 Z0.000000
G1 F217.856958 X9.734592 Y0.000000 Z0.000000
G1 F213.533520 X9.745269 Y0.000000 Z0.000000
G1 F209.205340 X9.755729 Y0.000000 Z0.000000
G1 F204.872515 X9.765973 Y0.000000 Z0.000000
G1 F200.535140 X9.775999 Y0.000000 Z0.000000
G1 F195.469107 X9.789031 Y0.000000 Z0.000000
G1 F189.672295 X9.801675 Y0.000000 Z0.000000
G1 F183.867994 X9.813933 Y0.000000 Z0.000000
G1 F178.056435 X9.825804 Y0.000000 Z0.000000
G1 F172.237846 X9.837286 Y0.000000 Z0.000000
G1 F166.412458 X9.848380 Y0.000000 Z0.000000
G1 F160.580500 X9.859086 Y0.000000 Z0.000000
G1 F154.742203 X9.869402 Y0.000000 Z0.000000
G1 F148.166690 X9.881749 Y0.000000 Z0.000000
G1 F140.852056 X9.893487 Y0.000000 Z0.000000
G1 F133.528734 X9.904614 Y0.000000 Z0.000000
G1 F126.197175 X9.915131 Y0.000000 Z0.000000
G1 F118.123353 X9.926943 Y0.000000 Z0.000000
G1 F109.305668 X9.937874 Y0.000000 Z0.000000
G1 F100.478274 X9.947921 Y0.000000 Z0.000000
G1 F90.905095 X9.958527 Y0.000000 Z0.000000
G1 F79.847440 X9.969173 Y0.000000 Z0.000000
G1 F67.302157 X9.979269 Y0.000000 Z0.000000
G1 F51.788558 X9.989626 Y0.000000 Z0.000000
G1 F25.163010 X9.999692 Y0.000000 Z0.000000
G1 F17.762125 X9.989626 Y0.000000 Z0.000000
G1 F51.788558 X9.979269 Y0.000000 Z0.000000
G1 F67.302157 X9.969173 Y0.000000 Z0.000000
G1 F79.847440 X9.958527 Y0.000000 Z0.000000
G1 F90.905095 X9.947921 Y0.000000 Z0.000000
G1 F100.478274 X9.937874 Y0.000000 Z0.000000
G1 F109.305668 X9.926943 Y0.000000 Z0.000000
G1 F118.123353 X9.915131 Y0.000000 Z0.000000
G1 F126.197175 X9.904614 Y0.000000 Z0.000000
G1 F133.528734 X9.893487 Y0.000000 Z0.000000
G1 F140.852056 X9.881749 Y0.000000 Z0.000000
G1 F148.166690 X9.869402 Y0.000000 Z0.000000
G1 F154.742203 X9.859086 Y0.000000 Z0.000000
G1 F160.580500 X9.848380 Y0.000000 Z0.000000
G1 F166.412458 X9.837286 Y0.000000 Z0.000000
G1 F172.237846 X9.825804 Y0.000000 Z0.000000
G1 F178.056435 X9.813933 Y0.000000 Z0.000000
G1 F183.867994 X9.801675 Y0.000000 Z0.000000
G1 F189.672295 X9.789031 Y0.000000 Z0.000000
G1 F195.469107 X9.775999 Y0.000000 Z0.000000
G1 F200.535140 X9.765973 Y0.000000 Z0.000000
G1 F204.872515 X9.755729 Y0.000000 Z0.000000
G1 F209.205340 X9.745269 Y0.000000 Z0.000000
G1 F213.533520 X9.734592 Y0.000000 Z0.000000
G1 F217.856958 X9.723699 Y0.000000 Z0.000000
G1 F222.175558 X9.712590 Y0.000000 Z0.000000
G1 F226.489224 X9.701266 Y0.000000 Z0.000000
G1 F230.797860 X9.689726 Y0.000000 Z0.000000
G1 F235.101372 X9.677971 Y0.000000 Z0.000000
G1 F239.399662 X9.666001 Y0.000000 Z0.000000
G1 F243.692637 X9.653816 Y0.000000 Z0.000000
G1 F247.980199 X9.641417 Y0.000000 Z0.000000
G1 F252.262255 X9.628804 Y0.000000 Z0.000000
G1 F256.538710 X9.615977 Y0.000000 Z0.000000
G1 F260.809467 X9.602937 Y0.000000 Z0.000000
G1 F265.074432 X9.589683 Y0.000000 Z0.000000
G1 F269.333512 X9.576216 Y0.000000 Z0.000000
G1 F273.586610 X9.562537 Y0.000000 Z0.000000
G1 F277.833632 X9.548645 Y0.000000 Z0.000000
G1 F282.074486 X9.534542 Y0.000000 Z0.000000
G1 F286.309075 X9.520226 Y0.000000 Z0.000000
G1 F290.537306 X9.505699 Y0.000000 Z0.000000
G1 F294.759085 X9.490961 Y0.000000 Z0.000000
G1 F298.974319 X9.476013 Y0.000000 Z0.000000
G1 F302.482102 X9.465930 Y0.000000 Z0.000000
G1 F305.284849 X9.455754 Y0.000000 Z0.000000
G1 F308.084583 X9.445484 Y0.000000 Z0.000000
G1 F310.881277 X9.435122 Y0.000000 Z0.000000
G1 F313.674902 X9.424666 Y0.000000 Z0.000000
G1 F316.465431 X9.414117 Y0.000000 Z0.000000
G1 F319.252837 X9.403475 Y0.000000 Z0.000000
G1 F322.037092 X9.392741 Y0.000000 Z0.000000
G1 F324.818169 X9.381913 Y0.000000 Z0.000000
G1 F327.596040 X9.370993 Y0.000000 Z0.000000
G1 F330.370678 X9.359981 Y0.000000 Z0.000000
G1 F333.142055 X9.348876 Y0.000000 Z0.000000
G1 F335.910144 X9.337679 Y0.000000 Z0.000000
G1 F338.674918 X9.326390 Y0.000000 Z0.000000
G1 F341.436349 X9.315009 Y0.000000 Z0.000000
G1 F344.194410 X9.303536 Y0.000000 Z0.000000
G1 F346.949074 X9.291971 Y0.000000 Z0.000000
G1 F349.700314 X9.280314 Y0.000000 Z0.000000
G1 F352.448103 X9.268566 Y0.000000 Z0.000000
G1 F355.192413 X9.256726 Y0.000000 Z0.000000
G1 F357.933218 X9.244795 Y0.000000 Z0.000000
G1 F360.670490 X9.232773 Y0.000000 Z0.000000
G1 F363.404202 X9.220659 Y0.000000 Z0.000000
G1 F366.134327 X9.208455 Y0.000000 Z0.000000
G1 F368.860839 X9.196159 Y0.000000 Z0.000000
G1 F371.583711 X9.183773 Y0.000000 Z0.000000
G1 F374.302915 X9.171297 Y0.000000 Z0.000000
G1 F377.018425 X9.158729 Y0.000000 Z0.000000
G1 F379.730213 X9.146072 Y0.000000 Z0.000000
G1 F382.438254 X9.133324 Y0.000000 Z0.000000
G1 F385.142521 X9.120486 Y0.000000 Z0.000000
G1 F387.842986 X9.107557 Y0.000000 Z0.000000
G1 F390.539624 X9.094539 Y0.000000 Z0.000000
G1 F393.232407 X9.081432 Y0.000000 Z0.000000
G1 F395.921309 X9.068234 Y0.000000 Z0.000000
G1 F398.606303 X9.054947 Y0.000000 Z0.000000
G1 F401.287363 X9.041571 Y0.000000 Z0.000000
G1 F403.964463 X9.028106 Y0.000000 Z0.000000
G1 F406.637576 X9.014551 Y0.000000 Z0.000000
G1 F409.306675 X9.000908 Y0.000000 Z0.000000
G1 F411.971735 X8.987175 Y0.000000 Z0.000000
G1 F414.632729 X8.973354 Y0.000000 Z0.000000
G1 F417.289630 X8.959444 Y0.000000 Z0.000000
G1 F419.942413 X8.945446 Y0.000000 Z0.000000
G1 F422.591052 X8.931360 Y0.000000 Z0.000000
G1 F425.235519 X8.917186 Y0.000000 Z0.000000
G1 F427.875790 X8.902923 Y0.000000 Z0.000000
G1 F430.511837 X8.888573 Y0.000000 Z0.000000
G1 F433.143636 X8.874134 Y0.000000 Z0.000000
G1 F435.771160 X8.859609 Y0.000000 Z0.000000
G1 F438.394383 X8.844996 Y0.000000 Z0.000000
G1 F441.013279 X8.830295 Y0.000000 Z0.000000
G1 F443.627822 X8.815508 Y0.000000 Z0.000000
G1 F446.237987 X8.800633 Y0.000000 Z0.000000
G1 F448.843748 X8.785672 Y0.000000 Z0.000000
G1 F451.445079 X8.770623 Y0.000000 Z0.000000
G1 F454.041954 X8.755489 Y0.000000 Z0.000000
G1 F456.634348 X8.740267 Y0.000000 Z0.000000
G1 F459.222236 X8.724960 Y0.000000 Z0.000000
G1 F461.805591 X8.709567 Y0.000000 Z0.000000
G1 F464.384388 X8.694087 Y0.000000 Z0.000000
G1 F466.958602 X8.678522 Y0.000000 Z0.000000
G1 F469.528207 X8.662871 Y0.000000 Z0.000000
G1 F472.093178 X8.647134 Y0.000000 Z0.000000
G1 F474.653490 X8.631313 Y0.000000 Z0.000000
G1 F477.209117 X8.615406 Y0.000000 Z0.000000
G1 F479.760034 X8.599414 Y0.000000 Z0.000000
G1 F482.306217 X8.583337 Y0.000000 Z0.000000
G1 F484.847639 X8.567175 Y0.000000 Z0.000000
G1 F487.384275 X8.550929 Y0.000000 Z0.000000
G1 F489.916102 X8.534599 Y0.000000 Z0.000000
G1 F492.443093 X8.518184 Y0.000000 Z0.000000
G1 F494.965224 X8.501685 Y0.000000 Z0.000000
G1 F497.482470 X8.485102 Y0.000000 Z0.000000
G1 F499.994806 X8.468436 Y0.000000 Z0.000000
G1 F502.502207 X8.451686 Y0.000000 Z0.000000
G1 F505.004649 X8.434852 Y0.000000 Z0.000000
G1 F507.502107 X8.417935 Y0.000000 Z0.000000
G1 F509.994555 X8.400936 Y0.000000 Z0.000000
G1 F512.481971 X8.383853 Y0.000000 Z0.000000
G1 F514.964328 X8.366687 Y0.000000 Z0.000000
G1 F517.441603 X8.349439 Y0.000000 Z0.000000
G1 F519.913771 X8.332109 Y0.000000 Z0.000000
G1 F522.380807 X8.314696 Y0.000000 Z0.000000
G1 F524.842688 X8.297201 Y0.000000 Z0.000000
G1 F527.299389 X8.279625 Y0.000000 Z0.000000
G1 F529.750885 X8.261966 Y0.000000 Z0.000000
G1 F532.197153 X8.244226 Y0.000000 Z0.000000
G1 F534.638169 X8.226405 Y0.000000 Z0.000000
G1 F537.073908 X8.208503 Y0.000000 Z0.000000
G1 F539.504346 X8.190519 Y0.000000 Z0.000000
G1 F541.929460 X8.172455 Y0.000000 Z0.000000
G1 F544.349225 X8.154310 Y0.000000 Z0.000000
G1 F546.763617 X8.136084 Y0.000000 Z0.000000
G1 F549.172613 X8.117779 Y0.000000 Z0.000000
G1 F551.576189 X8.099393 Y0.000000 Z0.000000
G1 F553.974321 X8.080927 Y0.000000 Z0.000000
G1 F556.366986 X8.062381 Y0.000000 Z0.000000
G1 F558.754159 X8.043756 Y0.000000 Z0.000000
G1 F561.135818 X8.025052 Y0.000000 Z0.000000
G1 F563.511939 X8.006268 Y0.000000 Z0.000000
G1 F565.882498 X7.987405 Y0.000000 Z0.000000
G1 F568.247472 X7.968464 Y0.000000 Z0.000000
G1 F570.606838 X7.949444 Y0.000000 Z0.000000
G1 F572.960572 X7.930345 Y0.000000 Z0.000000
G1 F575.308651 X7.911168 Y0.000000 Z0.000000
G1 F577.651052 X7.891913 Y0.000000 Z0.000000
G1 F579.987751 X7.872580 Y0.000000 Z0.000000
G1 F582.318727 X7.853169 Y0.000000 Z0.000000
G1 F584.643955 X7.833681 Y0.000000 Z0.000000
G1 F586.963413 X7.814116 Y0.000000 Z0.000000
G1 F589.277078 X7.794473 Y0.000000 Z0.000000
G1 F591.584928 X7.774754 Y0.000000 Z0.000000
G1 F593.886938 X7.754957 Y0.000000 Z0.000000
G1 F596.183087 X7.735085 Y0.000000 Z0.000000
G1 F598.473352 X7.715136 Y0.000000 Z0.000000
G1 F600.187361 X7.705132 Y0.000000 Z0.000000
G1 F601.328059 X7.695110 Y0.000000 Z0.000000
G1 F602.467275 X7.685069 Y0.000000 Z0.000000
G1 F603.605003 X7.675009 Y0.000000 Z0.000000
G1 F604.741243 X7.664930 Y0.000000 Z0.000000
G1 F605.875990 X7.654832 Y0.000000 Z0.000000
G1 F607.009242 X7.644715 Y0.000000 Z0.000000
G1 F608.140997 X7.634580 Y0.000000 Z0.000000
G1 F609.271250 X7.624425 Y0.000000 Z0.000000
G1 F610.400001 X7.614252 Y0.000000 Z0.000000
G1 F611.527246 X7.604060 Y0.000000 Z0.000000
G1 F612.652981 X7.593849 Y0.000000 Z0.000000
G1 F613.777205 X7.583619 Y0.000000 Z0.000000
G1 F614.899915 X7.573371 Y0.000000 Z0.000000
G1 F616.021107 X7.563104 Y0.000000 Z0.000000
G1 F617.140780 X7.552818 Y0.000000 Z0.000000
G1 F618.258929 X7.542514 Y0.000000 Z0.000000
G1 F619.375554 X7.532191 Y0.000000 Z0.000000
G1 F620.490650 X7.521849 Y0.000000 Z0.000000
G1 F621.604215 X7.511489 Y0.000000 Z0.000000
G1 F622.716246 X7.501111 Y0.000000 Z0.000000
G1 F623.826740 X7.490714 Y0.000000 Z0.000000
G1 F624.935696 X7.480298 Y0.000000 Z0.000000
G1 F626.043109 X7.469864 Y0.000000 Z0.000000
G1 F627.148978 X7.459411 Y0.000000 Z0.000000
G1 F628.253300 X7.448941 Y0.000000 Z0.000000
G1 F629.356071 X7.438451 Y0.000000 Z0.000000
G1 F630.457289 X7.427944 Y0.000000 Z0.000000
G1 F631.556952 X7.417418 Y0.000000 Z0.000000
G1 F632.655056 X7.406873 Y0.000000 Z0.000000
G1 F633.751600 X7.396311 Y0.000000 Z0.000000
G1 F634.846579 X7.385730 Y0.000000 Z0.000000
G1 F635.939993 X7.375131 Y0.000000 Z0.000000
G1 F637.031837 X7.364514 Y0.000000 Z0.000000
G1 F638.122109 X7.353879 Y0.000000 Z0.000000
G1 F639.210807 X7.343225 Y0.000000 Z0.000000
G1 F640.297928 X7.332553 Y0.000000 Z0.000000
G1 F641.383469 X7.321864 Y0.000000 Z0.000000
G1 F642.467427 X7.311156 Y0.000000 Z0.000000
G1 F643.549800 X7.300430 Y0.000000 Z0.000000
G1 F644.630585 X7.289686 Y0.000000 Z0.000000
G1 F645.709780 X7.278924 Y0.000000 Z0.000000
G1 F646.787381 X7.268145 Y0.000000 Z0.000000
G1 F647.863386 X7.257347 Y0.000000 Z0.000000
G1 F648.937793 X7.246531 Y0.000000 Z0.000000
G1 F650.010599 X7.235698 Y0.000000 Z0.000000
G1 F651.081801 X7.224846 Y0.000000 Z0.000000
G1 F652.151396 X7.213977 Y0.000000 Z0.000000
G1 F653.219383 X7.203090 Y0.000000 Z0.000000
G1 F654.285757 X7.192185 Y0.000000 Z0.000000
G1 F655.350517 X7.181263 Y0.000000 Z0.000000
G1 F656.413661 X7.170323 Y0.000000 Z0.000000
G1 F657.475184 X7.159365 Y0.000000 Z0.000000
G1 F658.535085 X7.148389 Y0.000000 Z0.000000
G1 F659.593362 X7.137396 Y0.000000 Z0.000000
G1 F660.650011 X7.126385 Y0.000000 Z0.000000
G1 F661.705030 X7.115357 Y0.000000 Z0.000000
G1 F662.758416 X7.104311 Y0.000000 Z0.000000
G1 F663.810167 X7.093247 Y0.000000 Z0.000000
G1 F664.860279 X7.082166 Y0.000000 Z0.000000
G1 F665.908752 X7.071068 Y0.000000 Z0.000000
G1 F666.955581 X7.059952 Y0.000000 Z0.000000
G1 F668.000765 X7.048819 Y0.000000 Z0.000000
G1 F669.044301 X7.037668 Y0.000000 Z0.000000
G1 F670.086185 X7.026500 Y0.000000 Z0.000000
G1 F671.126417 X7.015314 Y0.000000 Z0.000000
G1 F672.164992 X7.004112 Y0.000000 Z0.000000
G1 F673.201909 X6.992891 Y0.000000 Z0.000000
G1 F674.237165 X6.981654 Y0.000000 Z0.000000
G1 F675.270757 X6.970400 Y0.000000 Z0.000000
G1 F676.302683 X6.959128 Y0.000000 Z0.000000
G1 F677.332941 X6.947839 Y0.000000 Z0.000000
G1 F678.361527 X6.936533 Y0.000000 Z0.000000
G1 F679.388439 X6.925210 Y0.000000 Z0.000000
G1 F680.413675 X6.913870 Y0.000000 Z0.000000
G1 F681.437232 X6.902512 Y0.000000 Z0.000000
G1 F682.459108 X6.891138 Y0.000000 Z0.000000
G1 F683.479300 X6.879747 Y0.000000 Z0.000000
G1 F684.497806 X6.868338 Y0.000000 Z0.000000
G1 F685.514622 X6.856913 Y0.000000 Z0.000000
G1 F686.529747 X6.845471 Y0.000000 Z0.000000
G1 F687.543178 X6.834012 Y0.000000 Z0.000000
G1 F688.554913 X6.822536 Y0.000000 Z0.000000
G1 F689.564949 X6.811043 Y0.000000 Z0.000000
G1 F690.573283 X6.799534 Y0.000000 Z0.000000
G1 F691.579914 X6.788007 Y0.000000 Z0.000000
G1 F692.584838 X6.776464 Y0.000000 Z0.000000
G1 F693.588053 X6.764905 Y0.000000 Z0.000000
G1 F694.589557 X6.753328 Y0.000000 Z0.000000
G1 F695.589347 X6.741735 Y0.000000 Z0.000000
G1 F696.587420 X6.730125 Y0.000000 Z0.000000
G1 F697.583775 X6.718499 Y0.000000 Z0.000000
G1 F698.578409 X6.706856 Y0.000000 Z0.000000
G1 F699.571319 X6.695196 Y0.000000 Z0.000000
G1 F700.562503 X6.683520 Y0.000000 Z0.000000
G1 F701.551958 X6.671828 Y0.000000 Z0.000000
G1 F702.539682 X6.660119 Y0.000000 Z0.000000
G1 F703.525673 X6.648393 Y0.000000 Z0.000000
G1 F704.509928 X6.636651 Y0.000000 Z0.000000
G1 F705.492445 X6.624893 Y0.000000 Z0.000000
G1 F706.473221 X6.613119 Y0.000000 Z0.000000
G1 F707.452253 X6.601328 Y0.000000 Z0.000000
G1 F708.429541 X6.589521 Y0.000000 Z0.000000
G1 F709.405080 X6.577697 Y0.000000 Z0.000000
G1 F710.378869 X6.565858 Y0.000000 Z0.000000
G1 F711.350905 X6.554002 Y0.000000 Z0.000000
G1 F712.321186 X6.542130 Y0.000000 Z0.000000
G1 F713.289709 X6.530242 Y0.000000 Z0.000000
G1 F714.256472 X6.518337 Y0.000000 Z0.000000
G1 F715.221473 X6.506417 Y0.000000 Z0.000000
G1 F716.184709 X6.494480 Y0.000000 Z0.000000
G1 F717.146178 X6.482528 Y0.000000 Z0.000000
G1 F718.105878 X6.470560 Y0.000000 Z0.000000
G1 F719.063806 X6.458575 Y0.000000 Z0.000000
G1 F720.019959 X6.446575 Y0.000000 Z0.000000
G1 F720.974336 X6.434559 Y0.000000 Z0.000000
G1 F721.926934 X6.422527 Y0.000000 Z0.000000
G1 F722.877751 X6.410479 Y0.000000 Z0.000000
G1 F723.826784 X6.398415 Y0.000000 Z0.000000
G1 F724.774031 X6.386335 Y0.000000 Z0.000000
G1 F725.719490 X6.374240 Y0.000000 Z0.000000
G1 F726.663158 X6.362129 Y0.000000 Z0.000000
G1 F727.605034 X6.350002 Y0.000000 Z0.000000
G1 F728.545114 X6.337860 Y0.000000 Z0.000000
G1 F729.483396 X6.325702 Y0.000000 Z0.000000
G1 F730.419878 X6.313528 Y0.000000 Z0.000000
G1 F731.354558 X6.301339 Y0.000000 Z0.000000
G1 F732.287434 X6.289134 Y0.000000 Z0.000000
G1 F733.218503 X6.276914 Y0.000000 Z0.000000
G1 F734.147762 X6.264678 Y0.000000 Z0.000000
G1 F735.075211 X6.252427 Y0.000000 Z0.000000
G1 F736.000845 X6.240160 Y0.000000 Z0.000000
G1 F736.924664 X6.227878 Y0.000000 Z0.000000
G1 F737.846664 X6.215580 Y0.000000 Z0.000000
G1 F738.766843 X6.203268 Y0.000000 Z0.000000
G1 F739.685200 X6.190939 Y0.000000 Z0.000000
G1 F740.601732 X6.178596 Y0.000000 Z0.000000
G1 F741.516436 X6.166238 Y0.000000 Z0.000000
G1 F742.429311 X6.153864 Y0.000000 Z0.000000
G1 F743.340354 X6.141475 Y0.000000 Z0.000000
G1 F744.249562 X6.129071 Y0.000000 Z0.000000
G1 F745.156935 X6.116651 Y0.000000 Z0.000000
G1 F746.062468 X6.104217 Y0.000000 Z0.000000
G1 F746.966161 X6.091767 Y0.000000 Z0.000000
G1 F747.868011 X6.079303 Y0.000000 Z0.000000
G1 F748.768016 X6.066824 Y0.000000 Z0.000000
G1 F749.666173 X6.054329 Y0.000000 Z0.000000
G1 F750.562480 X6.041820 Y0.000000 Z0.000000
G1 F751.456935 X6.029295 Y0.000000 Z0.000000
G1 F752.349537 X6.016756 Y0.000000 Z0.000000
G1 F753.240281 X6.004202 Y0.000000 Z0.000000
G1 F754.129168 X5.991633 Y0.000000 Z0.000000
G1 F755.016193 X5.979050 Y0.000000 Z0.000000
G1 F755.901356 X5.966451 Y0.000000 Z0.000000
G1 F756.784654 X5.953838 Y0.000000 Z0.000000
G1 F757.666084 X5.941211 Y0.000000 Z0.000000
G1 F758.545645 X5.928568 Y0.000000 Z0.000000
G1 F759.423334 X5.915911 Y0.000000 Z0.000000
G1 F760.299149 X5.903239 Y0.000000 Z0.000000
G1 F761.173089 X5.890553 Y0.000000 Z0.000000
G1 F762.045150 X5.877853 Y0.000000 Z0.000000
G1 F762.915331 X5.865137 Y0.000000 Z0.000000
G1 F763.783629 X5.852408 Y0.000000 Z0.000000
G1 F764.650043 X5.839663 Y0.000000 Z0.000000
G1 F765.514571 X5.826905 Y0.000000 Z0.000000
G1 F766.377209 X5.814132 Y0.000000 Z0.000000
G1 F767.237957 X5.801345 Y0.000000 Z0.000000
G1 F768.096811 X5.788543 Y0.000000 Z0.000000
G1 F768.953771 X5.775727 Y0.000000 Z0.000000
G1 F769.808832 X5.762897 Y0.000000 Z0.000000
G1 F770.661995 X5.750053 Y0.000000 Z0.000000
G1 F771.513256 X5.737194 Y0.000000 Z0.000000
G1 F772.362613 X5.724321 Y0.000000 Z0.000000
G1 F773.210065 X5.711434 Y0.000000 Z0.000000
G1 F774.055609 X5.698533 Y0.000000 Z0.000000
G1 F774.899243 X5.685619 Y0.000000 Z0.000000
G1 F775.740965 X5.672689 Y0.000000 Z0.000000
G1 F776.580772 X5.659746 Y0.000000 Z0.000000
G1 F777.418664 X5.646790 Y0.000000 Z0.000000
G1 F778.254638 X5.633819 Y0.000000 Z0.000000
G1 F779.088691 X5.620834 Y0.000000 Z0.000000
G1 F779.920822 X5.607835 Y0.000000 Z0.000000
G1 F780.751028 X5.594823 Y0.000000 Z0.000000
G1 F781.579308 X5.581796 Y0.000000 Z0.000000
G1 F782.405660 X5.568756 Y0.000000 Z0.000000
G1 F783.230081 X5.555702 Y0.000000 Z0.000000
G1 F784.052570 X5.542635 Y0.000000 Z0.000000
G1 F784.873124 X5.529554 Y0.000000 Z0.000000
G1 F785.691741 X5.516459 Y0.000000 Z0.000000
G1 F786.508420 X5.503350 Y0.000000 Z0.000000
G1 F787.323158 X5.490228 Y0.000000 Z0.000000
G1 F788.135954 X5.477093 Y0.000000 Z0.000000
G1 F788.946805 X5.463943 Y0.000000 Z0.000000
G1 F789.755709 X5.450781 Y0.000000 Z0.000000
G1 F790.562664 X5.437605 Y0.000000 Z0.000000
G1 F791.367669 X5.424415 Y0.000000 Z0.000000
G1 F792.170722 X5.411213 Y0.000000 Z0.000000
G1 F792.971819 X5.397996 Y0.000000 Z0.000000
G1 F793.770961 X5.384767 Y0.000000 Z0.000000
G1 F794.568143 X5.371524 Y0.000000 Z0.000000
G1 F795.363365 X5.358268 Y0.000000 Z0.000000
G1 F796.156625 X5.344999 Y0.000000 Z0.000000
G1 F796.947920 X5.331716 Y0.000000 Z0.000000
G1 F797.737249 X5.318421 Y0.000000 Z0.000000
G1 F798.524609 X5.305112 Y0.000000 Z0.000000
G1 F799.310000 X5.291790 Y0.000000 Z0.000000
G1 F800.093417 X5.278455 Y0.000000 Z0.000000
G1 F800.874861 X5.265107 Y0.000000 Z0.000000
G1 F801.654329 X5.251746 Y0.000000 Z0.000000
G1 F802.431819 X5.238372 Y0.000000 Z0.000000
G1 F803.207329 X5.224986 Y0.000000 Z0.000000
G1 F803.980856 X5.211586 Y0.000000 Z0.000000
G1 F804.752401 X5.198173 Y0.000000 Z0.000000
G1 F805.521959 X5.184748 Y0.000000 Z0.000000
G1 F806.289530 X5.171310 Y0.000000 Z0.000000
G1 F807.055112 X5.157859 Y0.000000 Z0.000000
G1 F807.818702 X5.144395 Y0.000000 Z0.000000
G1 F808.580299 X5.130919 Y0.000000 Z0.000000
G1 F809.339901 X5.117430 Y0.000000 Z0.000000
G1 F810.097506 X5.103928 Y0.000000 Z0.000000
G1 F810.853112 X5.090414 Y0.000000 Z0.000000
G1 F811.606718 X5.076887 Y0.000000 Z0.000000
G1 F812.358321 X5.063348 Y0.000000 Z0.000000
G1 F813.107919 X5.049796 Y0.000000 Z0.000000
G1 F813.855511 X5.036232 Y0.000000 Z0.000000
G1 F814.601095 X5.022655 Y0.000000 Z0.000000
G1 F815.344670 X5.009066 Y0.000000 Z0.000000
G1 F816.086232 X4.995465 Y0.000000 Z0.000000
G1 F816.825781 X4.981851 Y0.000000 Z0.000000
G1 F817.563314 X4.968225 Y0.000000 Z0.000000
G1 F818.298830 X4.954587 Y0.000000 Z0.000000
G1 F819.032327 X4.940936 Y0.000000 Z0.000000
G1 F819.763803 X4.927273 Y0.000000 Z0.000000
G1 F820.493257 X4.913599 Y0.000000 Z0.000000
G1 F821.220686 X4.899912 Y0.000000 Z0.000000
G1 F821.946088 X4.886212 Y0.000000 Z0.000000
G1 F822.669463 X4.872501 Y0.000000 Z0.000000
G1 F823.390808 X4.858778 Y0.000000 Z0.000000
G1 F824.110121 X4.845043 Y0.000000 Z0.000000
G1 F824.827401 X4.831296 Y0.000000 Z0.000000
G1 F825.542645 X4.817537 Y0.000000 Z0.000000
G1 F826.255853 X4.803766 Y0.000000 Z0.000000
G1 F826.967022 X4.789983 Y0.000000 Z0.000000
G1 F827.676150 X4.776188 Y0.000000 Z0.000000
G1 F828.383236 X4.762382 Y0.000000 Z0.000000
G1 F829.088278 X4.748564 Y0.000000 Z0.000000
G1 F829.791275 X4.734734 Y0.000000 Z0.000000
G1 F830.492224 X4.720893 Y0.000000 Z0.000000
G1 F831.191124 X4.707039 Y0.000000 Z0.000000
G1 F831.887973 X4.693175 Y0.000000 Z0.000000
G1 F832.582770 X4.679298 Y0.000000 Z0.000000
G1 F833.275512 X4.665410 Y0.000000 Z0.000000
G1 F833.966198 X4.651511 Y0.000000 Z0.000000
G1 F834.654826 X4.637600 Y0.000000 Z0.000000
G1 F835.341395 X4.623678 Y0.000000 Z0.000000
G1 F836.025903 X4.609744 Y0.000000 Z0.000000
G1 F836.708348 X4.595799 Y0.000000 Z0.000000
G1 F837.388729 X4.581842 Y0.000000 Z0.000000
G1 F838.067043 X4.567874 Y0.000000 Z0.000000
G1 F838.743290 X4.553895 Y0.000000 Z0.000000
G1 F839.417467 X4.539905 Y0.000000 Z0.000000
G1 F840.089573 X4.525904 Y0.000000 Z0.000000
G1 F840.759606 X4.511891 Y0.000000 Z0.000000
G1 F841.427564 X4.497867 Y0.000000 Z0.000000
G1 F842.093447 X4.483832 Y0.000000 Z0.000000
G1 F842.757251 X4.469786 Y0.000000 Z0.000000
G1 F843.418977 X4.455729 Y0.000000 Z0.000000
G1 F844.078621 X4.441661 Y0.000000 Z0.000000
G1 F844.736182 X4.427582 Y0.000000 Z0.000000
G1 F845.391659 X4.413492 Y0.000000 Z0.000000
G1 F846.045051 X4.399392 Y0.000000 Z0.000000
G1 F846.696354 X4.385280 Y0.000000 Z0.000000
G1 F847.345569 X4.371158 Y0.000000 Z0.000000
G1 F847.992693 X4.357024 Y0.000000 Z0.000000
G1 F848.637724 X4.342880 Y0.000000 Z0.000000
G1 F849.280662 X4.328726 Y0.000000 Z0.000000
G1 F849.921504 X4.314560 Y0.000000 Z0.000000
G1 F850.560249 X4.300384 Y0.000000 Z0.000000
G1 F851.196895 X4.286198 Y0.000000 Z0.000000
G1 F851.831441 X4.272001 Y0.000000 Z0.000000
G1 F852.463885 X4.257793 Y0.000000 Z0.000000
G1 F853.094226 X4.243575 Y0.000000 Z0.000000
G1 F853.722462 X4.229346 Y0.000000 Z0.000000
G1 F854.348591 X4.215107 Y0.000000 Z0.000000
G1 F854.972613 X4.200857 Y0.000000 Z0.000000
G1 F855.594525 X4.186597 Y0.000000 Z0.000000
G1 F856.214325 X4.172327 Y0.000000 Z0.000000
G1 F856.832014 X4.158047 Y0.000000 Z0.000000
G1 F857.447588 X4.143756 Y0.000000 Z0.000000
G1 F858.061046 X4.129455 Y0.000000 Z0.000000
G1 F858.672387 X4.115144 Y0.000000 Z0.000000
G1 F859.281609 X4.100822 Y0.000000 Z0.000000
G1 F859.888712 X4.086491 Y0.000000 Z0.000000
G1 F860.493692 X4.072149 Y0.000000 Z0.000000
G1 F861.096550 X4.057798 Y0.000000 Z0.000000
G1 F861.697282 X4.043436 Y0.000000 Z0.000000
G1 F862.295889 X4.029064 Y0.000000 Z0.000000
G1 F862.892368 X4.014683 Y0.000000 Z0.000000
G1 F863.486718 X4.000291 Y0.000000 Z0.000000
G1 F864.078937 X3.985890 Y0.000000 Z0.000000
G1 F864.669024 X3.971479 Y0.000000 Z0.000000
G1 F865.256978 X3.957058 Y0.000000 Z0.000000
G1 F865.842797 X3.942627 Y0.000000 Z0.000000
G1 F866.426479 X3.928187 Y0.000000 Z0.000000
G1 F867.008024 X3.913737 Y0.000000 Z0.000000
G1 F867.587429 X3.899277 Y0.000000 Z0.000000
G1 F868.164694 X3.884807 Y0.000000 Z0.000000
G1 F868.739817 X3.870328 Y0.000000 Z0.000000
G1 F869.312796 X3.855840 Y0.000000 Z0.000000
G1 F869.883630 X3.841342 Y0.000000 Z0.000000
G1 F870.452318 X3.826834 Y0.000000 Z0.000000
G1 F871.018858 X3.812317 Y0.000000 Z0.000000
G1 F871.583248 X3.797791 Y0.000000 Z0.000000
G1 F872.145489 X3.783255 Y0.000000 Z0.000000
G1 F872.705577 X3.768710 Y0.000000 Z0.000000
G1 F873.263512 X3.754156 Y0.000000 Z0.000000
G1 F873.819292 X3.739592 Y0.000000 Z0.000000
G1 F874.372917 X3.725019 Y0.000000 Z0.000000
G1 F874.924384 X3.710437 Y0.000000 Z0.000000
G1 F875.473692 X3.695846 Y0.000000 Z0.000000
G1 F876.020840 X3.681246 Y0.000000 Z0.000000
G1 F876.565826 X3.666636 Y0.000000 Z0.000000
G1 F877.108650 X3.652018 Y0.000000 Z0.000000
G1 F877.649309 X3.637390 Y0.000000 Z0.000000
G1 F878.187803 X3.622754 Y0.000000 Z0.000000
G1 F878.724130 X3.608108 Y0.000000 Z0.000000
G1 F879.258289 X3.593454 Y0.000000 Z0.000000
G1 F879.790278 X3.578791 Y0.000000 Z0.000000
G1 F880.320097 X3.564119 Y0.000000 Z0.000000
G1 F880.847744 X3.549438 Y0.000000 Z0.000000
G1 F881.373217 X3.534748 Y0.000000 Z0.000000
G1 F881.896515 X3.520050 Y0.000000 Z0.000000
G1 F882.417638 X3.505343 Y0.000000 Z0.000000
G1 F882.936583 X3.490628 Y0.000000 Z0.000000
G1 F883.453349 X3.475903 Y0.000000 Z0.000000
G1 F883.967936 X3.461171 Y0.000000 Z0.000000
G1 F884.480342 X3.446429 Y0.000000 Z0.000000
G1 F884.990565 X3.431679 Y0.000000 Z0.000000
G1 F885.498605 X3.416921 Y0.000000 Z0.000000
G1 F886.004460 X3.402154 Y0.000000 Z0.000000
G1 F886.508128 X3.387379 Y0.000000 Z0.000000
G1 F887.009609 X3.372596 Y0.000000 Z0.000000
G1 F887.508902 X3.357804 Y0.000000 Z0.000000
G1 F888.006005 X3.343004 Y0.000000 Z0.000000
G1 F888.500917 X3.328195 Y0.000000 Z0.000000
G1 F888.993636 X3.313379 Y0.000000 Z0.000000
G1 F889.484162 X3.298554 Y0.000000 Z0.000000
G1 F889.972493 X3.283721 Y0.000000 Z0.000000
G1 F890.458629 X3.268880 Y0.000000 Z0.000000
G1 F890.942567 X3.254031 Y0.000000 Z0.000000
G1 F891.424307 X3.239174 Y0.000000 Z0.000000
G1 F891.903847 X3.224309 Y0.000000 Z0.000000
G1 F892.381187 X3.209436 Y0.000000 Z0.000000
G1 F892.856325 X3.194555 Y0.000000 Z0.000000
G1 F893.329260 X3.179666 Y0.000000 Z0.000000
G1 F893.799990 X3.164770 Y0.000000 Z0.000000
G1 F894.268516 X3.149865 Y0.000000 Z0.000000
G1 F894.734835 X3.134953 Y0.000000 Z0.000000
G1 F895.198946 X3.120033 Y0.000000 Z0.000000
G1 F895.660848 X3.105105 Y0.000000 Z0.000000
G1 F896.120540 X3.090170 Y0.000000 Z0.000000
G1 F896.578021 X3.075227 Y0.000000 Z0.000000
G1 F897.033290 X3.060276 Y0.000000 Z0.000000
G1 F897.486346 X3.045318 Y0.000000 Z0.000000
G1 F897.937187 X3.030353 Y0.000000 Z0.000000
G1 F898.385813 X3.015380 Y0.000000 Z0.000000
G1 F898.832222 X3.000399 Y0.000000 Z0.000000
G1 F899.276413 X2.985411 Y0.000000 Z0.000000
G1 F899.718385 X2.970416 Y0.000000 Z0.000000
G1 F900.158138 X2.955413 Y0.000000 Z0.000000
G1 F900.595669 X2.940403 Y0.000000 Z0.000000
G1 F901.030978 X2.925386 Y0.000000 Z0.000000
G1 F901.464064 X2.910362 Y0.000000 Z0.000000
G1 F901.894926 X2.895330 Y0.000000 Z0.000000
G1 F902.323562 X2.880291 Y0.000000 Z0.000000
G1 F902.749972 X2.865246 Y0.000000 Z0.000000
G1 F903.174155 X2.850193 Y0.000000 Z0.000000
G1 F903.596109 X2.835133 Y0.000000 Z0.000000
G1 F904.015833 X2.820066 Y0.000000 Z0.000000
G1 F904.433327 X2.804992 Y0.000000 Z0.000000
G1 F904.848589 X2.789911 Y0.000000 Z0.000000
G1 F905.261619 X2.774823 Y0.000000 Z0.000000
G1 F905.672415 X2.759729 Y0.000000 Z0.000000
G1 F906.080977 X2.744627 Y0.000000 Z0.000000
G1 F906.487302 X2.729519 Y0.000000 Z0.000000
G1 F906.891391 X2.714404 Y0.000000 Z0.000000
G1 F907.293243 X2.699283 Y0.000000 Z0.000000
G1 F907.692855 X2.684155 Y0.000000 Z0.000000
G1 F908.090229 X2.669020 Y0.000000 Z0.000000
G1 F908.485361 X2.653878 Y0.000000 Z0.000000
G1 F908.878252 X2.638730 Y0.000000 Z0.000000
G1 F909.268900 X2.623576 Y0.000000 Z0.000000
G1 F909.657305 X2.608415 Y0.000000 Z0.000000
G1 F910.043465 X2.593248 Y0.000000 Z0.000000
G1 F910.427380 X2.578074 Y0.000000 Z0.000000
G1 F910.809049 X2.562894 Y0.000000 Z0.000000
G1 F911.188470 X2.547707 Y0.000000 Z0.000000
G1 F911.565643 X2.532514 Y0.000000 Z0.000000
G1 F911.940566 X2.517315 Y0.000000 Z0.000000
G1 F912.313240 X2.502110 Y0.000000 Z0.000000
G1 F912.683662 X2.486899 Y0.000000 Z0.000000
G1 F913.051833 X2.471681 Y0.000000 Z0.000000
G1 F913.417751 X2.456458 Y0.000000 Z0.000000
G1 F913.781414 X2.441228 Y0.000000 Z0.000000
G1 F914.142824 X2.425992 Y0.000000 Z0.000000
G1 F914.501977 X2.410751 Y0.000000 Z0.000000
G1 F914.858875 X2.395503 Y0.000000 Z0.000000
G1 F915.213515 X2.380249 Y0.000000 Z0.000000
G1 F915.565896 X2.364990 Y0.000000 Z0.000000
G1 F915.916019 X2.349725 Y0.000000 Z0.000000
G1 F916.263882 X2.334454 Y0.000000 Z0.000000
G1 F916.609484 X2.319177 Y0.000000 Z0.000000
G1 F916.952824 X2.303894 Y0.000000 Z0.000000
G1 F917.293902 X2.288606 Y0.000000 Z0.000000
G1 F917.632716 X2.273312 Y0.000000 Z0.000000
G1 F917.969267 X2.258013 Y0.000000 Z0.000000
G1 F918.303552 X2.242708 Y0.000000 Z0.000000
G1 F918.635571 X2.227397 Y0.000000 Z0.000000
G1 F918.965324 X2.212081 Y0.000000 Z0.000000
G1 F919.292810 X2.196759 Y0.000000 Z0.000000
G1 F919.618027 X2.181432 Y0.000000 Z0.000000
G1 F919.940975 X2.166100 Y0.000000 Z0.000000
G1 F920.261653 X2.150762 Y0.000000 Z0.000000
G1 F920.580060 X2.135419 Y0.000000 Z0.000000
G1 F920.896197 X2.120071 Y0.000000 Z0.000000
G1 F921.210060 X2.104718 Y0.000000 Z0.000000
G1 F921.521651 X2.089359 Y0.000000 Z0.000000
G1 F921.830968 X2.073995 Y0.000000 Z0.000000
G1 F922.138011 X2.058626 Y0.000000 Z0.000000
G1 F922.442778 X2.043252 Y0.000000 Z0.000000
G1 F922.745270 X2.027873 Y0.000000 Z0.000000
G1 F923.045484 X2.012489 Y0.000000 Z0.000000
G1 F923.343421 X1.997100 Y0.000000 Z0.000000
G1 F923.639080 X1.981706 Y0.000000 Z0.000000
G1 F923.932460 X1.966307 Y0.000000 Z0.000000
G1 F924.223560 X1.950903 Y0.000000 Z0.000000
G1 F924.512379 X1.935495 Y0.000000 Z0.000000
G1 F924.798918 X1.920081 Y0.000000 Z0.000000
G1 F925.083174 X1.904663 Y0.000000 Z0.000000
G1 F925.365148 X1.889241 Y0.000000 Z0.000000
G1 F925.644839 X1.873813 Y0.000000 Z0.000000
G1 F925.922246 X1.858381 Y0.000000 Z0.000000
G1 F926.197368 X1.842944 Y0.000000 Z0.000000
G1 F926.470205 X1.827503 Y0.000000 Z0.000000
G1 F926.740756 X1.812058 Y0.000000 Z0.000000
G1 F927.009020 X1.796607 Y0.000000 Z0.000000
G1 F927.274997 X1.781153 Y0.000000 Z0.000000
G1 F927.538686 X1.765694 Y0.000000 Z0.000000
G1 F927.800087 X1.750231 Y0.000000 Z0.000000
G1 F928.059198 X1.734763 Y0.000000 Z0.000000
G1 F928.316019 X1.719291 Y0.000000 Z0.000000
G1 F928.570550 X1.703815 Y0.000000 Z0.000000
G1 F928.822790 X1.688334 Y0.000000 Z0.000000
G1 F929.072738 X1.672850 Y0.000000 Z0.000000
G1 F929.320393 X1.657361 Y0.000000 Z0.000000
G1 F929.565756 X1.641868 Y0.000000 Z0.000000
G1 F929.808824 X1.626372 Y0.000000 Z0.000000
G1 F930.049599 X1.610871 Y0.000000 Z0.000000
G1 F930.288079 X1.595366 Y0.000000 Z0.000000
G1 F930.524263 X1.579857 Y0.000000 Z0.000000
G1 F930.758152 X1.564345 Y0.000000 Z0.000000
G1 F930.989744 X1.548828 Y0.000000 Z0.000000
G1 F931.219038 X1.533308 Y0.000000 Z0.000000
G1 F931.446035 X1.517784 Y0.000000 Z0.000000
G1 F931.670734 X1.502256 Y0.000000 Z0.000000
G1 F931.893134 X1.486724 Y0.000000 Z0.000000
G1 F932.113235 X1.471189 Y0.000000 Z0.000000
G1 F932.331036 X1.455650 Y0.000000 Z0.000000
G1 F932.546536 X1.440108 Y0.000000 Z0.000000
G1 F932.759735 X1.424562 Y0.000000 Z0.000000
G1 F932.970633 X1.409012 Y0.000000 Z0.000000
G1 F933.179229 X1.393459 Y0.000000 Z0.000000
G1 F933.385523 X1.377903 Y0.000000 Z0.000000
G1 F933.589513 X1.362343 Y0.000000 Z0.000000
G1 F933.791200 X1.346780 Y0.000000 Z0.000000
G1 F933.990582 X1.331213 Y0.000000 Z0.000000
G1 F934.187661 X1.315644 Y0.000000 Z0.000000
G1 F934.382434 X1.300071 Y0.000000 Z0.000000
G1 F934.574901 X1.284494 Y0.000000 Z0.000000
G1 F934.765063 X1.268915 Y0.000000 Z0.000000
G1 F934.952918 X1.253332 Y0.000000 Z0.000000
G1 F935.138467 X1.237747 Y0.000000 Z0.000000
G1 F935.321708 X1.222158 Y0.000000 Z0.000000
G1 F935.502641 X1.206566 Y0.000000 Z0.000000
G1 F935.681266 X1.190972 Y0.000000 Z0.000000
G1 F935.857582 X1.175374 Y0.000000 Z0.000000
G1 F936.031589 X1.159773 Y0.000000 Z0.000000
G1 F936.203287 X1.144170 Y0.000000 Z0.000000
G1 F936.372674 X1.128564 Y0.000000 Z0.000000
G1 F936.539752 X1.112955 Y0.000000 Z0.000000
G1 F936.704518 X1.097343 Y0.000000 Z0.000000
G1 F936.866973 X1.081729 Y0.000000 Z0.000000
G1 F937.027116 X1.066112 Y0.000000 Z0.000000
G1 F937.184948 X1.050492 Y0.000000 Z0.000000
G1 F937.340467 X1.034869 Y0.000000 Z0.000000
G1 F937.493673 X1.019245 Y0.000000 Z0.000000
G1 F937.644566 X1.003617 Y0.000000 Z0.000000
G1 F937.793146 X0.987987 Y0.000000 Z0.000000
G1 F937.939411 X0.972355 Y0.000000 Z0.000000
G1 F938.083363 X0.956720 Y0.000000 Z0.000000
G1 F938.225000 X0.941083 Y0.000000 Z0.000000
G1 F938.364321 X0.925444 Y0.000000 Z0.000000
G1 F938.501328 X0.909802 Y0.000000 Z0.000000
G1 F938.636018 X0.894158 Y0.000000 Z0.000000
G1 F938.768393 X0.878512 Y0.000000 Z0.000000
G1 F938.898452 X0.862864 Y0.000000 Z0.000000
G1 F939.026194 X0.847213 Y0.000000 Z0.000000
G1 F939.151618 X0.831561 Y0.000000 Z0.000000
G1 F939.274726 X0.815906 Y0.000000 Z0.000000
G1 F939.395516 X0.800250 Y0.000000 Z0.000000
G1 F939.513988 X0.784591 Y0.000000 Z0.000000
G1 F939.630142 X0.768930 Y0.000000 Z0.000000
G1 F939.743978 X0.753268 Y0.000000 Z0.000000
G1 F939.855495 X0.737604 Y0.000000 Z0.000000
G1 F939.964692 X0.721938 Y0.000000 Z0.000000
G1 F940.071571 X0.706270 Y0.000000 Z0.000000
G1 F940.176130 X0.690600 Y0.000000 Z0.000000
G1 F940.278369 X0.674929 Y0.000000 Z0.000000
G1 F940.378289 X0.659256 Y0.000000 Z0.000000
G1 F940.475887 X0.643581 Y0.000000 Z0.000000
G1 F940.571166 X0.627905 Y0.000000 Z0.000000
G1 F940.664123 X0.612227 Y0.000000 Z0.000000
G1 F940.754760 X0.596548 Y0.000000 Z0.000000
G1 F940.843075 X0.580867 Y0.000000 Z0.000000
G1 F940.929069 X0.565185 Y0.000000 Z0.000000
G1 F941.012742 X0.549502 Y0.000000 Z0.000000
G1 F941.094092 X0.533817 Y0.000000 Z0.000000
G1 F941.173121 X0.518131 Y0.000000 Z0.000000
G1 F941.249827 X0.502443 Y0.000000 Z0.000000
G1 F941.324210 X0.486754 Y0.000000 Z0.000000
G1 F941.396272 X0.471065 Y0.000000 Z0.000000
G1 F941.466010 X0.455373 Y0.000000 Z0.000000
G1 F941.533425 X0.439681 Y0.000000 Z0.000000
G1 F941.598517 X0.423988 Y0.000000 Z0.000000
G1 F941.661286 X0.408294 Y0.000000 Z0.000000
G1 F941.721732 X0.392598 Y0.000000 Z0.000000
G1 F941.779853 X0.376902 Y0.000000 Z0.000000
G1 F941.835652 X0.361205 Y0.000000 Z0.000000
G1 F941.889126 X0.345506 Y0.000000 Z0.000000
G1 F941.940276 X0.329807 Y0.000000 Z0.000000
G1 F941.989102 X0.314108 Y0.000000 Z0.000000
G1 F942.035604 X0.298407 Y0.000000 Z0.000000
G1 F942.079781 X0.282706 Y0.000000 Z0.000000
G1 F942.121634 X0.267004 Y0.000000 Z0.000000
G1 F942.161162 X0.251301 Y0.000000 Z0.000000
G1 F942.198366 X0.235598 Y0.000000 Z0.000000
G1 F942.233245 X0.219894 Y0.000000 Z0.000000
G1 F942.265799 X0.204189 Y0.000000 Z0.000000
G1 F942.296028 X0.188484 Y0.000000 Z0.000000
G1 F942.323932 X0.172779 Y0.000000 Z0.000000
G1 F942.349511 X0.157073 Y0.000000 Z0.000000
G1 F942.372764 X0.141367 Y0.000000 Z0.000000
G1 F942.393693 X0.125660 Y0.000000 Z0.000000
G1 F942.412296 X0.109954 Y0.000000 Z0.000000
G1 F942.428574 X0.094246 Y0.000000 Z0.000000
G1 F942.442527 X0.078539 Y0.000000 Z0.000000
G1 F942.454154 X0.062831 Y0.000000 Z0.000000
G1 F942.463456 X0.047124 Y0.000000 Z0.000000
G1 F942.470432 X0.031416 Y0.000000 Z0.000000
G1 F942.475083 X0.015708 Y0.000000 Z0.000000
G1 F942.477408 X0.000000 Y0.000000 Z0.000000
G1 F942.477408 X-0.015708 Y0.000000 Z0.000000
G1 F942.475083 X-0.031416 Y0.000000 Z0.000000
G1 F942.470432 X-0.047124 Y0.000000 Z0.000000
G1 F942.463456 X-0.062831 Y0.000000 Z0.000000
G1 F942.454154 X-0.078539 Y0.000000 Z0.000000
G1 F942.442527 X-0.094246 Y0.000000 Z0.000000
G1 F942.428574 X-0.109954 Y0.000000 Z0.000000
G1 F942.412296 X-0.125660 Y0.000000 Z0.000000
G1 F942.393693 X-0.141367 Y0.000000 Z0.000000
G1 F942.372764 X-0.157073 Y0.000000 Z0.000000
G1 F942.349511 X-0.172779 Y0.000000 Z0.000000
G1 F942.323932 X-0.188484 Y0.000000 Z0.000000
G1 F942.296028 X-0.204189 Y0.000000 Z0.000000
G1 F942.265799 X-0.219894 Y0.000000 Z0.000000
G1 F942.233245 X-0.235598 Y0.000000 Z0.000000
G1 F942.198366 X-0.251301 Y0.000000 Z0.000000
G1 F942.161162 X-0.267004 Y0.000000 Z0.000000
G1 F942.121634 X-0.282706 Y0.000000 Z0.000000
G1 F942.079781 X-0.298407 Y0.000000 Z0.000000
G1 F942.035604 X-0.314108 Y0.000000 Z0.000000
G1 F941.989102 X-0.329807 Y0.000000 Z0.000000
G1 F941.940276 X-0.345506 Y0.000000 Z0.000000
G1 F941.889126 X-0.361205 Y0.000000 Z0.000000
G1 F941.835652 X-0.376902 Y0.000000 Z0.000000
G1 F941.779853 X-0.392598 Y0.000000 Z0.000000
G1 F941.721732 X-0.408294 Y0.000000 Z0.000000
G1 F941.661286 X-0.423988 Y0.000000 Z0.000000
G1 F941.598517 X-0.439681 Y0.000000 Z0.000000
G1 F941.533425 X-0.455373 Y0.000000 Z0.000000
G1 F941.466010 X-0.471065 Y0.000000 Z0.000000
G1 F941.396272 X-0.486754 Y0.000000 Z0.000000
G1 F941.324210 X-0.502443 Y0.000000 Z0.000000
G1 F941.249827 X-0.518131 Y0.000000 Z0.000000
G1 F941.173121 X-0.533817 Y0.000000 Z0.000000
G1 F941.094092 X-0.549502 Y0.000000 Z0.000000
G1 F941.012742 X-0.565185 Y0.000000 Z0.000000
G1 F940.929069 X-0.580867 Y0.000000 Z0.000000
G1 F940.843075 X-0.596548 Y0.000000 Z0.000000
G1 F940.754760 X-0.612227 Y0.000000 Z0.000000
G1 F940.664123 X-0.627905 Y0.000000 Z0.000000
G1 F940.571166 X-0.643581 Y0.000000 Z0.000000
G1 F940.475887 X-0.659256 Y0.000000 Z0.000000
G1 F940.378289 X-0.674929 Y0.000000 Z0.000000
G1 F940.278369 X-0.690600 Y0.000000 Z0.000000
G1 F940.176130 X-0.706270 Y0.000000 Z0.000000
G1 F940.071571 X-0.721938 Y0.000000 Z0.000000
G1 F939.964692 X-0.737604 Y0.000000 Z0.000000
G1 F939.855495 X-0.753268 Y0.000000 Z0.000000
G1 F939.743978 X-0.768930 Y0.000000 Z0.000000
G1 F939.630142 X-0.784591 Y0.000000 Z0.000000
G1 F939.513988 X-0.800250 Y0.000000 Z0.000000
G1 F939.395516 X-0.815906 Y0.000000 Z0.000000
G1 F939.274726 X-0.831561 Y0.000000 Z0.000000
G1 F939.151618 X-0.847213 Y0.000000 Z0.000000
G1 F939.026194 X-0.862864 Y0.000000 Z0.000000
G1 F938.898452 X-0.878512 Y0.000000 Z0.000000
G1 F938.768393 X-0.894158 Y0.000000 Z0.000000
G1 F938.636018 X-0.909802 Y0.000000 Z0.000000
G1 F938.501328 X-0.925444 Y0.000000 Z0.000000
G1 F938.364321 X-0.941083 Y0.000000 Z0.000000
G1 F938.225000 X-0.956720 Y0.000000 Z0.000000
G1 F938.083363 X-0.972355 Y0.000000 Z0.000000
G1 F937.939411 X-0.987987 Y0.000000 Z0.000000
G1 F937.793146 X-1.003617 Y0.000000 Z0.000000
G1 F937.644566 X-1.019245 Y0.000000 Z0.000000
G1 F937.493673 X-1.034869 Y0.000000 Z0.000000
G1 F937.340467 X-1.050492 Y0.000000 Z0.000000
G1 F937.184948 X-1.066112 Y0.000000 Z0.000000
G1 F937.027116 X-1.081729 Y0.000000 Z0.000000
G1 F936.866973 X-1.097343 Y0.000000 Z0.000000
G1 F936.704518 X-1.112955 Y0.000000 Z0.000000
G1 F936.539752 X-1.128564 Y0.000000 Z0.000000
G1 F936.372674 X-1.144170 Y0.000000 Z0.000000
G1 F936.203287 X-1.159773 Y0.000000 Z0.000000
G1 F936.031589 X-1.175374 Y0.000000 Z0.000000
G1 F935.857582 X-1.190972 Y0.000000 Z0.000000
G1 F935.681266 X-1.206566 Y0.000000 Z0.000000
G1 F935.502641 X-1.222158 Y0.000000 Z0.000000
G1 F935.321708 X-1.237747 Y0.000000 Z0.000000
G1 F935.138467 X-1.253332 Y0.000000 Z0.000000
G1 F934.952918 X-1.268915 Y0.000000 Z0.000000
G1 F934.765063 X-1.284494 Y0.000000 Z0.000000
G1 F934.574901 X-1.300071 Y0.000000 Z0.000000
G1 F934.382434 X-1.315644 Y0.000000 Z0.000000
G1 F934.187661 X-1.331213 Y0.000000 Z0.000000
G1 F933.990582 X-1.346780 Y0.000000 Z0.000000
G1 F933.791200 X-1.362343 Y0.000000 Z0.000000
G1 F933.589513 X-1.377903 Y0.000000 Z0.000000
G1 F933.385523 X-1.393459 Y0.000000 Z0.000000
G1 F933.179229 X-1.409012 Y0.000000 Z0.000000
G1 F932.970633 X-1.424562 Y0.000000 Z0.000000
G1 F932.759735 X-1.440108 Y0.000000 Z0.000000
G1 F932.546536 X-1.455650 Y0.000000 Z0.000000
G1 F932.331036 X-1.471189 Y0.000000 Z0.000000
G1 F932.113235 X-1.486724 Y0.000000 Z0.000000
G1 F931.893134 X-1.502256 Y0.000000 Z0.000000
G1 F931.670734 X-1.517784 Y0.000000 Z0.000000
G1 F931.446035 X-1.533308 Y0.000000 Z0.000000
G1 F931.219038 X-1.548828 Y0.000000 Z0.000000
G1 F930.989744 X-1.564345 Y0.000000 Z0.000000
G1 F930.758152 X-1.579857 Y0.000000 Z0.000000
G1 F930.524263 X-1.595366 Y0.000000 Z0.000000
G1 F930.288079 X-1.610871 Y0.000000 Z0.000000
G1 F930.049599 X-1.626372 Y0.000000 Z0.000000
G1 F929.808824 X-1.641868 Y0.000000 Z0.000000
G1 F929.565756 X-1.657361 Y0.000000 Z0.000000
G1 F929.320393 X-1.672850 Y0.000000 Z0.000000
G1 F929.072738 X-1.688334 Y0.000000 Z0.000000
G1 F928.822790 X-1.703815 Y0.000000 Z0.000000
G1 F928.570550 X-1.719291 Y0.000000 Z0.000000
G1 F928.316019 X-1.734763 Y0.000000 Z0.000000
G1 F928.059198 X-1.750231 Y0.000000 Z0.000000
G1 F927.800087 X-1.765694 Y0.000000 Z0.000000
G1 F927.538686 X-1.781153 Y0.000000 Z0.000000
G1 F927.274997 X-1.796607 Y0.000000 Z0.000000
G1 F927.009020 X-1.812058 Y0.000000 Z0.000000
G1 F926.740756 X-1.827503 Y0.000000 Z0.000000
G1 F926.470205 X-1.842944 Y0.000000 Z0.000000
G1 F926.197368 X-1.858381 Y0.000000 Z0.000000
G1 F925.922246 X-1.873813 Y0.000000 Z0.000000
G1 F925.644839 X-1.889241 Y0.000000 Z0.000000
G1 F925.365148 X-1.904663 Y0.000000 Z0.000000
G1 F925.083174 X-1.920081 Y0.000000 Z0.000000
G1 F924.798918 X-1.935495 Y0.000000 Z0.000000
G1 F924.512379 X-1.950903 Y0.000000 Z0.000000
G1 F924.223560 X-1.966307 Y0.000000 Z0.000000
G1 F923.932460 X-1.981706 Y0.000000 Z0.000000
G1 F923.639080 X-1.997100 Y0.000000 Z0.000000
G1 F923.343421 X-2.012489 Y0.000000 Z0.000000
G1 F923.045484 X-2.027873 Y0.000000 Z0.000000
G1 F922.745270 X-2.043252 Y0.000000 Z0.000000
G1 F922.442778 X-2.058626 Y0.000000 Z0.000000
G1 F922.138011 X-2.073995 Y0.000000 Z0.000000
G1 F921.830968 X-2.089359 Y0.000000 Z0.000000
G1 F921.521651 X-2.104718 Y0.000000 Z0.000000
G1 F921.210060 X-2.120071 Y0.000000 Z0.000000
G1 F920.896197 X-2.135419 Y0.000000 Z0.000000
G1 F920.580060 X-2.150762 Y0.000000 Z0.000000
G1 F920.261653 X-2.166100 Y0.000000 Z0.000000
G1 F919.940975 X-2.181432 Y0.000000 Z0.000000
G1 F919.618027 X-2.196759 Y0.000000 Z0.000000
G1 F919.292810 X-2.212081 Y0.000000 Z0.000000
G1 F918.965324 X-2.227397 Y0.000000 Z0.000000
G1 F918.635571 X-2.242708 Y0.000000 Z0.000000
G1 F918.303552 X-2.258013 Y0.000000 Z0.000000
G1 F917.969267 X-2.273312 Y0.000000 Z0.000000
G1 F917.632716 X-2.288606 Y0.000000 Z0.000000
G1 F917.293902 X-2.303894 Y0.000000 Z0.000000
G1 F916.952824 X-2.319177 Y0.000000 Z0.000000
G1 F916.609484 X-2.334454 Y0.000000 Z0.000000
G1 F916.263882 X-2.349725 Y0.000000 Z0.000000
G1 F915.916019 X-2.364990 Y0.000000 Z0.000000
G1 F915.565896 X-2.380249 Y0.000000 Z0.000000
G1 F915.213515 X-2.395503 Y0.000000 Z0.000000
G1 F914.858875 X-2.410751 Y0.000000 Z0.000000
G1 F914.501977 X-2.425992 Y0.000000 Z0.000000
G1 F914.142824 X-2.441228 Y0.000000 Z0.000000
G1 F913.781414 X-2.456458 Y0.000000 Z0.000000
G1 F913.417751 X-2.471681 Y0.000000 Z0.000000
G1 F913.051833 X-2.486899 Y0.000000 Z0.000000
G1 F912.683662 X-2.502110 Y0.000000 Z0.000000
G1 F912.313240 X-2.517315 Y0.000000 Z0.000000
G1 F911.940566 X-2.532514 Y0.000000 Z0.000000
G1 F911.565643 X-2.547707 Y0.000000 Z0.000000
G1 F911.188470 X-2.562894 Y0.000000 Z0.000000
G1 F910.809049 X-2.578074 Y0.000000 Z0.000000
G1 F910.427380 X-2.593248 Y0.000000 Z0.000000
G1 F910.043465 X-2.608415 Y0.000000 Z0.000000
G1 F909.657305 X-2.623576 Y0.000000 Z0.000000
G1 F909.268900 X-2.638730 Y0.000000 Z0.000000
G1 F908.878252 X-2.653878 Y0.000000 Z0.000000
G1 F908.485361 X-2.669020 Y0.000000 Z0.000000
G1 F908.090229 X-2.684155 Y0.000000 Z0.000000
G1 F907.692855 X-2.699283 Y0.000000 Z0.000000
G1 F907.293243 X-2.714404 Y0.000000 Z0.000000
G1 F906.891391 X-2.729519 Y0.000000 Z0.000000
G1 F906.487302 X-2.744627 Y0.000000 Z0.000000
G1 F906.080977 X-2.759729 Y0.000000 Z0.000000
G1 F905.672415 X-2.774823 Y0.000000 Z0.000000
G1 F905.261619 X-2.789911 Y0.000000 Z0.000000
G1 F904.848589 X-2.804992 Y0.000000 Z0.000000
G1 F904.433327 X-2.820066 Y0.000000 Z0.000000
G1 F904.015833 X-2.835133 Y0.000000 Z0.000000
G1 F903.596109 X-2.850193 Y0.000000 Z0.000000
G1 F903.174155 X-2.865246 Y0.000000 Z0.000000
G1 F902.749972 X-2.880291 Y0.000000 Z0.000000
G1 F902.323562 X-2.895330 Y0.000000 Z0.000000
G1 F901.894926 X-2.910362 Y0.000000 Z0.000000
G1 F901.464064 X-2.925386 Y0.000000 Z0.000000
G1 F901.030978 X-2.940403 Y0.000000 Z0.000000
G1 F900.595669 X-2.955413 Y0.000000 Z0.000000
G1 F900.158138 X-2.970416 Y0.000000 Z0.000000
G1 F899.718385 X-2.985411 Y0.000000 Z0.000000
G1 F899.276413 X-3.000399 Y0.000000 Z0.000000
G1 F898.832222 X-3.015380 Y0.000000 Z0.000000
G1 F898.385813 X-3.030353 Y0.000000 Z0.000000
G1 F897.937187 X-3.045318 Y0.000000 Z0.000000
G1 F897.486346 X-3.060276 Y0.000000 Z0.000000
G1 F897.033290 X-3.075227 Y0.000000 Z0.000000
G1 F896.578021 X-3.090170 Y0.000000 Z0.000000
G1 F896.120540 X-3.105105 Y0.000000 Z0.000000
G1 F895.660848 X-3.120033 Y0.000000 Z0.000000
G1 F895.198946 X-3.134953 Y0.000000 Z0.000000
G1 F894.734835 X-3.149865 Y0.000000 Z0.000000
G1 F894.268516 X-3.164770 Y0.000000 Z0.000000
G1 F893.799990 X-3.179666 Y0.000000 Z0.000000
G1 F893.329260 X-3.194555 Y0.000000 Z0.000000
G1 F892.856325 X-3.209436 Y0.000000 Z0.000000
G1 F892.381187 X-3.224309 Y0.000000 Z0.000000
G1 F891.903847 X-3.239174 Y0.000000 Z0.000000
G1 F891.424307 X-3.254031 Y0.000000 Z0.000000
G1 F890.942567 X-3.268880 Y0.000000 Z0.000000
G1 F890.458629 X-3.283721 Y0.000000 Z0.000000
G1 F889.972493 X-3.298554 Y0.000000 Z0.000000
G1 F889.484162 X-3.313379 Y0.000000 Z0.000000
G1 F888.993636 X-3.328195 Y0.000000 Z0.000000
G1 F888.500917 X-3.343004 Y0.000000 Z0.000000
G1 F888.006005 X-3.357804 Y0.000000 Z0.000000
G1 F887.508902 X-3.372596 Y0.000000 Z0.000000
G1 F887.009609 X-3.387379 Y0.000000 Z0.000000
G1 F886.508128 X-3.402154 Y0.000000 Z0.000000
G1 F886.004460 X-3.416921 Y0.000000 Z0.000000
G1 F885.498605 X-3.431679 Y0.000000 Z0.000000
G1 F884.990565 X-3.446429 Y0.000000 Z0.000000
G1 F884.480342 X-3.461171 Y0.000000 Z0.000000
G1 F883.967936 X-3.475903 Y0.000000 Z0.000000
G1 F883.453349 X-3.490628 Y0.000000 Z0.000000
G1 F882.936583 X-3.505343 Y0.000000 Z0.000000
G1 F882.417638 X-3.520050 Y0.000000 Z0.000000
G1 F881.896515 X-3.534748 Y0.000000 Z0.000000
G1 F881.373217 X-3.549438 Y0.000000 Z0.000000
G1 F880.847744 X-3.564119 Y0.000000 Z0.000000
G1 F880.320097 X-3.578791 Y0.000000 Z0.000000
G1 F879.790278 X-3.593454 Y0.000000 Z0.000000
G1 F879.258289 X-3.608108 Y0.000000 Z0.000000
G1 F878.724130 X-3.622754 Y0.000000 Z0.000000
G1 F878.187803 X-3.637390 Y0.000000 Z0.000000
G1 F877.649309 X-3.652018 Y0.000000 Z0.000000
G1 F877.108650 X-3.666636 Y0.000000 Z0.000000
G1 F876.565826 X-3.681246 Y0.000000 Z0.000000
G1 F876.020840 X-3.695846 Y0.000000 Z0.000000
G1 F875.473692 X-3.710437 Y0.000000 Z0.000000
G1 F874.924384 X-3.725019 Y0.000000 Z0.000000
G1 F874.372917 X-3.739592 Y0.000000 Z0.000000
G1 F873.819292 X-3.754156 Y0.000000 Z0.000000
G1 F873.263512 X-3.768710 Y0.000000 Z0.000000
G1 F872.705577 X-3.783255 Y0.000000 Z0.000000
G1 F872.145489 X-3.797791 Y0.000000 Z0.000000
G1 F871.583248 X-3.812317 Y0.000000 Z0.000000
G1 F871.018858 X-3.826834 Y0.000000 Z0.000000
G1 F870.452318 X-3.841342 Y0.000000 Z0.000000
G1 F869.883630 X-3.855840 Y0.000000 Z0.000000
G1 F869.312796 X-3.870328 Y0.000000 Z0.000000
G1 F868.739817 X-3.884807 Y0.000000 Z0.000000
G1 F868.164694 X-3.899277 Y0.000000 Z0.000000
G1 F867.587429 X-3.913737 Y0.000000 Z0.000000
G1 F867.008024 X-3.928187 Y0.000000 Z0.000000
G1 F866.426479 X-3.942627 Y0.000000 Z0.000000
G1 F865.842797 X-3.957058 Y0.000000 Z0.000000
G1 F865.256978 X-3.971479 Y0.000000 Z0.000000
G1 F864.669024 X-3.985890 Y0.000000 Z0.000000
G1 F864.078937 X-4.000291 Y0.000000 Z0.000000
G1 F863.486718 X-4.014683 Y0.000000 Z0.000000
G1 F862.892368 X-4.029064 Y0.000000 Z0.000000
G1 F862.295889 X-4.043436 Y0.000000 Z0.000000
G1 F861.697282 X-4.057798 Y0.000000 Z0.000000
G1 F861.096550 X-4.072149 Y0.000000 Z0.000000
G1 F860.493692 X-4.086491 Y0.000000 Z0.000000
G1 F859.888712 X-4.100822 Y0.000000 Z0.000000
G1 F859.281609 X-4.115144 Y0.000000 Z0.000000
G1 F858.672387 X-4.129455 Y0.000000 Z0.000000
G1 F858.061046 X-4.143756 Y0.000000 Z0.000000
G1 F857.447588 X-4.158047 Y0.000000 Z0.000000
G1 F856.832014 X-4.172327 Y0.000000 Z0.000000
G1 F856.214325 X-4.186597 Y0.000000 Z0.000000
G1 F855.594525 X-4.200857 Y0.000000 Z0.000000
G1 F854.972613 X-4.215107 Y0.000000 Z0.000000
G1 F854.348591 X-4.229346 Y0.000000 Z0.000000
G1 F853.722462 X-4.243575 Y0.000000 Z0.000000
G1 F853.094226 X-4.257793 Y0.000000 Z0.000000
G1 F852.463885 X-4.272001 Y0.000000 Z0.000000
G1 F851.831441 X-4.286198 Y0.000000 Z0.000000
G1 F851.196895 X-4.300384 Y0.000000 Z0.000000
G1 F850.560249 X-4.314560 Y0.000000 Z0.000000
G1 F849.921504 X-4.328726 Y0.000000 Z0.000000
G1 F849.280662 X-4.342880 Y0.000000 Z0.000000
G1 F848.637724 X-4.357024 Y0.000000 Z0.000000
G1 F847.992693 X-4.371158 Y0.000000 Z0.000000
G1 F847.345569 X-4.385280 Y0.000000 Z0.000000
G1 F846.696354 X-4.399392 Y0.000000 Z0.000000
G1 F846.045051 X-4.413492 Y0.000000 Z0.000000
G1 F845.391659 X-4.427582 Y0.000000 Z0.000000
G1 F844.736182 X-4.441661 Y0.000000 Z0.000000
G1 F844.078621 X-4.455729 Y0.000000 Z0.000000
G1 F843.418977 X-4.469786 Y0.000000 Z0.000000
G1 F842.757251 X-4.483832 Y0.000000 Z0.000000
G1 F842.093447 X-4.497867 Y0.000000 Z0.000000
G1 F841.427564 X-4.511891 Y0.000000 Z0.000000
G1 F840.759606 X-4.525904 Y0.000000 Z0.000000
G1 F840.089573 X-4.539905 Y0.000000 Z0.000000
G1 F839.417467 X-4.553895 Y0.000000 Z0.000000
G1 F838.743290 X-4.567874 Y0.000000 Z0.000000
G1 F838.067043 X-4.581842 Y0.000000 Z0.000000
G1 F837.388729 X-4.595799 Y0.000000 Z0.000000
G1 F836.708348 X-4.609744 Y0.000000 Z0.000000
G1 F836.025903 X-4.623678 Y0.000000 Z0.000000
G1 F835.341395 X-4.637600 Y0.000000 Z0.000000
G1 F834.654826 X-4.651511 Y0.000000 Z0.000000
G1 F833.966198 X-4.665410 Y0.000000 Z0.000000
G1 F833.275512 X-4.679298 Y0.000000 Z0.000000
G1 F832.582770 X-4.693175 Y0.000000 Z0.000000
G1 F831.887973 X-4.707039 Y0.000000 Z0.000000
G1 F831.191124 X-4.720893 Y0.000000 Z0.000000
G1 F830.492224 X-4.734734 Y0.000000 Z0.000000
G1 F829.791275 X-4.748564 Y0.000000 Z0.000000
G1 F829.088278 X-4.762382 Y0.000000 Z0.000000
G1 F828.383236 X-4.776188 Y0.000000 Z0.000000
G1 F827.676150 X-4.789983 Y0.000000 Z0.000000
G1 F826.967022 X-4.803766 Y0.000000 Z0.000000
G1 F826.255853 X-4.817537 Y0.000000 Z0.000000
G1 F825.542645 X-4.831296 Y0.000000 Z0.000000
G1 F824.827401 X-4.845043 Y0.000000 Z0.000000
G1 F824.110121 X-4.858778 Y0.000000 Z0.000000
G1 F823.390808 X-4.872501 Y0.000000 Z0.000000
G1 F822.669463 X-4.886212 Y0.000000 Z0.000000
G1 F821.946088 X-4.899912 Y0.000000 Z0.000000
G1 F821.220686 X-4.913599 Y0.000000 Z0.000000
G1 F820.493257 X-4.927273 Y0.000000 Z0.000000
G1 F819.763803 X-4.940936 Y0.000000 Z0.000000
G1 F819.032327 X-4.954587 Y0.000000 Z0.000000
G1 F818.298830 X-4.968225 Y0.000000 Z0.000000
G1 F817.563314 X-4.981851 Y0.000000 Z0.000000
G1 F816.825781 X-4.995465 Y0.000000 Z0.000000
G1 F816.086232 X-5.009066 Y0.000000 Z0.000000
G1 F815.344670 X-5.022655 Y0.000000 Z0.000000
G1 F814.601095 X-5.036232 Y0.000000 Z0.000000
G1 F813.855511 X-5.049796 Y0.000000 Z0.000000
G1 F813.107919 X-5.063348 Y0.000000 Z0.000000
G1 F812.358321 X-5.076887 Y0.000000 Z0.000000
G1 F811.606718 X-5.090414 Y0.000000 Z0.000000
G1 F810.853112 X-5.103928 Y0.000000 Z0.000000
G1 F810.097506 X-5.117430 Y0.000000 Z0.000000
G1 F809.339901 X-5.130919 Y0.000000 Z0.000000
G1 F808.580299 X-5.144395 Y0.000000 Z0.000000
G1 F807.818702 X-5.157859 Y0.000000 Z0.000000
G1 F807.055112 X-5.171310 Y0.000000 Z0.000000
G1 F806.289530 X-5.184748 Y0.000000 Z0.000000
G1 F805.521959 X-5.198173 Y0.000000 Z0.000000
G1 F804.752401 X-5.211586 Y0.000000 Z0.000000
G1 F803.980856 X-5.224986 Y0.000000 Z0.000000
G1 F803.207329 X-5.238372 Y0.000000 Z0.000000
G1 F802.431819 X-5.251746 Y0.000000 Z0.000000
G1 F801.654329 X-5.265107 Y0.000000 Z0.000000
G1 F800.874861 X-5.278455 Y0.000000 Z0.000000
G1 F800.093417 X-5.291790 Y0.000000 Z0.000000
G1 F799.310000 X-5.305112 Y0.000000 Z0.000000
G1 F798.524609 X-5.318421 Y0.000000 Z0.000000
G1 F797.737249 X-5.331716 Y0.000000 Z0.000000
G1 F796.947920 X-5.344999 Y0.000000 Z0.000000
G1 F796.156625 X-5.358268 Y0.000000 Z0.000000
G1 F795.363365 X-5.371524 Y0.000000 Z0.000000
G1 F794.568143 X-5.384767 Y0.000000 Z0.000000
G1 F793.770961 X-5.397996 Y0.000000 Z0.000000
G1 F792.971819 X-5.411213 Y0.000000 Z0.000000
G1 F792.170722 X-5.424415 Y0.000000 Z0.000000
G1 F791.367669 X-5.437605 Y0.000000 Z0.000000
G1 F790.562664 X-5.450781 Y0.000000 Z0.000000
G1 F789.755709 X-5.463943 Y0.000000 Z0.000000
G1 F788.946805 X-5.477093 Y0.000000 Z0.000000
G1 F788.135954 X-5.490228 Y0.000000 Z0.000000
G1 F787.323158 X-5.503350 Y0.000000 Z0.000000
G1 F786.508420 X-5.516459 Y0.000000 Z0.000000
G1 F785.691741 X-5.529554 Y0.000000 Z0.000000
G1 F784.873124 X-5.542635 Y0.000000 Z0.000000
G1 F784.052570 X-5.555702 Y0.000000 Z0.000000
G1 F783.230081 X-5.568756 Y0.000000 Z0.000000
G1 F782.405660 X-5.581796 Y0.000000 Z0.000000
G1 F781.579308 X-5.594823 Y0.000000 Z0.000000
G1 F780.751028 X-5.607835 Y0.000000 Z0.000000
G1 F779.920822 X-5.620834 Y0.000000 Z0.000000
G1 F779.088691 X-5.633819 Y0.000000 Z0.000000
G1 F778.254638 X-5.646790 Y0.000000 Z0.000000
G1 F777.418664 X-5.659746 Y0.000000 Z0.000000
G1 F776.580772 X-5.672689 Y0.000000 Z0.000000
G1 F775.740965 X-5.685619 Y0.000000 Z0.000000
G1 F774.899243 X-5.698533 Y0.000000 Z0.000000
G1 F774.055609 X-5.711434 Y0.000000 Z0.000000
G1 F773.210065 X-5.724321 Y0.000000 Z0.000000
G1 F772.362613 X-5.737194 Y0.000000 Z0.000000
G1 F771.513256 X-5.750053 Y0.000000 Z0.000000
G1 F770.661995 X-5.762897 Y0.000000 Z0.000000
G1 F769.808832 X-5.775727 Y0.000000 Z0.000000
G1 F768.953771 X-5.788543 Y0.000000 Z0.000000
G1 F768.096811 X-5.801345 Y0.000000 Z0.000000
G1 F767.237957 X-5.814132 Y0.000000 Z0.000000
G1 F766.377209 X-5.826905 Y0.000000 Z0.000000
G1 F765.514571 X-5.839663 Y0.000000 Z0.000000
G1 F764.650043 X-5.852408 Y0.000000 Z0.000000
G1 F763.783629 X-5.865137 Y0.000000 Z0.000000
G1 F762.915331 X-5.877853 Y0.000000 Z0.000000
G1 F762.045150 X-5.890553 Y0.000000 Z0.000000
G1 F761.173089 X-5.903239 Y0.000000 Z0.000000
G1 F760.299149 X-5.915911 Y0.000000 Z0.000000
G1 F759.423334 X-5.928568 Y0.000000 Z0.000000
G1 F758.545645 X-5.941211 Y0.000000 Z0.000000
G1 F757.666084 X-5.953838 Y0.000000 Z0.000000
G1 F756.784654 X-5.966451 Y0.000000 Z0.000000
G1 F755.901356 X-5.979050 Y0.000000 Z0.000000
G1 F755.016193 X-5.991633 Y0.000000 Z0.000000
G1 F754.129168 X-6.004202 Y0.000000 Z0.000000
G1 F753.240281 X-6.016756 Y0.000000 Z0.000000
G1 F752.349537 X-6.029295 Y0.000000 Z0.000000
G1 F751.456935 X-6.041820 Y0.000000 Z0.000000
G1 F750.562480 X-6.054329 Y0.000000 Z0.000000
G1 F749.666173 X-6.066824 Y0.000000 Z0.000000
G1 F748.768016 X-6.079303 Y0.000000 Z0.000000
G1 F747.868011 X-6.091767 Y0.000000 Z0.000000
G1 F746.966161 X-6.104217 Y0.000000 Z0.000000
G1 F746.062468 X-6.116651 Y0.000000 Z0.000000
G1 F745.156935 X-6.129071 Y0.000000 Z0.000000
G1 F744.249562 X-6.141475 Y0.000000 Z0.000000
G1 F743.340354 X-6.153864 Y0.000000 Z0.000000
G1 F742.429311 X-6.166238 Y0.000000 Z0.000000
G1 F741.516436 X-6.178596 Y0.000000 Z0.000000
G1 F740.601732 X-6.190939 Y0.000000 Z0.000000
G1 F739.685200 X-6.203268 Y0.000000 Z0.000000
G1 F738.766843 X-6.215580 Y0.000000 Z0.000000
G1 F737.846664 X-6.227878 Y0.000000 Z0.000000
G1 F736.924664 X-6.240160 Y0.000000 Z0.000000
G1 F736.000845 X-6.252427 Y0.000000 Z0.000000
G1 F735.075211 X-6.264678 Y0.000000 Z0.000000
G1 F734.147762 X-6.276914 Y0.000000 Z0.000000
G1 F733.218503 X-6.289134 Y0.000000 Z0.000000
G1 F732.287434 X-6.301339 Y0.000000 Z0.000000
G1 F731.354558 X-6.313528 Y0.000000 Z0.000000
G1 F730.419878 X-6.325702 Y0.000000 Z0.000000
G1 F729.483396 X-6.337860 Y0.000000 Z0.000000
G1 F728.545114 X-6.350002 Y0.000000 Z0.000000
G1 F727.605034 X-6.362129 Y0.000000 Z0.000000
G1 F726.663158 X-6.374240 Y0.000000 Z0.000000
G1 F725.719490 X-6.386335 Y0.000000 Z0.000000
G1 F724.774031 X-6.398415 Y0.000000 Z0.000000
G1 F723.826784 X-6.410479 Y0.000000 Z0.000000
G1 F722.877751 X-6.422527 Y0.000000 Z0.000000
G1 F721.926934 X-6.434559 Y0.000000 Z0.000000
G1 F720.974336 X-6.446575 Y0.000000 Z0.000000
G1 F720.019959 X-6.458575 Y0.000000 Z0.000000
G1 F719.063806 X-6.470560 Y0.000000 Z0.000000
G1 F718.105878 X-6.482528 Y0.000000 Z0.000000
G1 F717.146178 X-6.494480 Y0.000000 Z0.000000
G1 F716.184709 X-6.506417 Y0.000000 Z0.000000
G1 F715.221473 X-6.518337 Y0.000000 Z0.000000
G1 F714.256472 X-6.530242 Y0.000000 Z0.000000
G1 F713.289709 X-6.542130 Y0.000000 Z0.000000
G1 F712.321186 X-6.554002 Y0.000000 Z0.000000
G1 F711.350905 X-6.565858 Y0.000000 Z0.000000
G1 F710.378869 X-6.577697 Y0.000000 Z0.000000
G1 F709.405080 X-6.589521 Y0.000000 Z0.000000
G1 F708.429541 X-6.601328 Y0.000000 Z0.000000
G1 F707.452253 X-6.613119 Y0.000000 Z0.000000
G1 F706.473221 X-6.624893 Y0.000000 Z0.000000
G1 F705.492445 X-6.636651 Y0.000000 Z0.000000
G1 F704.509928 X-6.648393 Y0.000000 Z0.000000
G1 F703.525673 X-6.660119 Y0.000000 Z0.000000
G1 F702.539682 X-6.671828 Y0.000000 Z0.000000
G1 F701.551958 X-6.683520 Y0.000000 Z0.000000
G1 F700.562503 X-6.695196 Y0.000000 Z0.000000
G1 F699.571319 X-6.706856 Y0.000000 Z0.000000
G1 F698.578409 X-6.718499 Y0.000000 Z0.000000
G1 F697.583775 X-6.730125 Y0.000000 Z0.000000
G1 F696.587420 X-6.741735 Y0.000000 Z0.000000
G1 F695.589347 X-6.753328 Y0.000000 Z0.000000
G1 F694.589557 X-6.764905 Y0.000000 Z0.000000
G1 F693.588053 X-6.776464 Y0.000000 Z0.000000
G1 F692.584838 X-6.788007 Y0.000000 Z0.000000
G1 F691.579914 X-6.799534 Y0.000000 Z0.000000
G1 F690.573283 X-6.811043 Y0.000000 Z0.000000
G1 F689.564949 X-6.822536 Y0.000000 Z0.000000
G1 F688.554913 X-6.834012 Y0.000000 Z0.000000
G1 F687.543178 X-6.845471 Y0.000000 Z0.000000
G1 F686.529747 X-6.856913 Y0.000000 Z0.000000
G1 F685.514622 X-6.868338 Y0.000000 Z0.000000
G1 F684.497806 X-6.879747 Y0.000000 Z0.000000
G1 F683.479300 X-6.891138 Y0.000000 Z0.000000
G1 F682.459108 X-6.902512 Y0.000000 Z0.000000
G1 F681.437232 X-6.913870 Y0.000000 Z0.000000
G1 F680.413675 X-6.925210 Y0.000000 Z0.000000
G1 F679.388439 X-6.936533 Y0.000000 Z0.000000
G1 F678.361527 X-6.947839 Y0.000000 Z0.000000
G1 F677.332941 X-6.959128 Y0.000000 Z0.000000
G1 F676.302683 X-6.970400 Y0.000000 Z0.000000
G1 F675.270757 X-6.981654 Y0.000000 Z0.000000
G1 F674.237165 X-6.992891 Y0.000000 Z0.000000
G1 F673.201909 X-7.004112 Y0.000000 Z0.000000
G1 F672.164992 X-7.015314 Y0.000000 Z0.000000
G1 F671.126417 X-7.026500 Y0.000000 Z0.000000
G1 F670.086185 X-7.037668 Y0.000000 Z0.000000
G1 F669.044301 X-7.048819 Y0.000000 Z0.000000
G1 F668.000765 X-7.059952 Y0.000000 Z0.000000
G1 F666.955581 X-7.071068 Y0.000000 Z0.000000
G1 F665.908752 X-7.082166 Y0.000000 Z0.000000
G1 F664.860279 X-7.093247 Y0.000000 Z0.000000
G1 F663.810167 X-7.104311 Y0.000000 Z0.000000
G1 F662.758416 X-7.115357 Y0.000000 Z0.000000
G1 F661.705030 X-7.126385 Y0.000000 Z0.000000
G1 F660.650011 X-7.137396 Y0.000000 Z0.000000
G1 F659.593362 X-7.148389 Y0.000000 Z0.000000
G1 F658.535085 X-7.159365 Y0.000000 Z0.000000
G1 F657.475184 X-7.170323 Y0.000000 Z0.000000
G1 F656.413661 X-7.181263 Y0.000000 Z0.000000
G1 F655.350517 X-7.192185 Y0.000000 Z0.000000
G1 F654.285757 X-7.203090 Y0.000000 Z0.000000
G1 F653.219383 X-7.213977 Y0.000000 Z0.000000
G1 F652.151396 X-7.224846 Y0.000000 Z0.000000
G1 F651.081801 X-7.235698 Y0.000000 Z0.000000
G1 F650.010599 X-7.246531 Y0.000000 Z0.000000
G1 F648.937793 X-7.257347 Y0.000000 Z0.000000
G1 F647.863386 X-7.268145 Y0.000000 Z0.000000
G1 F646.787381 X-7.278924 Y0.000000 Z0.000000
G1 F645.709780 X-7.289686 Y0.000000 Z0.000000
G1 F644.630585 X-7.300430 Y0.000000 Z0.000000
G1 F643.549800 X-7.311156 Y0.000000 Z0.000000
G1 F642.467427 X-7.321864 Y0.000000 Z0.000000
G1 F641.383469 X-7.332553 Y0.000000 Z0.000000
G1 F640.297928 X-7.343225 Y0.000000 Z0.000000
G1 F639.210807 X-7.353879 Y0.000000 Z0.000000
G1 F638.122109 X-7.364514 Y0.000000 Z0.000000
G1 F637.031837 X-7.375131 Y0.000000 Z0.000000
G1 F635.939993 X-7.385730 Y0.000000 Z0.000000
G1 F634.846579 X-7.396311 Y0.000000 Z0.000000
G1 F633.751600 X-7.406873 Y0.000000 Z0.000000
G1 F632.655056 X-7.417418 Y0.000000 Z0.000000
G1 F631.556952 X-7.427944 Y0.000000 Z0.000000
G1 F630.457289 X-7.438451 Y0.000000 Z0.000000
G1 F629.356071 X-7.448941 Y0.000000 Z0.000000
G1 F628.253300 X-7.459411 Y0.000000 Z0.000000
G1 F627.148978 X-7.469864 Y0.000000 Z0.000000
G1 F626.043109 X-7.480298 Y0.000000 Z0.000000
G1 F624.935696 X-7.490714 Y0.000000 Z0.000000
G1 F623.826740 X-7.501111 Y0.000000 Z0.000000
G1 F622.716246 X-7.511489 Y0.000000 Z0.000000
G1 F621.604215 X-7.521849 Y0.000000 Z0.000000
G1 F620.490650 X-7.532191 Y0.000000 Z0.000000
G1 F619.375554 X-7.542514 Y0.000000 Z0.000000
G1 F618.258929 X-7.552818 Y0.000000 Z0.000000
G1 F617.140780 X-7.563104 Y0.000000 Z0.000000
G1 F616.021107 X-7.573371 Y0.000000 Z0.000000
G1 F614.899915 X-7.583619 Y0.000000 Z0.000000
G1 F613.777205 X-7.593849 Y0.000000 Z0.000000
G1 F612.652981 X-7.604060 Y0.000000 Z0.000000
G1 F611.527246 X-7.614252 Y0.000000 Z0.000000
G1 F610.400001 X-7.624425 Y0.000000 Z0.000000
G1 F609.271250 X-7.634580 Y0.000000 Z0.000000
G1 F608.140997 X-7.644715 Y0.000000 Z0.000000
G1 F607.009242 X-7.654832 Y0.000000 Z0.000000
G1 F605.875990 X-7.664930 Y0.000000 Z0.000000
G1 F604.741243 X-7.675009 Y0.000000 Z0.000000
G1 F603.605003 X-7.685069 Y0.000000 Z0.000000
G1 F602.467275 X-7.695110 Y0.000000 Z0.000000
G1 F601.328059 X-7.705132 Y0.000000 Z0.000000
G1 F600.187361 X-7.715136 Y0.000000 Z0.000000
G1 F598.473352 X-7.735085 Y0.000000 Z0.000000
G1 F596.183087 X-7.754957 Y0.000000 Z0.000000
G1 F593.886938 X-7.774754 Y0.000000 Z0.000000
G1 F591.584928 X-7.794473 Y0.000000 Z0.000000
G1 F589.277078 X-7.814116 Y0.000000 Z0.000000
G1 F586.963413 X-7.833681 Y0.000000 Z0.000000
G1 F584.643955 X-7.853169 Y0.000000 Z0.000000
G1 F582.318727 X-7.872580 Y0.000000 Z0.000000
G1 F579.987751 X-7.891913 Y0.000000 Z0.000000
G1 F577.651052 X-7.911168 Y0.000000 Z0.000000
G1 F575.308651 X-7.930345 Y0.000000 Z0.000000
G1 F572.960572 X-7.949444 Y0.000000 Z0.000000
G1 F570.606838 X-7.968464 Y0.000000 Z0.000000
G1 F568.247472 X-7.987405 Y0.000000 Z0.000000
G1 F565.882498 X-8.006268 Y0.000000 Z0.000000
G1 F563.511939 X-8.025052 Y0.000000 Z0.000000
G1 F561.135818 X-8.043756 Y0.000000 Z0.000000
G1 F558.754159 X-8.062381 Y0.000000 Z0.000000
G1 F556.366986 X-8.080927 Y0.000000 Z0.000000
G1 F553.974321 X-8.099393 Y0.000000 Z0.000000
G1 F551.576189 X-8.117779 Y0.000000 Z0.000000
G1 F549.172613 X-8.136084 Y0.000000 Z0.000000
G1 F546.763617 X-8.154310 Y0.000000 Z0.000000
G1 F544.349225 X-8.172455 Y0.000000 Z0.000000
G1 F541.929460 X-8.190519 Y0.000000 Z0.000000
G1 F539.504346 X-8.208503 Y0.000000 Z0.000000
G1 F537.073908 X-8.226405 Y0.000000 Z0.000000
G1 F534.638169 X-8.244226 Y0.000000 Z0.000000
G1 F532.197153 X-8.261966 Y0.000000 Z0.000000
G1 F529.750885 X-8.279625 Y0.000000 Z0.000000
G1 F527.299389 X-8.297201 Y0.000000 Z0.000000
G1 F524.842688 X-8.314696 Y0.000000 Z0.000000
G1 F522.380807 X-8.332109 Y0.000000 Z0.000000
G1 F519.913771 X-8.349439 Y0.000000 Z0.000000
G1 F517.441603 X-8.366687 Y0.000000 Z0.000000
G1 F514.964328 X-8.383853 Y0.000000 Z0.000000
G1 F512.481971 X-8.400936 Y0.000000 Z0.000000
G1 F509.994555 X-8.417935 Y0.000000 Z0.000000
G1 F507.502107 X-8.434852 Y0.000000 Z0.000000
G1 F505.004649 X-8.451686 Y0.000000 Z0.000000
G1 F502.502207 X-8.468436 Y0.000000 Z0.000000
G1 F499.994806 X-8.485102 Y0.000000 Z0.000000
G1 F497.482470 X-8.501685 Y0.000000 Z0.000000
G1 F494.965224 X-8.518184 Y0.000000 Z0.000000
G1 F492.443093 X-8.534599 Y0.000000 Z0.000000
G1 F489.916102 X-8.550929 Y0.000000 Z0.000000
G1 F487.384275 X-8.567175 Y0.000000 Z0.000000
G1 F484.847639 X-8.583337 Y0.000000 Z0.000000
G1 F482.306217 X-8.599414 Y0.000000 Z0.000000
G1 F479.760034 X-8.615406 Y0.000000 Z0.000000
G1 F477.209117 X-8.631313 Y0.000000 Z0.000000
G1 F474.653490 X-8.647134 Y0.000000 Z0.000000
G1 F472.093178 X-8.662871 Y0.000000 Z0.000000
G1 F469.528207 X-8.678522 Y0.000000 Z0.000000
G1 F466.958602 X-8.694087 Y0.000000 Z0.000000
G1 F464.384388 X-8.709567 Y0.000000 Z0.000000
G1 F461.805591 X-8.724960 Y0.000000 Z0.000000
G1 F459.222236 X-8.740267 Y0.000000 Z0.000000
G1 F456.634348 X-8.755489 Y0.000000 Z0.000000
G1 F454.041954 X-8.770623 Y0.000000 Z0.000000
G1 F451.445079 X-8.785672 Y0.000000 Z0.000000
G1 F448.843748 X-8.800633 Y0.000000 Z0.000000
G1 F446.237987 X-8.815508 Y0.000000 Z0.000000
G1 F443.627822 X-8.830295 Y0.000000 Z0.000000
G1 F441.013279 X-8.844996 Y0.000000 Z0.000000
G1 F438.394383 X-8.859609 Y0.000000 Z0.000000
G1 F435.771160 X-8.874134 Y0.000000 Z0.000000
G1 F433.143636 X-8.888573 Y0.000000 Z0.000000
G1 F430.511837 X-8.902923 Y0.000000 Z0.000000
G1 F427.875790 X-8.917186 Y0.000000 Z0.000000
G1 F425.235519 X-8.931360 Y0.000000 Z0.000000
G1 F422.591052 X-8.945446 Y0.000000 Z0.000000
G1 F419.942413 X-8.959444 Y0.000000 Z0.000000
G1 F417.289630 X-8.973354 Y0.000000 Z0.000000
G1 F414.632729 X-8.987175 Y0.000000 Z0.000000
G1 F411.971735 X-9.000908 Y0.000000 Z0.000000
G1 F409.306675 X-9.014551 Y0.000000 Z0.000000
G1 F406.637576 X-9.028106 Y0.000000 Z0.000000
G1 F403.964463 X-9.041571 Y0.000000 Z0.000000
G1 F401.287363 X-9.054947 Y0.000000 Z0.000000
G1 F398.606303 X-9.068234 Y0.000000 Z0.000000
G1 F395.921309 X-9.081432 Y0.000000 Z0.000000
G1 F393.232407 X-9.094539 Y0.000000 Z0.000000
G1 F390.539624 X-9.107557 Y0.000000 Z0.000000
G1 F387.842986 X-9.120486 Y0.000000 Z0.000000
G1 F385.142521 X-9.133324 Y0.000000 Z0.000000
G1 F382.438254 X-9.146072 Y0.000000 Z0.000000
G1 F379.730213 X-9.158729 Y0.000000 Z0.000000
G1 F377.018425 X-9.171297 Y0.000000 Z0.000000
G1 F374.302915 X-9.183773 Y0.000000 Z0.000000
G1 F371.583711 X-9.196159 Y0.000000 Z0.000000
G1 F368.860839 X-9.208455 Y0.000000 Z0.000000
G1 F366.134327 X-9.220659 Y0.000000 Z0.000000
G1 F363.404202 X-9.232773 Y0.000000 Z0.000000
G1 F360.670490 X-9.244795 Y0.000000 Z0.000000
G1 F357.933218 X-9.256726 Y0.000000 Z0.000000
G1 F355.192413 X-9.268566 Y0.000000 Z0.000000
G1 F352.448103 X-9.280314 Y0.000000 Z0.000000
G1 F349.700314 X-9.291971 Y0.000000 Z0.000000
G1 F346.949074 X-9.303536 Y0.000000 Z0.000000
G1 F344.194410 X-9.315009 Y0.000000 Z0.000000
G1 F341.436349 X-9.326390 Y0.000000 Z0.000000
G1 F338.674918 X-9.337679 Y0.000000 Z0.000000
G1 F335.910144 X-9.348876 Y0.000000 Z0.000000
G1 F333.142055 X-9.359981 Y0.000000 Z0.000000
G1 F330.370678 X-9.370993 Y0.000000 Z0.000000
G1 F327.596040 X-9.381913 Y0.000000 Z0.000000
G1 F324.818169 X-9.392741 Y0.000000 Z0.000000
G1 F322.037092 X-9.403475 Y0.000000 Z0.000000
G1 F319.252837 X-9.414117 Y0.000000 Z0.000000
G1 F316.465431 X-9.424666 Y0.000000 Z0.000000
G1 F313.674902 X-9.435122 Y0.000000 Z0.000000
G1 F310.881277 X-9.445484 Y0.000000 Z0.000000
G1 F308.084583 X-9.455754 Y0.000000 Z0.000000
G1 F305.284849 X-9.465930 Y0.000000 Z0.000000
G1 F302.482102 X-9.476013 Y0.000000 Z0.000000
G1 F298.974319 X-9.490961 Y0.000000 Z0.000000
G1 F294.759085 X-9.505699 Y0.000000 Z0.000000
G1 F290.537306 X-9.520226 Y0.000000 Z0.000000
G1 F286.309075 X-9.534542 Y0.000000 Z0.000000
G1 F282.074486 X-9.548645 Y0.000000 Z0.000000
G1 F277.833632 X-9.562537 Y0.000000 Z0.000000
G1 F273.586610 X-9.576216 Y0.000000 Z0.000000
G1 F269.333512 X-9.589683 Y0.000000 Z0.000000
G1 F265.074432 X-9.602937 Y0.000000 Z0.000000
G1 F260.809467 X-9.615977 Y0.000000 Z0.000000
G1 F256.538710 X-9.628804 Y0.000000 Z0.000000
G1 F252.262255 X-9.641417 Y0.000000 Z0.000000
G1 F247.980199 X-9.653816 Y0.000000 Z0.000000
G1 F243.692637 X-9.666001 Y0.000000 Z0.000000
G1 F239.399662 X-9.677971 Y0.000000 Z0.000000
G1 F235.101372 X-9.689726 Y0.000000 Z0.000000
G1 F230.797860 X-9.701266 Y0.000000 Z0.000000
G1 F226.489224 X-9.712590 Y0.000000 Z0.000000
G1 F222.175558 X-9.723699 Y0.000000 Z0.000000
G1 F217.856958 X-9.734592 Y0.000000 Z0.000000
G1 F213.533520 X-9.745269 Y0.000000 Z0.000000
G1 F209.205340 X-9.755729 Y0.000000 Z0.000000
G1 F204.872515 X-9.765973 Y0.000000 Z0.000000
G1 F200.535140 X-9.775999 Y0.000000 Z0.000000
G1 F195.469107 X-9.789031 Y0.000000 Z0.000000
G1 F189.672295 X-9.801675 Y0.000000 Z0.000000
G1 F183.867994 X-9.813933 Y0.000000 Z0.000000
G1 F178.056435 X-9.825804 Y0.000000 Z0.000000
G1 F172.237846 X-9.837286 Y0.000000 Z0.000000
G1 F166.412458 X-9.848380 Y0.000000 Z0.000000
G1 F160.580500 X-9.859086 Y0.000000 Z0.000000
G1 F154.742203 X-9.869402 Y0.000000 Z0.000000
G1 F148.166690 X-9.881749 Y0.000000 Z0.000000
G1 F140.852056 X-9.893487 Y0.000000 Z0.000000
G1 F133.528734 X-9.904614 Y0.000000 Z0.000000
G1 F126.197175 X-9.915131 Y0.000000 Z0.000000
G1 F118.123353 X-9.926943 Y0.000000 Z0.000000
G1 F109.305668 X-9.937874 Y0.000000 Z0.000000
G1 F100.478274 X-9.947921 Y0.000000 Z0.000000
G1 F90.905095 X-9.958527 Y0.000000 Z0.000000
G1 F79.847440 X-9.969173 Y0.000000 Z0.000000
G1 F67.302157 X-9.979269 Y0.000000 Z0.000000
G1 F51.788558 X-9.989626 Y0.000000 Z0.000000
G1 F25.163010 X-9.999692 Y0.000000 Z0.000000
G1 F17.762125 X-9.989626 Y0.000000 Z0.000000
G1 F51.788558 X-9.979269 Y0.000000 Z0.000000
G1 F67.302157 X-9.969173 Y0.000000 Z0.000000
G1 F79.847440 X-9.958527 Y0.000000 Z0.000000
G1 F90.905095 X-9.947921 Y0.000000 Z0.000000
G1 F100.478274 X-9.937874 Y0.000000 Z0.000000
G1 F109.305668 X-9.926943 Y0.000000 Z0.000000
G1 F118.123353 X-9.915131 Y0.000000 Z0.000000
G1 F126.197175 X-9.904614 Y0.000000 Z0.000000
G1 F133.528734 X-9.893487 Y0.000000 Z0.000000
G1 F140.852056 X-9.881749 Y0.000000 Z0.000000
G1 F148.166690 X-9.869402 Y0.000000 Z0.000000
G1 F154.742203 X-9.859086 Y0.000000 Z0.000000
G1 F160.580500 X-9.848380 Y0.000000 Z0.000000
G1 F166.412458 X-9.837286 Y0.000000 Z0.000000
G1 F172.237846 X-9.825804 Y0.000000 Z0.000000
G1 F178.056435 X-9.813933 Y0.000000 Z0.000000
G1 F183.867994 X-9.801675 Y0.000000 Z0.000000
G1 F189.672295 X-9.789031 Y0.000000 Z0.000000
G1 F195.469107 X-9.775999 Y0.000000 Z0.000000
G1 F200.535140 X-9.765973 Y0.000000 Z0.000000
G1 F204.872515 X-9.755729 Y0.000000 Z0.000000
G1 F209.205340 X-9.745269 Y0.000000 Z0.000000
G1 F213.533520 X-9.734592 Y0.000000 Z0.000000
G1 F217.856958 X-9.723699 Y0.000000 Z0.000000
G1 F222.175558 X-9.712590 Y0.000000 Z0.000000
G1 F226.489224 X-9.701266 Y0.000000 Z0.000000
G1 F230.797860 X-9.689726 Y0.000000 Z0.000000
G1 F235.101372 X-9.677971 Y0.000000 Z0.000000
G1 F239.399662 X-9.666001 Y0.000000 Z0.000000
G1 F243.692637 X-9.653816 Y0.000000 Z0.000000
G1 F247.980199 X-9.641417 Y0.000000 Z0.000000
G1 F252.262255 X-9.628804 Y0.000000 Z0.000000
G1 F256.538710 X-9.615977 Y0.000000 Z0.000000
G1 F260.809467 X-9.602937 Y0.000000 Z0.000000
G1 F265.074432 X-9.589683 Y0.000000 Z0.000000
G1 F269.333512 X-9.576216 Y0.000000 Z0.000000
G1 F273.586610 X-9.562537 Y0.000000 Z0.000000
G1 F277.833632 X-9.548645 Y0.000000 Z0.000000
G1 F282.074486 X-9.534542 Y0.000000 Z0.000000
G1 F286.309075 X-9.520226 Y0.000000 Z0.000000
G1 F290.537306 X-9.505699 Y0.000000 Z0.000000
G1 F294.759085 X-9.490961 Y0.000000 Z0.000000
G1 F298.974319 X-9.476013 Y0.000000 Z0.000000
G1 F302.482102 X-9.465930 Y0.000000 Z0.000000
G1 F305.284849 X-9.455754 Y0.000000 Z0.000000
G1 F308.084583 X-9.445484 Y0.000000 Z0.000000
G1 F310.881277 X-9.435122 Y0.000000 Z0.000000
G1 F313.674902 X-9.424666 Y0.000000 Z0.000000
G1 F316.465431 X-9.414117 Y0.000000 Z0.000000
G1 F319.252837 X-9.403475 Y0.000000 Z0.000000
G1 F322.037092 X-9.392741 Y0.000000 Z0.000000
G1 F324.818169 X-9.381913 Y0.000000 Z0.000000
G1 F327.596040 X-9.370993 Y0.000000 Z0.000000
G1 F330.370678 X-9.359981 Y0.000000 Z0.000000
G1 F333.142055 X-9.348876 Y0.000000 Z0.000000
G1 F335.910144 X-9.337679 Y0.000000 Z0.000000
G1 F338.674918 X-9.326390 Y0.000000 Z0.000000
G1 F341.436349 X-9.315009 Y0.000000 Z0.000000
G1 F344.194410 X-9.303536 Y0.000000 Z0.000000
G1 F346.949074 X-9.291971 Y0.000000 Z0.000000
G1 F349.700314 X-9.280314 Y0.000000 Z0.000000
G1 F352.448103 X-9.268566 Y0.000000 Z0.000000
G1 F355.192413 X-9.256726 Y0.000000 Z0.000000
G1 F357.933218 X-9.244795 Y0.000000 Z0.000000
G1 F360.670490 X-9.232773 Y0.000000 Z0.000000
G1 F363.404202 X-9.220659 Y0.000000 Z0.000000
G1 F366.134327 X-9.208455 Y0.000000 Z0.000000
G1 F368.860839 X-9.196159 Y0.000000 Z0.000000
G1 F371.583711 X-9.183773 Y0.000000 Z0.000000
G1 F374.302915 X-9.171297 Y0.000000 Z0.000000
G1 F377.018425 X-9.158729 Y0.000000 Z0.000000
G1 F379.730213 X-9.146072 Y0.000000 Z0.000000
G1 F382.438254 X-9.133324 Y0.000000 Z0.000000
G1 F385.142521 X-9.120486 Y0.000000 Z0.000000
G1 F387.842986 X-9.107557 Y0.000000 Z0.000000
G1 F390.539624 X-9.094539 Y0.000000 Z0.000000
G1 F393.232407 X-9.081432 Y0.000000 Z0.000000
G1 F395.921309 X-9.068234 Y0.000000 Z0.000000
G1 F398.606303 X-9.054947 Y0.000000 Z0.000000
G1 F401.287363 X-9.041571 Y0.000000 Z0.000000
G1 F403.964463 X-9.028106 Y0.000000 Z0.000000
G1 F406.637576 X-9.014551 Y0.000000 Z0.000000
G1 F409.306675 X-9.000908 Y0.000000 Z0.000000
G1 F411.971735 X-8.987175 Y0.000000 Z0.000000
G1 F414.632729 X-8.973354 Y0.000000 Z0.000000
G1 F417.289630 X-8.959444 Y0.000000 Z0.000000
G1 F419.942413 X-8.945446 Y0.000000 Z0.000000
G1 F422.591052 X-8.931360 Y0.000000 Z0.000000
G1 F425.235519 X-8.917186 Y0.000000 Z0.000000
G1 F427.875790 X-8.902923 Y0.000000 Z0.000000
G1 F430.511837 X-8.888573 Y0.000000 Z0.000000
G1 F433.143636 X-8.874134 Y0.000000 Z0.000000
G1 F435.771160 X-8.859609 Y0.000000 Z0.000000
G1 F438.394383 X-8.844996 Y0.000000 Z0.000000
G1 F441.013279 X-8.830295 Y0.000000 Z0.000000
G1 F443.627822 X-8.815508 Y0.000000 Z0.000000
G1 F446.237987 X-8.800633 Y0.000000 Z0.000000
G1 F448.843748 X-8.785672 Y0.000000 Z0.000000
G1 F451.445079 X-8.770623 Y0.000000 Z0.000000
G1 F454.041954 X-8.755489 Y0.000000 Z0.000000
G1 F456.634348 X-8.740267 Y0.000000 Z0.000000
G1 F459.222236 X-8.724960 Y0.000000 Z0.000000
G1 F461.805591 X-8.709567 Y0.000000 Z0.000000
G1 F464.384388 X-8.694087 Y0.000000 Z0.000000
G1 F466.958602 X-8.678522 Y0.000000 Z0.000000
G1 F469.528207 X-8.662871 Y0.000000 Z0.000000
G1 F472.093178 X-8.647134 Y0.000000 Z0.000000
G1 F474.653490 X-8.631313 Y0.000000 Z0.000000
G1 F477.209117 X-8.615406 Y0.000000 Z0.000000
G1 F479.760034 X-8.599414 Y0.000000 Z0.000000
G1 F482.306217 X-8.583337 Y0.000000 Z0.000000
G1 F484.847639 X-8.567175 Y0.000000 Z0.000000
G1 F487.384275 X-8.550929 Y0.000000 Z0.000000
G1 F489.916102 X-8.534599 Y0.000000 Z0.000000
G1 F492.443093 X-8.518184 Y0.000000 Z0.000000
G1 F494.965224 X-8.501685 Y0.000000 Z0.000000
G1 F497.482470 X-8.485102 Y0.000000 Z0.000000
G1 F499.994806 X-8.468436 Y0.000000 Z0.000000
G1 F502.502207 X-8.451686 Y0.000000 Z0.000000
G1 F505.004649 X-8.434852 Y0.000000 Z0.000000
G1 F507.502107 X-8.417935 Y0.000000 Z0.000000
G1 F509.994555 X-8.400936 Y0.000000 Z0.000000
G1 F512.481971 X-8.383853 Y0.000000 Z0.000000
G1 F514.964328 X-8.366687 Y0.000000 Z0.000000
G1 F517.441603 X-8.349439 Y0.000000 Z0.000000
G1 F519.913771 X-8.332109 Y0.000000 Z0.000000
G1 F522.380807 X-8.314696 Y0.000000 Z0.000000
G1 F524.842688 X-8.297201 Y0.000000 Z0.000000
G1 F527.299389 X-8.279625 Y0.000000 Z0.000000
G1 F529.750885 X-8.261966 Y0.000000 Z0.000000
G1 F532.197153 X-8.244226 Y0.000000 Z0.000000
G1 F534.638169 X-8.226405 Y0.000000 Z0.000000
G1 F537.073908 X-8.208503 Y0.000000 Z0.000000
G1 F539.504346 X-8.190519 Y0.000000 Z0.000000
G1 F541.929460 X-8.172455 Y0.000000 Z0.000000
G1 F544.349225 X-8.154310 Y0.000000 Z0.000000
G1 F546.763617 X-8.136084 Y0.000000 Z0.000000
G1 F549.172613 X-8.117779 Y0.000000 Z0.000000
G1 F551.576189 X-8.099393 Y0.000000 Z0.000000
G1 F553.974321 X-8.080927 Y0.000000 Z0.000000
G1 F556.366986 X-8.062381 Y0.000000 Z0.000000
G1 F558.754159 X-8.043756 Y0.000000 Z0.000000
G1 F561.135818 X-8.025052 Y0.000000 Z0.000000
G1 F563.511939 X-8.006268 Y0.000000 Z0.000000
G1 F565.882498 X-7.987405 Y0.000000 Z0.000000
G1 F568.247472 X-7.968464 Y0.000000 Z0.000000
G1 F570.606838 X-7.949444 Y0.000000 Z0.000000
G1 F572.960572 X-7.930345 Y0.000000 Z0.000000
G1 F575.308651 X-7.911168 Y0.000000 Z0.000000
G1 F577.651052 X-7.891913 Y0.000000 Z0.000000
G1 F579.987751 X-7.872580 Y0.000000 Z0.000000
G1 F582.318727 X-7.853169 Y0.000000 Z0.000000
G1 F584.643955 X-7.833681 Y0.000000 Z0.000000
G1 F586.963413 X-7.814116 Y0.000000 Z0.000000
G1 F589.277078 X-7.794473 Y0.000000 Z0.000000
G1 F591.584928 X-7.774754 Y0.000000 Z0.000000
G1 F593.886938 X-7.754957 Y0.000000 Z0.000000
G1 F596.183087 X-7.735085 Y0.000000 Z0.000000
G1 F598.473352 X-7.715136 Y0.000000 Z0.000000
G1 F600.187361 X-7.705132 Y0.000000 Z0.000000
G1 F601.328059 X-7.695110 Y0.000000 Z0.000000
G1 F602.467275 X-7.685069 Y0.000000 Z0.000000
G1 F603.605003 X-7.675009 Y0.000000 Z0.000000
G1 F604.741243 X-7.664930 Y0.000000 Z0.000000
G1 F605.875990 X-7.654832 Y0.000000 Z0.000000
G1 F607.009242 X-7.644715 Y0.000000 Z0.000000
G1 F608.140997 X-7.634580 Y0.000000 Z0.000000
G1 F609.271250 X-7.624425 Y0.000000 Z0.000000
G1 F610.400001 X-7.614252 Y0.000000 Z0.000000
G1 F611.527246 X-7.604060 Y0.000000 Z0.000000
G1 F612.652981 X-7.593849 Y0.000000 Z0.000000
G1 F613.777205 X-7.583619 Y0.000000 Z0.000000
G1 F614.899915 X-7.573371 Y0.000000 Z0.000000
G1 F616.021107 X-7.563104 Y0.000000 Z0.000000
G1 F617.140780 X-7.552818 Y0.000000 Z0.000000
G1 F618.258929 X-7.542514 Y0.000000 Z0.000000
G1 F619.375554 X-7.532191 Y0.000000 Z0.000000
G1 F620.490650 X-7.521849 Y0.000000 Z0.000000
G1 F621.604215 X-7.511489 Y0.000000 Z0.000000
G1 F622.716246 X-7.501111 Y0.000000 Z0.000000
G1 F623.826740 X-7.490714 Y0.000000 Z0.000000
G1 F624.935696 X-7.480298 Y0.000000 Z0.000000
G1 F626.043109 X-7.469864 Y0.000000 Z0.000000
G1 F627.148978 X-7.459411 Y0.000000 Z0.000000
G1 F628.253300 X-7.448941 Y0.000000 Z0.000000
G1 F629.356071 X-7.438451 Y0.000000 Z0.000000
G1 F630.457289 X-7.427944 Y0.000000 Z0.000000
G1 F631.556952 X-7.417418 Y0.000000 Z0.000000
G1 F632.655056 X-7.406873 Y0.000000 Z0.000000
G1 F633.751600 X-7.396311 Y0.000000 Z0.000000
G1 F634.846579 X-7.385730 Y0.000000 Z0.000000
G1 F635.939993 X-7.375131 Y0.000000 Z0.000000
G1 F637.031837 X-7.364514 Y0.000000 Z0.000000
G1 F638.122109 X-7.353879 Y0.000000 Z0.000000
G1 F639.210807 X-7.343225 Y0.000000 Z0.000000
G1 F640.297928 X-7.332553 Y0.000000 Z0.000000
G1 F641.383469 X-7.321864 Y0.000000 Z0.000000
G1 F642.467427 X-7.311156 Y0.000000 Z0.000000
G1 F643.549800 X-7.300430 Y0.000000 Z0.000000
G1 F644.630585 X-7.289686 Y0.000000 Z0.000000
G1 F645.709780 X-7.278924 Y0.000000 Z0.000000
G1 F646.787381 X-7.268145 Y0.000000 Z0.000000
G1 F647.863386 X-7.257347 Y0.000000 Z0.000000
G1 F648.937793 X-7.246531 Y0.000000 Z0.000000
G1 F650.010599 X-7.235698 Y0.000000 Z0.000000
G1 F651.081801 X-7.224846 Y0.000000 Z0.000000
G1 F652.151396 X-7.213977 Y0.000000 Z0.000000
G1 F653.219383 X-7.203090 Y0.000000 Z0.000000
G1 F654.285757 X-7.192185 Y0.000000 Z0.000000
G1 F655.350517 X-7.181263 Y0.000000 Z0.000000
G1 F656.413661 X-7.170323 Y0.000000 Z0.000000
G1 F657.475184 X-7.159365 Y0.000000 Z0.000000
G1 F658.535085 X-7.148389 Y0.000000 Z0.000000
G1 F659.593362 X-7.137396 Y0.000000 Z0.000000
G1 F660.650011 X-7.126385 Y0.000000 Z0.000000
G1 F661.705030 X-7.115357 Y0.000000 Z0.000000
G1 F662.758416 X-7.104311 Y0.000000 Z0.000000
G1 F663.810167 X-7.093247 Y0.000000 Z0.000000
G1 F664.860279 X-7.082166 Y0.000000 Z0.000000
G1 F665.908752 X-7.071068 Y0.000000 Z0.000000
G1 F666.955581 X-7.059952 Y0.000000 Z0.000000
G1 F668.000765 X-7.048819 Y0.000000 Z0.000000
G1 F669.044301 X-7.037668 Y0.000000 Z0.000000
G1 F670.086185 X-7.026500 Y0.000000 Z0.000000
G1 F671.126417 X-7.015314 Y0.000000 Z0.000000
G1 F672.164992 X-7.004112 Y0.000000 Z0.000000
G1 F673.201909 X-6.992891 Y0.000000 Z0.000000
G1 F674.237165 X-6.981654 Y0.000000 Z0.000000
G1 F675.270757 X-6.970400 Y0.000000 Z0.000000
G1 F676.302683 X-6.959128 Y0.000000 Z0.000000
G1 F677.332941 X-6.947839 Y0.000000 Z0.000000
G1 F678.361527 X-6.936533 Y0.000000 Z0.000000
G1 F679.388439 X-6.925210 Y0.000000 Z0.000000
G1 F680.413675 X-6.913870 Y0.000000 Z0.000000
G1 F681.437232 X-6.902512 Y0.000000 Z0.000000
G1 F682.459108 X-6.891138 Y0.000000 Z0.000000
G1 F683.479300 X-6.879747 Y0.000000 Z0.000000
G1 F684.497806 X-6.868338 Y0.000000 Z0.000000
G1 F685.514622 X-6.856913 Y0.000000 Z0.000000
G1 F686.529747 X-6.845471 Y0.000000 Z0.000000
G1 F687.543178 X-6.834012 Y0.000000 Z0.000000
G1 F688.554913 X-6.822536 Y0.000000 Z0.000000
G1 F689.564949 X-6.811043 Y0.000000 Z0.000000
G1 F690.573283 X-6.799534 Y0.000000 Z0.000000
G1 F691.579914 X-6.788007 Y0.000000 Z0.000000
G1 F692.584838 X-6.776464 Y0.000000 Z0.000000
G1 F693.588053 X-6.764905 Y0.000000 Z0.000000
G1 F694.589557 X-6.753328 Y0.000000 Z0.000000
G1 F695.589347 X-6.741735 Y0.000000 Z0.000000
G1 F696.587420 X-6.730125 Y0.000000 Z0.000000
G1 F697.583775 X-6.718499 Y0.000000 Z0.000000
G1 F698.578409 X-6.706856 Y0.000000 Z0.000000
G1 F699.571319 X-6.695196 Y0.000000 Z0.000000
G1 F700.562503 X-6.683520 Y0.000000 Z0.000000
G1 F701.551958 X-6.671828 Y0.000000 Z0.000000
G1 F702.539682 X-6.660119 Y0.000000 Z0.000000
G1 F703.525673 X-6.648393 Y0.000000 Z0.000000
G1 F704.509928 X-6.636651 Y0.000000 Z0.000000
G1 F705.492445 X-6.624893 Y0.000000 Z0.000000
G1 F706.473221 X-6.613119 Y0.000000 Z0.000000
G1 F707.452253 X-6.601328 Y0.000000 Z0.000000
G1 F708.429541 X-6.589521 Y0.000000 Z0.000000
G1 F709.405080 X-6.577697 Y0.000000 Z0.000000
G1 F710.378869 X-6.565858 Y0.000000 Z0.000000
G1 F711.350905 X-6.554002 Y0.000000 Z0.000000
G1 F712.321186 X-6.542130 Y0.000000 Z0.000000
G1 F713.289709 X-6.530242 Y0.000000 Z0.000000
G1 F714.256472 X-6.518337 Y0.000000 Z0.000000
G1 F715.221473 X-6.506417 Y0.000000 Z0.000000
G1 F716.184709 X-6.494480 Y0.000000 Z0.000000
G1 F717.146178 X-6.482528 Y0.000000 Z0.000000
G1 F718.105878 X-6.470560 Y0.000000 Z0.000000
G1 F719.063806 X-6.458575 Y0.000000 Z0.000000
G1 F720.019959 X-6.446575 Y0.000000 Z0.000000
G1 F720.974336 X-6.434559 Y0.000000 Z0.000000
G1 F721.926934 X-6.422527 Y0.000000 Z0.000000
G1 F722.877751 X-6.410479 Y0.000000 Z0.000000
G1 F723.826784 X-6.398415 Y0.000000 Z0.000000
G1 F724.774031 X-6.386335 Y0.000000 Z0.000000
G1 F725.719490 X-6.374240 Y0.000000 Z0.000000
G1 F726.663158 X-6.362129 Y0.000000 Z0.000000
G1 F727.605034 X-6.350002 Y0.000000 Z0.000000
G1 F728.545114 X-6.337860 Y0.000000 Z0.000000
G1 F729.483396 X-6.325702 Y0.000000 Z0.000000
G1 F730.419878 X-6.313528 Y0.000000 Z0.000000
G1 F731.354558 X-6.301339 Y0.000000 Z0.000000
G1 F732.287434 X-6.289134 Y0.000000 Z0.000000
G1 F733.218503 X-6.276914 Y0.000000 Z0.000000
G1 F734.147762 X-6.264678 Y0.000000 Z0.000000
G1 F735.075211 X-6.252427 Y0.000000 Z0.000000
G1 F736.000845 X-6.240160 Y0.000000 Z0.000000
G1 F736.924664 X-6.227878 Y0.000000 Z0.000000
G1 F737.846664 X-6.215580 Y0.000000 Z0.000000
G1 F738.766843 X-6.203268 Y0.000000 Z0.000000
G1 F739.685200 X-6.190939 Y0.000000 Z0.000000
G1 F740.601732 X-6.178596 Y0.000000 Z0.000000
G1 F741.516436 X-6.166238 Y0.000000 Z0.000000
G1 F742.429311 X-6.153864 Y0.000000 Z0.000000
G1 F743.340354 X-6.141475 Y0.000000 Z0.000000
G1 F744.249562 X-6.129071 Y0.000000 Z0.000000
G1 F745.156935 X-6.116651 Y0.000000 Z0.000000
G1 F746.062468 X-6.104217 Y0.000000 Z0.000000
G1 F746.966161 X-6.091767 Y0.000000 Z0.000000
G1 F747.868011 X-6.079303 Y0.000000 Z0.000000
G1 F748.768016 X-6.066824 Y0.000000 Z0.000000
G1 F749.666173 X-6.054329 Y0.000000 Z0.000000
G1 F750.562480 X-6.041820 Y0.000000 Z0.000000
G1 F751.456935 X-6.029295 Y0.000000 Z0.000000
G1 F752.349537 X-6.016756 Y0.000000 Z0.000000
G1 F753.240281 X-6.004202 Y0.000000 Z0.000000
G1 F754.129168 X-5.991633 Y0.000000 Z0.000000
G1 F755.016193 X-5.979050 Y0.000000 Z0.000000
G1 F755.901356 X-5.966451 Y0.000000 Z0.000000
G1 F756.784654 X-5.953838 Y0.000000 Z0.000000
G1 F757.666084 X-5.941211 Y0.000000 Z0.000000
G1 F758.545645 X-5.928568 Y0.000000 Z0.000000
G1 F759.423334 X-5.915911 Y0.000000 Z0.000000
G1 F760.299149 X-5.903239 Y0.000000 Z0.000000
G1 F761.173089 X-5.890553 Y0.000000 Z0.000000
G1 F762.045150 X-5.877853 Y0.000000 Z0.000000
G1 F762.915331 X-5.865137 Y0.000000 Z0.000000
G1 F763.783629 X-5.852408 Y0.000000 Z0.000000
G1 F764.650043 X-5.839663 Y0.000000 Z0.000000
G1 F765.514571 X-5.826905 Y0.000000 Z0.000000
G1 F766.377209 X-5.814132 Y0.000000 Z0.000000
G1 F767.237957 X-5.801345 Y0.000000 Z0.000000
G1 F768.096811 X-5.788543 Y0.000000 Z0.000000
G1 F768.953771 X-5.775727 Y0.000000 Z0.000000
G1 F769.808832 X-5.762897 Y0.000000 Z0.000000
G1 F770.661995 X-5.750053 Y0.000000 Z0.000000
G1 F771.513256 X-5.737194 Y0.000000 Z0.000000
G1 F772.362613 X-5.724321 Y0.000000 Z0.000000
G1 F773.210065 X-5.711434 Y0.000000 Z0.000000
G1 F774.055609 X-5.698533 Y0.000000 Z0.000000
G1 F774.899243 X-5.685619 Y0.000000 Z0.000000
G1 F775.740965 X-5.672689 Y0.000000 Z0.000000
G1 F776.580772 X-5.659746 Y0.000000 Z0.000000
G1 F777.418664 X-5.646790 Y0.000000 Z0.000000
G1 F778.254638 X-5.633819 Y0.000000 Z0.000000
G1 F779.088691 X-5.620834 Y0.000000 Z0.000000
G1 F779.920822 X-5.607835 Y0.000000 Z0.000000
G1 F780.751028 X-5.594823 Y0.000000 Z0.000000
G1 F781.579308 X-5.581796 Y0.000000 Z0.000000
G1 F782.405660 X-5.568756 Y0.000000 Z0.000000
G1 F783.230081 X-5.555702 Y0.000000 Z0.000000
G1 F784.052570 X-5.542635 Y0.000000 Z0.000000
G1 F784.873124 X-5.529554 Y0.000000 Z0.000000
G1 F785.691741 X-5.516459 Y0.000000 Z0.000000
G1 F786.508420 X-5.503350 Y0.000000 Z0.000000
G1 F787.323158 X-5.490228 Y0.000000 Z0.000000
G1 F788.135954 X-5.477093 Y0.000000 Z0.000000
G1 F788.946805 X-5.463943 Y0.000000 Z0.000000
G1 F789.755709 X-5.450781 Y0.000000 Z0.000000
G1 F790.562664 X-5.437605 Y0.000000 Z0.000000
G1 F791.367669 X-5.424415 Y0.000000 Z0.000000
G1 F792.170722 X-5.411213 Y0.000000 Z0.000000
G1 F792.971819 X-5.397996 Y0.000000 Z0.000000
G1 F793.770961 X-5.384767 Y0.000000 Z0.000000
G1 F794.568143 X-5.371524 Y0.000000 Z0.000000
G1 F795.363365 X-5.358268 Y0.000000 Z0.000000
G1 F796.156625 X-5.344999 Y0.000000 Z0.000000
G1 F796.947920 X-5.331716 Y0.000000 Z0.000000
G1 F797.737249 X-5.318421 Y0.000000 Z0.000000
G1 F798.524609 X-5.305112 Y0.000000 Z0.000000
G1 F799.310000 X-5.291790 Y0.000000 Z0.000000
G1 F800.093417 X-5.278455 Y0.000000 Z0.000000
G1 F800.874861 X-5.265107 Y0.000000 Z0.000000
G1 F801.654329 X-5.251746 Y0.000000 Z0.000000
G1 F802.431819 X-5.238372 Y0.000000 Z0.000000
G1 F803.207329 X-5.224986 Y0.000000 Z0.000000
G1 F803.980856 X-5.211586 Y0.000000 Z0.000000
G1 F804.752401 X-5.198173 Y0.000000 Z0.000000
G1 F805.521959 X-5.184748 Y0.000000 Z0.000000
G1 F806.289530 X-5.171310 Y0.000000 Z0.000000
G1 F807.055112 X-5.157859 Y0.000000 Z0.000000
G1 F807.818702 X-5.144395 Y0.000000 Z0.000000
G1 F808.580299 X-5.130919 Y0.000000 Z0.000000
G1 F809.339901 X-5.117430 Y0.000000 Z0.000000
G1 F810.097506 X-5.103928 Y0.000000 Z0.000000
G1 F810.853112 X-5.090414 Y0.000000 Z0.000000
G1 F811.606718 X-5.076887 Y0.000000 Z0.000000
G1 F812.358321 X-5.063348 Y0.000000 Z0.000000
G1 F813.107919 X-5.049796 Y0.000000 Z0.000000
G1 F813.855511 X-5.036232 Y0.000000 Z0.000000
G1 F814.601095 X-5.022655 Y0.000000 Z0.000000
G1 F815.344670 X-5.009066 Y0.000000 Z0.000000
G1 F816.086232 X-4.995465 Y0.000000 Z0.000000
G1 F816.825781 X-4.981851 Y0.000000 Z0.000000
G1 F817.563314 X-4.968225 Y0.000000 Z0.000000
G1 F818.298830 X-4.954587 Y0.000000 Z0.000000
G1 F819.032327 X-4.940936 Y0.000000 Z0.000000
G1 F819.763803 X-4.927273 Y0.000000 Z0.000000
G1 F820.493257 X-4.913599 Y0.000000 Z0.000000
G1 F821.220686 X-4.899912 Y0.000000 Z0.000000
G1 F821.946088 X-4.886212 Y0.000000 Z0.000000
G1 F822.669463 X-4.872501 Y0.000000 Z0.000000
G1 F823.390808 X-4.858778 Y0.000000 Z0.000000
G1 F824.110121 X-4.845043 Y0.000000 Z0.000000
G1 F824.827401 X-4.831296 Y0.000000 Z0.000000
G1 F825.542645 X-4.817537 Y0.000000 Z0.000000
G1 F826.255853 X-4.803766 Y0.000000 Z0.000000
G1 F826.967022 X-4.789983 Y0.000000 Z0.000000
G1 F827.676150 X-4.776188 Y0.000000 Z0.000000
G1 F828.383236 X-4.762382 Y0.000000 Z0.000000
G1 F829.088278 X-4.748564 Y0.000000 Z0.000000
G1 F829.791275 X-4.734734 Y0.000000 Z0.000000
G1 F830.492224 X-4.720893 Y0.000000 Z0.000000
G1 F831.191124 X-4.707039 Y0.000000 Z0.000000
G1 F831.887973 X-4.693175 Y0.000000 Z0.000000
G1 F832.582770 X-4.679298 Y0.000000 Z0.000000
G1 F833.275512 X-4.665410 Y0.000000 Z0.000000
G1 F833.966198 X-4.651511 Y0.000000 Z0.000000
G1 F834.654826 X-4.637600 Y0.000000 Z0.000000
G1 F835.341395 X-4.623678 Y0.000000 Z0.000000
G1 F836.025903 X-4.609744 Y0.000000 Z0.000000
G1 F836.708348 X-4.595799 Y0.000000 Z0.000000
G1 F837.388729 X-4.581842 Y0.000000 Z0.000000
G1 F838.067043 X-4.567874 Y0.000000 Z0.000000
G1 F838.743290 X-4.553895 Y0.000000 Z0.000000
G1 F839.417467 X-4.539905 Y0.000000 Z0.000000
G1 F840.089573 X-4.525904 Y0.000000 Z0.000000
G1 F840.759606 X-4.511891 Y0.000000 Z0.000000
G1 F841.427564 X-4.497867 Y0.000000 Z0.000000
G1 F842.093447 X-4.483832 Y0.000000 Z0.000000
G1 F842.757251 X-4.469786 Y0.000000 Z0.000000
G1 F843.418977 X-4.455729 Y0.000000 Z0.000000
G1 F844.078621 X-4.441661 Y0.000000 Z0.000000
G1 F844.736182 X-4.427582 Y0.000000 Z0.000000
G1 F845.391659 X-4.413492 Y0.000000 Z0.000000
G1 F846.045051 X-4.399392 Y0.000000 Z0.000000
G1 F846.696354 X-4.385280 Y0.000000 Z0.000000
G1 F847.345569 X-4.371158 Y0.000000 Z0.000000
G1 F847.992693 X-4.357024 Y0.000000 Z0.000000
G1 F848.637724 X-4.342880 Y0.000000 Z0.000000
G1 F849.280662 X-4.328726 Y0.000000 Z0.000000
G1 F849.921504 X-4.314560 Y0.000000 Z0.000000
G1 F850.560249 X-4.300384 Y0.000000 Z0.000000
G1 F851.196895 X-4.286198 Y0.000000 Z0.000000
G1 F851.831441 X-4.272001 Y0.000000 Z0.000000
G1 F852.463885 X-4.257793 Y0.000000 Z0.000000
G1 F853.094226 X-4.243575 Y0.000000 Z0.000000
G1 F853.722462 X-4.229346 Y0.000000 Z0.000000
G1 F854.348591 X-4.215107 Y0.000000 Z0.000000
G1 F854.972613 X-4.200857 Y0.000000 Z0.000000
G1 F855.594525 X-4.186597 Y0.000000 Z0.000000
G1 F856.214325 X-4.172327 Y0.000000 Z0.000000
G1 F856.832014 X-4.158047 Y0.000000 Z0.000000
G1 F857.447588 X-4.143756 Y0.000000 Z0.000000
G1 F858.061046 X-4.129455 Y0.000000 Z0.000000
G1 F858.672387 X-4.115144 Y0.000000 Z0.000000
G1 F859.281609 X-4.100822 Y0.000000 Z0.000000
G1 F859.888712 X-4.086491 Y0.000000 Z0.000000
G1 F860.493692 X-4.072149 Y0.000000 Z0.000000
G1 F861.096550 X-4.057798 Y0.000000 Z0.000000
G1 F861.697282 X-4.043436 Y0.000000 Z0.000000
G1 F862.295889 X-4.029064 Y0.000000 Z0.000000
G1 F862.892368 X-4.014683 Y0.000000 Z0.000000
G1 F863.486718 X-4.000291 Y0.000000 Z0.000000
G1 F864.078937 X-3.985890 Y0.000000 Z0.000000
G1 F864.669024 X-3.971479 Y0.000000 Z0.000000
G1 F865.256978 X-3.957058 Y0.000000 Z0.000000
G1 F865.842797 X-3.942627 Y0.000000 Z0.000000
G1 F866.426479 X-3.928187 Y0.000000 Z0.000000
G1 F867.008024 X-3.913737 Y0.000000 Z0.000000
G1 F867.587429 X-3.899277 Y0.000000 Z0.000000
G1 F868.164694 X-3.884807 Y0.000000 Z0.000000
G1 F868.739817 X-3.870328 Y0.000000 Z0.000000
G1 F869.312796 X-3.855840 Y0.000000 Z0.000000
G1 F869.883630 X-3.841342 Y0.000000 Z0.000000
G1 F870.452318 X-3.826834 Y0.000000 Z0.000000
G1 F871.018858 X-3.812317 Y0.000000 Z0.000000
G1 F871.583248 X-3.797791 Y0.000000 Z0.000000
G1 F872.145489 X-3.783255 Y0.000000 Z0.000000
G1 F872.705577 X-3.768710 Y0.000000 Z0.000000
G1 F873.263512 X-3.754156 Y0.000000 Z0.000000
G1 F873.819292 X-3.739592 Y0.000000 Z0.000000
G1 F874.372917 X-3.725019 Y0.000000 Z0.000000
G1 F874.924384 X-3.710437 Y0.000000 Z0.000000
G1 F875.473692 X-3.695846 Y0.000000 Z0.000000
G1 F876.020840 X-3.681246 Y0.000000 Z0.000000
G1 F876.565826 X-3.666636 Y0.000000 Z0.000000
G1 F877.108650 X-3.652018 Y0.000000 Z0.000000
G1 F877.649309 X-3.637390 Y0.000000 Z0.000000
G1 F878.187803 X-3.622754 Y0.000000 Z0.000000
G1 F878.724130 X-3.608108 Y0.000000 Z0.000000
G1 F879.258289 X-3.593454 Y0.000000 Z0.000000
G1 F879.790278 X-3.578791 Y0.000000 Z0.000000
G1 F880.320097 X-3.564119 Y0.000000 Z0.000000
G1 F880.847744 X-3.549438 Y0.000000 Z0.000000
G1 F881.373217 X-3.534748 Y0.000000 Z0.000000
G1 F881.896515 X-3.520050 Y0.000000 Z0.000000
G1 F882.417638 X-3.505343 Y0.000000 Z0.000000
G1 F882.936583 X-3.490628 Y0.000000 Z0.000000
G1 F883.453349 X-3.475903 Y0.000000 Z0.000000
G1 F883.967936 X-3.461171 Y0.000000 Z0.000000
G1 F884.480342 X-3.446429 Y0.000000 Z0.000000
G1 F884.990565 X-3.431679 Y0.000000 Z0.000000
G1 F885.498605 X-3.416921 Y0.000000 Z0.000000
G1 F886.004460 X-3.402154 Y0.000000 Z0.000000
G1 F886.508128 X-3.387379 Y0.000000 Z0.000000
G1 F887.009609 X-3.372596 Y0.000000 Z0.000000
G1 F887.508902 X-3.357804 Y0.000000 Z0.000000
G1 F888.006005 X-3.343004 Y0.000000 Z0.000000
G1 F888.500917 X-3.328195 Y0.000000 Z0.000000
G1 F888.993636 X-3.313379 Y0.000000 Z0.000000
G1 F889.484162 X-3.298554 Y0.000000 Z0.000000
G1 F889.972493 X-3.283721 Y0.000000 Z0.000000
G1 F890.458629 X-3.268880 Y0.000000 Z0.000000
G1 F890.942567 X-3.254031 Y0.000000 Z0.000000
G1 F891.424307 X-3.239174 Y0.000000 Z0.000000
G1 F891.903847 X-3.224309 Y0.000000 Z0.000000
G1 F892.381187 X-3.209436 Y0.000000 Z0.000000
G1 F892.856325 X-3.194555 Y0.000000 Z0.000000
G1 F893.329260 X-3.179666 Y0.000000 Z0.000000
G1 F893.799990 X-3.164770 Y0.000000 Z0.000000
G1 F894.268516 X-3.149865 Y0.000000 Z0.000000
G1 F894.734835 X-3.134953 Y0.000000 Z0.000000
G1 F895.198946 X-3.120033 Y0.000000 Z0.000000
G1 F895.660848 X-3.105105 Y0.000000 Z0.000000
G1 F896.120540 X-3.090170 Y0.000000 Z0.000000
G1 F896.578021 X-3.075227 Y0.000000 Z0.000000
G1 F897.033290 X-3.060276 Y0.000000 Z0.000000
G1 F897.486346 X-3.045318 Y0.000000 Z0.000000
G1 F897.937187 X-3.030353 Y0.000000 Z0.000000
G1 F898.385813 X-3.015380 Y0.000000 Z0.000000
G1 F898.832222 X-3.000399 Y0.000000 Z0.000000
G1 F899.276413 X-2.985411 Y0.000000 Z0.000000
G1 F899.718385 X-2.970416 Y0.000000 Z0.000000
G1 F900.158138 X-2.955413 Y0.000000 Z0.000000
G1 F900.595669 X-2.940403 Y0.000000 Z0.000000
G1 F901.030978 X-2.925386 Y0.000000 Z0.000000
G1 F901.464064 X-2.910362 Y0.000000 Z0.000000
G1 F901.894926 X-2.895330 Y0.000000 Z0.000000
G1 F902.323562 X-2.880291 Y0.000000 Z0.000000
G1 F902.749972 X-2.865246 Y0.000000 Z0.000000
G1 F903.174155 X-2.850193 Y0.000000 Z0.000000
G1 F903.596109 X-2.835133 Y0.000000 Z0.000000
G1 F904.015833 X-2.820066 Y0.000000 Z0.000000
G1 F904.433327 X-2.804992 Y0.000000 Z0.000000
G1 F904.848589 X-2.789911 Y0.000000 Z0.000000
G1 F905.261619 X-2.774823 Y0.000000 Z0.000000
G1 F905.672415 X-2.759729 Y0.000000 Z0.000000
G1 F906.080977 X-2.744627 Y0.000000 Z0.000000
G1 F906.487302 X-2.729519 Y0.000000 Z0.000000
G1 F906.891391 X-2.714404 Y0.000000 Z0.000000
G1 F907.293243 X-2.699283 Y0.000000 Z0.000000
G1 F907.692855 X-2.684155 Y0.000000 Z0.000000
G1 F908.090229 X-2.669020 Y0.000000 Z0.000000
G1 F908.485361 X-2.653878 Y0.000000 Z0.000000
G1 F908.878252 X-2.638730 Y0.000000 Z0.000000
G1 F909.268900 X-2.623576 Y0.000000 Z0.000000
G1 F909.657305 X-2.608415 Y0.000000 Z0.000000
G1 F910.043465 X-2.593248 Y0.000000 Z0.000000
G1 F910.427380 X-2.578074 Y0.000000 Z0.000000
G1 F910.809049 X-2.562894 Y0.000000 Z0.000000
G1 F911.188470 X-2.547707 Y0.000000 Z0.000000
G1 F911.565643 X-2.532514 Y0.000000 Z0.000000
G1 F911.940566 X-2.517315 Y0.000000 Z0.000000
G1 F912.313240 X-2.502110 Y0.000000 Z0.000000
G1 F912.683662 X-2.486899 Y0.000000 Z0.000000
G1 F913.051833 X-2.471681 Y0.000000 Z0.000000
G1 F913.417751 X-2.456458 Y0.000000 Z0.000000
G1 F913.781414 X-2.441228 Y0.000000 Z0.000000
G1 F914.142824 X-2.425992 Y0.000000 Z0.000000
G1 F914.501977 X-2.410751 Y0.000000 Z0.000000
G1 F914.858875 X-2.395503 Y0.000000 Z0.000000
G1 F915.213515 X-2.380249 Y0.000000 Z0.000000
G1 F915.565896 X-2.364990 Y0.000000 Z0.000000
G1 F915.916019 X-2.349725 Y0.000000 Z0.000000
G1 F916.263882 X-2.334454 Y0.000000 Z0.000000
G1 F916.609484 X-2.319177 Y0.000000 Z0.000000
G1 F916.952824 X-2.303894 Y0.000000 Z0.000000
G1 F917.293902 X-2.288606 Y0.000000 Z0.000000
G1 F917.632716 X-2.273312 Y0.000000 Z0.000000
G1 F917.969267 X-2.258013 Y0.000000 Z0.000000
G1 F918.303552 X-2.242708 Y0.000000 Z0.000000
G1 F918.635571 X-2.227397 Y0.000000 Z0.000000
G1 F918.965324 X-2.212081 Y0.000000 Z0.000000
G1 F919.292810 X-2.196759 Y0.000000 Z0.000000
G1 F919.618027 X-2.181432 Y0.000000 Z0.000000
G1 F919.940975 X-2.166100 Y0.000000 Z0.000000
G1 F920.261653 X-2.150762 Y0.000000 Z0.000000
G1 F920.580060 X-2.135419 Y0.000000 Z0.000000
G1 F920.896197 X-2.120071 Y0.000000 Z0.000000
G1 F921.210060 X-2.104718 Y0.000000 Z0.000000
G1 F921.521651 X-2.089359 Y0.000000 Z0.000000
G1 F921.830968 X-2.073995 Y0.000000 Z0.000000
G1 F922.138011 X-2.058626 Y0.000000 Z0.000000
G1 F922.442778 X-2.043252 Y0.000000 Z0.000000
G1 F922.745270 X-2.027873 Y0.000000 Z0.000000
G1 F923.045484 X-2.012489 Y0.000000 Z0.000000
G1 F923.343421 X-1.997100 Y0.000000 Z0.000000
G1 F923.639080 X-1.981706 Y0.000000 Z0.000000
G1 F923.932460 X-1.966307 Y0.000000 Z0.000000
G1 F924.223560 X-1.950903 Y0.000000 Z0.000000
G1 F924.512379 X-1.935495 Y0.000000 Z0.000000
G1 F924.798918 X-1.920081 Y0.000000 Z0.000000
G1 F925.083174 X-1.904663 Y0.000000 Z0.000000
G1 F925.365148 X-1.889241 Y0.000000 Z0.000000
G1 F925.644839 X-1.873813 Y0.000000 Z0.000000
G1 F925.922246 X-1.858381 Y0.000000 Z0.000000
G1 F926.197368 X-1.842944 Y0.000000 Z0.000000
G1 F926.470205 X-1.827503 Y0.000000 Z0.000000
G1 F926.740756 X-1.812058 Y0.000000 Z0.000000
G1 F927.009020 X-1.796607 Y0.000000 Z0.000000
G1 F927.274997 X-1.781153 Y0.000000 Z0.000000
G1 F927.538686 X-1.765694 Y0.000000 Z0.000000
G1 F927.800087 X-1.750231 Y0.000000 Z0.000000
G1 F928.059198 X-1.734763 Y0.000000 Z0.000000
G1 F928.316019 X-1.719291 Y0.000000 Z0.000000
G1 F928.570550 X-1.703815 Y0.000000 Z0.000000
G1 F928.822790 X-1.688334 Y0.000000 Z0.000000
G1 F929.072738 X-1.672850 Y0.000000 Z0.000000
G1 F929.320393 X-1.657361 Y0.000000 Z0.000000
G1 F929.565756 X-1.641868 Y0.000000 Z0.000000
G1 F929.808824 X-1.626372 Y0.000000 Z0.000000
G1 F930.049599 X-1.610871 Y0.000000 Z0.000000
G1 F930.288079 X-1.595366 Y0.000000 Z0.000000
G1 F930.524263 X-1.579857 Y0.000000 Z0.000000
G1 F930.758152 X-1.564345 Y0.000000 Z0.000000
G1 F930.989744 X-1.548828 Y0.000000 Z0.000000
G1 F931.219038 X-1.533308 Y0.000000 Z0.000000
G1 F931.446035 X-1.517784 Y0.000000 Z0.000000
G1 F931.670734 X-1.502256 Y0.000000 Z0.000000
G1 F931.893134 X-1.486724 Y0.000000 Z0.000000
G1 F932.113235 X-1.471189 Y0.000000 Z0.000000
G1 F932.331036 X-1.455650 Y0.000000 Z0.000000
G1 F932.546536 X-1.440108 Y0.000000 Z0.000000
G1 F932.759735 X-1.424562 Y0.000000 Z0.000000
G1 F932.970633 X-1.409012 Y0.000000 Z0.000000
G1 F933.179229 X-1.393459 Y0.000000 Z0.000000
G1 F933.385523 X-1.377903 Y0.000000 Z0.000000
G1 F933.589513 X-1.362343 Y0.000000 Z0.000000
G1 F933.791200 X-1.346780 Y0.000000 Z0.000000
G1 F933.990582 X-1.331213 Y0.000000 Z0.000000
G1 F934.187661 X-1.315644 Y0.000000 Z0.000000
G1 F934.382434 X-1.300071 Y0.000000 Z0.000000
G1 F934.574901 X-1.284494 Y0.000000 Z0.000000
G1 F934.765063 X-1.268915 Y0.000000 Z0.000000
G1 F934.952918 X-1.253332 Y0.000000 Z0.000000
G1 F935.138467 X-1.237747 Y0.000000 Z0.000000
G1 F935.321708 X-1.222158 Y0.000000 Z0.000000
G1 F935.502641 X-1.206566 Y0.000000 Z0.000000
G1 F935.681266 X-1.190972 Y0.000000 Z0.000000
G1 F935.857582 X-1.175374 Y0.000000 Z0.000000
G1 F936.031589 X-1.159773 Y0.000000 Z0.000000
G1 F936.203287 X-1.144170 Y0.000000 Z0.000000
G1 F936.372674 X-1.128564 Y0.000000 Z0.000000
G1 F936.539752 X-1.112955 Y0.000000 Z0.000000
G1 F936.704518 X-1.097343 Y0.000000 Z0.000000
G1 F936.866973 X-1.081729 Y0.000000 Z0.000000
G1 F937.027116 X-1.066112 Y0.000000 Z0.000000
G1 F937.184948 X-1.050492 Y0.000000 Z0.000000
G1 F937.340467 X-1.034869 Y0.000000 Z0.000000
G1 F937.493673 X-1.019245 Y0.000000 Z0.000000
G1 F937.644566 X-1.003617 Y0.000000 Z0.000000
G1 F937.793146 X-0.987987 Y0.000000 Z0.000000
G1 F937.939411 X-0.972355 Y0.000000 Z0.000000
G1 F938.083363 X-0.956720 Y0.000000 Z0.000000
G1 F938.225000 X-0.941083 Y0.000000 Z0.000000
G1 F938.364321 X-0.925444 Y0.000000 Z0.000000
G1 F938.501328 X-0.909802 Y0.000000 Z0.000000
G1 F938.636018 X-0.894158 Y0.000000 Z0.000000
G1 F938.768393 X-0.878512 Y0.000000 Z0.000000
G1 F938.898452 X-0.862864 Y0.000000 Z0.000000
G1 F939.026194 X-0.847213 Y0.000000 Z0.000000
G1 F939.151618 X-0.831561 Y0.000000 Z0.000000
G1 F939.274726 X-0.815906 Y0.000000 Z0.000000
G1 F939.395516 X-0.800250 Y0.000000 Z0.000000
G1 F939.513988 X-0.784591 Y0.000000 Z0.000000
G1 F939.630142 X-0.768930 Y0.000000 Z0.000000
G1 F939.743978 X-0.753268 Y0.000000 Z0.000000
G1 F939.855495 X-0.737604 Y0.000000 Z0.000000
G1 F939.964692 X-0.721938 Y0.000000 Z0.000000
G1 F940.071571 X-0.706270 Y0.000000 Z0.000000
G1 F940.176130 X-0.690600 Y0.000000 Z0.000000
G1 F940.278369 X-0.674929 Y0.000000 Z0.000000
G1 F940.378289 X-0.659256 Y0.000000 Z0.000000
G1 F940.475887 X-0.643581 Y0.000000 Z0.000000
G1 F940.571166 X-0.627905 Y0.000000 Z0.000000
G1 F940.664123 X-0.612227 Y0.000000 Z0.000000
G1 F940.754760 X-0.596548 Y0.000000 Z0.000000
G1 F940.843075 X-0.580867 Y0.000000 Z0.000000
G1 F940.929069 X-0.565185 Y0.000000 Z0.000000
G1 F941.012742 X-0.549502 Y0.000000 Z0.000000
G1 F941.094092 X-0.533817 Y0.000000 Z0.000000
G1 F941.173121 X-0.518131 Y0.000000 Z0.000000
G1 F941.249827 X-0.502443 Y0.000000 Z0.000000
G1 F941.324210 X-0.486754 Y0.000000 Z0.000000
G1 F941.396272 X-0.471065 Y0.000000 Z0.000000
G1 F941.466010 X-0.455373 Y0.000000 Z0.000000
G1 F941.533425 X-0.439681 Y0.000000 Z0.000000
G1 F941.598517 X-0.423988 Y0.000000 Z0.000000
G1 F941.661286 X-0.408294 Y0.000000 Z0.000000
G1 F941.721732 X-0.392598 Y0.000000 Z0.000000
G1 F941.779853 X-0.376902 Y0.000000 Z0.000000
G1 F941.835652 X-0.361205 Y0.000000 Z0.000000
G1 F941.889126 X-0.345506 Y0.000000 Z0.000000
G1 F941.940276 X-0.329807 Y0.000000 Z0.000000
G1 F941.989102 X-0.314108 Y0.000000 Z0.000000
G1 F942.035604 X-0.298407 Y0.000000 Z0.000000
G1 F942.079781 X-0.282706 Y0.000000 Z0.000000
G1 F942.121634 X-0.267004 Y0.000000 Z0.000000
G1 F942.161162 X-0.251301 Y0.000000 Z0.000000
G1 F942.198366 X-0.235598 Y0.000000 Z0.000000
G1 F942.233245 X-0.219894 Y0.000000 Z0.000000
G1 F942.265799 X-0.204189 Y0.000000 Z0.000000
G1 F942.296028 X-0.188484 Y0.000000 Z0.000000
G1 F942.323932 X-0.172779 Y0.000000 Z0.000000
G1 F942.349511 X-0.157073 Y0.000000 Z0.000000
G1 F942.372764 X-0.141367 Y0.000000 Z0.000000
G1 F942.393693 X-0.125660 Y0.000000 Z0.000000
G1 F942.412296 X-0.109954 Y0.000000 Z0.000000
G1 F942.428574 X-0.094246 Y0.000000 Z0.000000
G1 F942.442527 X-0.078539 Y0.000000 Z0.000000
G1 F942.454154 X-0.062831 Y0.000000 Z0.000000
G1 F942.463456 X-0.047124 Y0.000000 Z0.000000
G1 F942.470432 X-0.031416 Y0.000000 Z0.000000
G1 F942.475083 X-0.015708 Y0.000000 Z0.000000
G1 F942.477408 X-0.000000 Y0.000000 Z0.000000
G1 F942.477408 X0.015708 Y0.000000 Z0.000000
G1 F942.475083 X0.031416 Y0.000000 Z0.000000
G1 F942.470432 X0.047124 Y0.000000 Z0.000000
G1 F942.463456 X0.062831 Y0.000000 Z0.000000
G1 F942.454154 X0.078539 Y0.000000 Z0.000000
G1 F942.442527 X0.094246 Y0.000000 Z0.000000
G1 F942.428574 X0.109954 Y0.000000 Z0.000000
G1 F942.412296 X0.125660 Y0.000000 Z0.000000
G1 F942.393693 X0.141367 Y0.000000 Z0.000000
G1 F942.372764 X0.157073 Y0.000000 Z0.000000
G1 F942.349511 X0.172779 Y0.000000 Z0.000000
G1 F942.323932 X0.188484 Y0.000000 Z0.000000
G1 F942.296028 X0.204189 Y0.000000 Z0.000000
G1 F942.265799 X0.219894 Y0.000000 Z0.000000
G1 F942.233245 X0.235598 Y0.000000 Z0.000000
G1 F942.198366 X0.251301 Y0.000000 Z0.000000
G1 F942.161162 X0.267004 Y0.000000 Z0.000000
G1 F942.121634 X0.282706 Y0.000000 Z0.000000
G1 F942.079781 X0.298407 Y0.000000 Z0.000000
G1 F942.035604 X0.314108 Y0.000000 Z0.000000
G1 F941.989102 X0.329807 Y0.000000 Z0.000000
G1 F941.940276 X0.345506 Y0.000000 Z0.000000
G1 F941.889126 X0.361205 Y0.000000 Z0.000000
G1 F941.835652 X0.376902 Y0.000000 Z0.000000
G1 F941.779853 X0.392598 Y0.000000 Z0.000000
G1 F941.721732 X0.408294 Y0.000000 Z0.000000
G1 F941.661286 X0.423988 Y0.000000 Z0.000000
G1 F941.598517 X0.439681 Y0.000000 Z0.000000
G1 F941.533425 X0.455373 Y0.000000 Z0.000000
G1 F941.466010 X0.471065 Y0.000000 Z0.000000
G1 F941.396272 X0.486754 Y0.000000 Z0.000000
G1 F941.324210 X0.502443 Y0.000000 Z0.000000
G1 F941.249827 X0.518131 Y0.000000 Z0.000000
G1 F941.173121 X0.533817 Y0.000000 Z0.000000
G1 F941.094092 X0.549502 Y0.000000 Z0.000000
G1 F941.012742 X0.565185 Y0.000000 Z0.000000
G1 F940.929069 X0.580867 Y0.000000 Z0.000000
G1 F940.843075 X0.596548 Y0.000000 Z0.000000
G1 F940.754760 X0.612227 Y0.000000 Z0.000000
G1 F940.664123 X0.627905 Y0.000000 Z0.000000
G1 F940.571166 X0.643581 Y0.000000 Z0.000000
G1 F940.475887 X0.659256 Y0.000000 Z0.000000
G1 F940.378289 X0.674929 Y0.000000 Z0.000000
G1 F940.278369 X0.690600 Y0.000000 Z0.000000
G1 F940.176130 X0.706270 Y0.000000 Z0.000000
G1 F940.071571 X0.721938 Y0.000000 Z0.000000
G1 F939.964692 X0.737604 Y0.000000 Z0.000000
G1 F939.855495 X0.753268 Y0.000000 Z0.000000
G1 F939.743978 X0.768930 Y0.000000 Z0.000000
G1 F939.630142 X0.784591 Y0.000000 Z0.000000
G1 F939.513988 X0.800250 Y0.000000 Z0.000000
G1 F939.395516 X0.815906 Y0.000000 Z0.000000
G1 F939.274726 X0.831561 Y0.000000 Z0.000000
G1 F939.151618 X0.847213 Y0.000000 Z0.000000
G1 F939.026194 X0.862864 Y0.000000 Z0.000000
G1 F938.898452 X0.878512 Y0.000000 Z0.000000
G1 F938.768393 X0.894158 Y0.000000 Z0.000000
G1 F938.636018 X0.909802 Y0.000000 Z0.000000
G1 F938.501328 X0.925444 Y0.000000 Z0.000000
G1 F938.364321 X0.941083 Y0.000000 Z0.000000
G1 F938.225000 X0.956720 Y0.000000 Z0.000000
G1 F938.083363 X0.972355 Y0.000000 Z0.000000
G1 F937.939411 X0.987987 Y0.000000 Z0.000000
G1 F937.793146 X1.003617 Y0.000000 Z0.000000
G1 F937.644566 X1.019245 Y0.000000 Z0.000000
G1 F937.493673 X1.034869 Y0.000000 Z0.000000
G1 F937.340467 X1.050492 Y0.000000 Z0.000000
G1 F937.184948 X1.066112 Y0.000000 Z0.000000
G1 F937.027116 X1.081729 Y0.000000 Z0.000000
G1 F936.866973 X1.097343 Y0.000000 Z0.000000
G1 F936.704518 X1.112955 Y0.000000 Z0.000000
G1 F936.539752 X1.128564 Y0.000000 Z0.000000
G1 F936.372674 X1.144170 Y0.000000 Z0.000000
G1 F936.203287 X1.159773 Y0.000000 Z0.000000
G1 F936.031589 X1.175374 Y0.000000 Z0.000000
G1 F935.857582 X1.190972 Y0.000000 Z0.000000
G1 F935.681266 X1.206566 Y0.000000 Z0.000000
G1 F935.502641 X1.222158 Y0.000000 Z0.000000
G1 F935.321708 X1.237747 Y0.000000 Z0.000000
G1 F935.138467 X1.253332 Y0.000000 Z0.000000
G1 F934.952918 X1.268915 Y0.000000 Z0.000000
G1 F934.765063 X1.284494 Y0.000000 Z0.000000
G1 F934.574901 X1.300071 Y0.000000 Z0.000000
G1 F934.382434 X1.315644 Y0.000000 Z0.000000
G1 F934.187661 X1.331213 Y0.000000 Z0.000000
G1 F933.990582 X1.346780 Y0.000000 Z0.000000
G1 F933.791200 X1.362343 Y0.000000 Z0.000000
G1 F933.589513 X1.377903 Y0.000000 Z0.000000
G1 F933.385523 X1.393459 Y0.000000 Z0.000000
G1 F933.179229 X1.409012 Y0.000000 Z0.000000
G1 F932.970633 X1.424562 Y0.000000 Z0.000000
G1 F932.759735 X1.440108 Y0.000000 Z0.000000
G1 F932.546536 X1.455650 Y0.000000 Z0.000000
G1 F932.331036 X1.471189 Y0.000000 Z0.000000
G1 F932.113235 X1.486724 Y0.000000 Z0.000000
G1 F931.893134 X1.502256 Y0.000000 Z0.000000
G1 F931.670734 X1.517784 Y0.000000 Z0.000000
G1 F931.446035 X1.533308 Y0.000000 Z0.000000
G1 F931.219038 X1.548828 Y0.000000 Z0.000000
G1 F930.989744 X1.564345 Y0.000000 Z0.000000
G1 F930.758152 X1.579857 Y0.000000 Z0.000000
G1 F930.524263 X1.595366 Y0.000000 Z0.000000
G1 F930.288079 X1.610871 Y0.000000 Z0.000000
G1 F930.049599 X1.626372 Y0.000000 Z0.000000
G1 F929.808824 X1.641868 Y0.000000 Z0.000000
G1 F929.565756 X1.657361 Y0.000000 Z0.000000
G1 F929.320393 X1.672850 Y0.000000 Z0.000000
G1 F929.072738 X1.688334 Y0.000000 Z0.000000
G1 F928.822790 X1.703815 Y0.000000 Z0.000000
G1 F928.570550 X1.719291 Y0.000000 Z0.000000
G1 F928.316019 X1.734763 Y0.000000 Z0.000000
G1 F928.059198 X1.750231 Y0.000000 Z0.000000
G1 F927.800087 X1.765694 Y0.000000 Z0.000000
G1 F927.538686 X1.781153 Y0.000000 Z0.000000
G1 F927.274997 X1.796607 Y0.000000 Z0.000000
G1 F927.009020 X1.812058 Y0.000000 Z0.000000
G1 F926.740756 X1.827503 Y0.000000 Z0.000000
G1 F926.470205 X1.842944 Y0.000000 Z0.000000
G1 F926.197368 X1.858381 Y0.000000 Z0.000000
G1 F925.922246 X1.873813 Y0.000000 Z0.000000
G1 F925.644839 X1.889241 Y0.000000 Z0.000000
G1 F925.365148 X1.904663 Y0.000000 Z0.000000
G1 F925.083174 X1.920081 Y0.000000 Z0.000000
G1 F924.798918 X1.935495 Y0.000000 Z0.000000
G1 F924.512379 X1.950903 Y0.000000 Z0.000000
G1 F924.223560 X1.966307 Y0.000000 Z0.000000
G1 F923.932460 X1.981706 Y0.000000 Z0.000000
G1 F923.639080 X1.997100 Y0.000000 Z0.000000
G1 F923.343421 X2.012489 Y0.000000 Z0.000000
G1 F923.045484 X2.027873 Y0.000000 Z0.000000
G1 F922.745270 X2.043252 Y0.000000 Z0.000000
G1 F922.442778 X2.058626 Y0.000000 Z0.000000
G1 F922.138011 X2.073995 Y0.000000 Z0.000000
G1 F921.830968 X2.089359 Y0.000000 Z0.000000
G1 F921.521651 X2.104718 Y0.000000 Z0.000000
G1 F921.210060 X2.120071 Y0.000000 Z0.000000
G1 F920.896197 X2.135419 Y0.000000 Z0.000000
G1 F920.580060 X2.150762 Y0.000000 Z0.000000
G1 F920.261653 X2.166100 Y0.000000 Z0.000000
G1 F919.940975 X2.181432 Y0.000000 Z0.000000
G1 F919.618027 X2.196759 Y0.000000 Z0.000000
G1 F919.292810 X2.212081 Y0.000000 Z0.000000
G1 F918.965324 X2.227397 Y0.000000 Z0.000000
G1 F918.635571 X2.242708 Y0.000000 Z0.000000
G1 F918.303552 X2.258013 Y0.000000 Z0.000000
G1 F917.969267 X2.273312 Y0.000000 Z0.000000
G1 F917.632716 X2.288606 Y0.000000 Z0.000000
G1 F917.293902 X2.303894 Y0.000000 Z0.000000
G1 F916.952824 X2.319177 Y0.000000 Z0.000000
G1 F916.609484 X2.334454 Y0.000000 Z0.000000
G1 F916.263882 X2.349725 Y0.000000 Z0.000000
G1 F915.916019 X2.364990 Y0.000000 Z0.000000
G1 F915.565896 X2.380249 Y0.000000 Z0.000000
G1 F915.213515 X2.395503 Y0.000000 Z0.000000
G1 F914.858875 X2.410751 Y0.000000 Z0.000000
G1 F914.501977 X2.425992 Y0.000000 Z0.000000
G1 F914.142824 X2.441228 Y0.000000 Z0.000000
G1 F913.781414 X2.456458 Y0.000000 Z0.000000
G1 F913.417751 X2.471681 Y0.000000 Z0.000000
G1 F913.051833 X2.486899 Y0.000000 Z0.000000
G1 F912.683662 X2.502110 Y0.000000 Z0.000000
G1 F912.313240 X2.517315 Y0.000000 Z0.000000
G1 F911.940566 X2.532514 Y0.000000 Z0.000000
G1 F911.565643 X2.547707 Y0.000000 Z0.000000
G1 F911.188470 X2.562894 Y0.000000 Z0.000000
G1 F910.809049 X2.578074 Y0.000000 Z0.000000
G1 F910.427380 X2.593248 Y0.000000 Z0.000000
G1 F910.043465 X2.608415 Y0.000000 Z0.000000
G1 F909.657305 X2.623576 Y0.000000 Z0.000000
G1 F909.268900 X2.638730 Y0.000000 Z0.000000
G1 F908.878252 X2.653878 Y0.000000 Z0.000000
G1 F908.485361 X2.669020 Y0.000000 Z0.000000
G1 F908.090229 X2.684155 Y0.000000 Z0.000000
G1 F907.692855 X2.699283 Y0.000000 Z0.000000
G1 F907.293243 X2.714404 Y0.000000 Z0.000000
G1 F906.891391 X2.729519 Y0.000000 Z0.000000
G1 F906.487302 X2.744627 Y0.000000 Z0.000000
G1 F906.080977 X2.759729 Y0.000000 Z0.000000
G1 F905.672415 X2.774823 Y0.000000 Z0.000000
G1 F905.261619 X2.789911 Y0.000000 Z0.000000
G1 F904.848589 X2.804992 Y0.000000 Z0.000000
G1 F904.433327 X2.820066 Y0.000000 Z0.000000
G1 F904.015833 X2.835133 Y0.000000 Z0.000000
G1 F903.596109 X2.850193 Y0.000000 Z0.000000
G1 F903.174155 X2.865246 Y0.000000 Z0.000000
G1 F902.749972 X2.880291 Y0.000000 Z0.000000
G1 F902.323562 X2.895330 Y0.000000 Z0.000000
G1 F901.894926 X2.910362 Y0.000000 Z0.000000
G1 F901.464064 X2.925386 Y0.000000 Z0.000000
G1 F901.030978 X2.940403 Y0.000000 Z0.000000
G1 F900.595669 X2.955413 Y0.000000 Z0.000000
G1 F900.158138 X2.970416 Y0.000000 Z0.000000
G1 F899.718385 X2.985411 Y0.000000 Z0.000000
G1 F899.276413 X3.000399 Y0.000000 Z0.000000
G1 F898.832222 X3.015380 Y0.000000 Z0.000000
G1 F898.385813 X3.030353 Y0.000000 Z0.000000
G1 F897.937187 X3.045318 Y0.000000 Z0.000000
G1 F897.486346 X3.060276 Y0.000000 Z0.000000
G1 F897.033290 X3.075227 Y0.000000 Z0.000000
G1 F896.578021 X3.090170 Y0.000000 Z0.000000
G1 F896.120540 X3.105105 Y0.000000 Z0.000000
G1 F895.660848 X3.120033 Y0.000000 Z0.000000
G1 F895.198946 X3.134953 Y0.000000 Z0.000000
G1 F894.734835 X3.149865 Y0.000000 Z0.000000
G1 F894.268516 X3.164770 Y0.000000 Z0.000000
G1 F893.799990 X3.179666 Y0.000000 Z0.000000
G1 F893.329260 X3.194555 Y0.000000 Z0.000000
G1 F892.856325 X3.209436 Y0.000000 Z0.000000
G1 F892.381187 X3.224309 Y0.000000 Z0.000000
G1 F891.903847 X3.239174 Y0.000000 Z0.000000
G1 F891.424307 X3.254031 Y0.000000 Z0.000000
G1 F890.942567 X3.268880 Y0.000000 Z0.000000
G1 F890.458629 X3.283721 Y0.000000 Z0.000000
G1 F889.972493 X3.298554 Y0.000000 Z0.000000
G1 F889.484162 X3.313379 Y0.000000 Z0.000000
G1 F888.993636 X3.328195 Y0.000000 Z0.000000
G1 F888.500917 X3.343004 Y0.000000 Z0.000000
G1 F888.006005 X3.357804 Y0.000000 Z0.000000
G1 F887.508902 X3.372596 Y0.000000 Z0.000000
G1 F887.009609 X3.387379 Y0.000000 Z0.000000
G1 F886.508128 X3.402154 Y0.000000 Z0.000000
G1 F886.004460 X3.416921 Y0.000000 Z0.000000
G1 F885.498605 X3.431679 Y0.000000 Z0.000000
G1 F884.990565 X3.446429 Y0.000000 Z0.000000
G1 F884.480342 X3.461171 Y0.000000 Z0.000000
G1 F883.967936 X3.475903 Y0.000000 Z0.000000
G1 F883.453349 X3.490628 Y0.000000 Z0.000000
G1 F882.936583 X3.505343 Y0.000000 Z0.000000
G1 F882.417638 X3.520050 Y0.000000 Z0.000000
G1 F881.896515 X3.534748 Y0.000000 Z0.000000
G1 F881.373217 X3.549438 Y0.000000 Z0.000000
G1 F880.847744 X3.564119 Y0.000000 Z0.000000
G1 F880.320097 X3.578791 Y0.000000 Z0.000000
G1 F879.790278 X3.593454 Y0.000000 Z0.000000
G1 F879.258289 X3.608108 Y0.000000 Z0.000000
G1 F878.724130 X3.622754 Y0.000000 Z0.000000
G1 F878.187803 X3.637390 Y0.000000 Z0.000000
G1 F877.649309 X3.652018 Y0.000000 Z0.000000
G1 F877.108650 X3.666636 Y0.000000 Z0.000000
G1 F876.565826 X3.681246 Y0.000000 Z0.000000
G1 F876.020840 X3.695846 Y0.000000 Z0.000000
G1 F875.473692 X3.710437 Y0.000000 Z0.000000
G1 F874.924384 X3.725019 Y0.000000 Z0.000000
G1 F874.372917 X3.739592 Y0.000000 Z0.000000
G1 F873.819292 X3.754156 Y0.000000 Z0.000000
G1 F873.263512 X3.768710 Y0.000000 Z0.000000
G1 F872.705577 X3.783255 Y0.000000 Z0.000000
G1 F872.145489 X3.797791 Y0.000000 Z0.000000
G1 F871.583248 X3.812317 Y0.000000 Z0.000000
G1 F871.018858 X3.826834 Y0.000000 Z0.000000
G1 F870.452318 X3.841342 Y0.000000 Z0.000000
G1 F869.883630 X3.855840 Y0.000000 Z0.000000
G1 F869.312796 X3.870328 Y0.000000 Z0.000000
G1 F868.739817 X3.884807 Y0.000000 Z0.000000
G1 F868.164694 X3.899277 Y0.000000 Z0.000000
G1 F867.587429 X3.913737 Y0.000000 Z0.000000
G1 F867.008024 X3.928187 Y0.000000 Z0.000000
G1 F866.426479 X3.942627 Y0.000000 Z0.000000
G1 F865.842797 X3.957058 Y0.000000 Z0.000000
G1 F865.256978 X3.971479 Y0.000000 Z0.000000
G1 F864.669024 X3.985890 Y0.000000 Z0.000000
G1 F864.078937 X4.000291 Y0.000000 Z0.000000
G1 F863.486718 X4.014683 Y0.000000 Z0.000000
G1 F862.892368 X4.029064 Y0.000000 Z0.000000
G1 F862.295889 X4.043436 Y0.000000 Z0.000000
G1 F861.697282 X4.057798 Y0.000000 Z0.000000
G1 F861.096550 X4.072149 Y0.000000 Z0.000000
G1 F860.493692 X4.086491 Y0.000000 Z0.000000
G1 F859.888712 X4.100822 Y0.000000 Z0.000000
G1 F859.281609 X4.115144 Y0.000000 Z0.000000
G1 F858.672387 X4.129455 Y0.000000 Z0.000000
G1 F858.061046 X4.143756 Y0.000000 Z0.000000
G1 F857.447588 X4.158047 Y0.000000 Z0.000000
G1 F856.832014 X4.172327 Y0.000000 Z0.000000
G1 F856.214325 X4.186597 Y0.000000 Z0.000000
G1 F855.594525 X4.200857 Y0.000000 Z0.000000
G1 F854.972613 X4.215107 Y0.000000 Z0.000000
G1 F854.348591 X4.229346 Y0.000000 Z0.000000
G1 F853.722462 X4.243575 Y0.000000 Z0.000000
G1 F853.094226 X4.257793 Y0.000000 Z0.000000
G1 F852.463885 X4.272001 Y0.000000 Z0.000000
G1 F851.831441 X4.286198 Y0.000000 Z0.000000
G1 F851.196895 X4.300384 Y0.000000 Z0.000000
G1 F850.560249 X4.314560 Y0.000000 Z0.000000
G1 F849.921504 X4.328726 Y0.000000 Z0.000000
G1 F849.280662 X4.342880 Y0.000000 Z0.000000
G1 F848.637724 X4.357024 Y0.000000 Z0.000000
G1 F847.992693 X4.371158 Y0.000000 Z0.000000
G1 F847.345569 X4.385280 Y0.000000 Z0.000000
G1 F846.696354 X4.399392 Y0.000000 Z0.000000
G1 F846.045051 X4.413492 Y0.000000 Z0.000000
G1 F845.391659 X4.427582 Y0.000000 Z0.000000
G1 F844.736182 X4.441661 Y0.000000 Z0.000000
G1 F844.078621 X4.455729 Y0.000000 Z0.000000
G1 F843.418977 X4.469786 Y0.000000 Z0.000000
G1 F842.757251 X4.483832 Y0.000000 Z0.000000
G1 F842.093447 X4.497867 Y0.000000 Z0.000000
G1 F841.427564 X4.511891 Y0.000000 Z0.000000
G1 F840.759606 X4.525904 Y0.000000 Z0.000000
G1 F840.089573 X4.539905 Y0.000000 Z0.000000
G1 F839.417467 X4.553895 Y0.000000 Z0.000000
G1 F838.743290 X4.567874 Y0.000000 Z0.000000
G1 F838.067043 X4.581842 Y0.000000 Z0.000000
G1 F837.388729 X4.595799 Y0.000000 Z0.000000
G1 F836.708348 X4.609744 Y0.000000 Z0.000000
G1 F836.025903 X4.623678 Y0.000000 Z0.000000
G1 F835.341395 X4.637600 Y0.000000 Z0.000000
G1 F834.654826 X4.651511 Y0.000000 Z0.000000
G1 F833.966198 X4.665410 Y0.000000 Z0.000000
G1 F833.275512 X4.679298 Y0.000000 Z0.000000
G1 F832.582770 X4.693175 Y0.000000 Z0.000000
G1 F831.887973 X4.707039 Y0.000000 Z0.000000
G1 F831.191124 X4.720893 Y0.000000 Z0.000000
G1 F830.492224 X4.734734 Y0.000000 Z0.000000
G1 F829.791275 X4.748564 Y0.000000 Z0.000000
G1 F829.088278 X4.762382 Y0.000000 Z0.000000
G1 F828.383236 X4.776188 Y0.000000 Z0.000000
G1 F827.676150 X4.789983 Y0.000000 Z0.000000
G1 F826.967022 X4.803766 Y0.000000 Z0.000000
G1 F826.255853 X4.817537 Y0.000000 Z0.000000
G1 F825.542645 X4.831296 Y0.000000 Z0.000000
G1 F824.827401 X4.845043 Y0.000000 Z0.000000
G1 F824.110121 X4.858778 Y0.000000 Z0.000000
G1 F823.390808 X4.872501 Y0.000000 Z0.000000
G1 F822.669463 X4.886212 Y0.000000 Z0.000000
G1 F821.946088 X4.899912 Y0.000000 Z0.000000
G1 F821.220686 X4.913599 Y0.000000 Z0.000000
G1 F820.493257 X4.927273 Y0.000000 Z0.000000
G1 F819.763803 X4.940936 Y0.000000 Z0.000000
G1 F819.032327 X4.954587 Y0.000000 Z0.000000
G1 F818.298830 X4.968225 Y0.000000 Z0.000000
G1 F817.563314 X4.981851 Y0.000000 Z0.000000
G1 F816.825781 X4.995465 Y0.000000 Z0.000000
G1 F816.086232 X5.009066 Y0.000000 Z0.000000
G1 F815.344670 X5.022655 Y0.000000 Z0.000000
G1 F814.601095 X5.036232 Y0.000000 Z0.000000
G1 F813.855511 X5.049796 Y0.000000 Z0.000000
G1 F813.107919 X5.063348 Y0.000000 Z0.000000
G1 F812.358321 X5.076887 Y0.000000 Z0.000000
G1 F811.606718 X5.090414 Y0.000000 Z0.000000
G1 F810.853112 X5.103928 Y0.000000 Z0.000000
G1 F810.097506 X5.117430 Y0.000000 Z0.000000
G1 F809.339901 X5.130919 Y0.000000 Z0.000000
G1 F808.580299 X5.144395 Y0.000000 Z0.000000
G1 F807.818702 X5.157859 Y0.000000 Z0.000000
G1 F807.055112 X5.171310 Y0.000000 Z0.000000
G1 F806.289530 X5.184748 Y0.000000 Z0.000000
G1 F805.521959 X5.198173 Y0.000000 Z0.000000
G1 F804.752401 X5.211586 Y0.000000 Z0.000000
G1 F803.980856 X5.224986 Y0.000000 Z0.000000
G1 F803.207329 X5.238372 Y0.000000 Z0.000000
G1 F802.431819 X5.251746 Y0.000000 Z0.000000
G1 F801.654329 X5.265107 Y0.000000 Z0.000000
G1 F800.874861 X5.278455 Y0.000000 Z0.000000
G1 F800.093417 X5.291790 Y0.000000 Z0.000000
G1 F799.310000 X5.305112 Y0.000000 Z0.000000
G1 F798.524609 X5.318421 Y0.000000 Z0.000000
G1 F797.737249 X5.331716 Y0.000000 Z0.000000
G1 F796.947920 X5.344999 Y0.000000 Z0.000000
G1 F796.156625 X5.358268 Y0.000000 Z0.000000
G1 F795.363365 X5.371524 Y0.000000 Z0.000000
G1 F794.568143 X5.384767 Y0.000000 Z0.000000
G1 F793.770961 X5.397996 Y0.000000 Z0.000000
G1 F792.971819 X5.411213 Y0.000000 Z0.000000
G1 F792.170722 X5.424415 Y0.000000 Z0.000000
G1 F791.367669 X5.437605 Y0.000000 Z0.000000
G1 F790.562664 X5.450781 Y0.000000 Z0.000000
G1 F789.755709 X5.463943 Y0.000000 Z0.000000
G1 F788.946805 X5.477093 Y0.000000 Z0.000000
G1 F788.135954 X5.490228 Y0.000000 Z0.000000
G1 F787.323158 X5.503350 Y0.000000 Z0.000000
G1 F786.508420 X5.516459 Y0.000000 Z0.000000
G1 F785.691741 X5.529554 Y0.000000 Z0.000000
G1 F784.873124 X5.542635 Y0.000000 Z0.000000
G1 F784.052570 X5.555702 Y0.000000 Z0.000000
G1 F783.230081 X5.568756 Y0.000000 Z0.000000
G1 F782.405660 X5.581796 Y0.000000 Z0.000000
G1 F781.579308 X5.594823 Y0.000000 Z0.000000
G1 F780.751028 X5.607835 Y0.000000 Z0.000000
G1 F779.920822 X5.620834 Y0.000000 Z0.000000
G1 F779.088691 X5.633819 Y0.000000 Z0.000000
G1 F778.254638 X5.646790 Y0.000000 Z0.000000
G1 F777.418664 X5.659746 Y0.000000 Z0.000000
G1 F776.580772 X5.672689 Y0.000000 Z0.000000
G1 F775.740965 X5.685619 Y0.000000 Z0.000000
G1 F774.899243 X5.698533 Y0.000000 Z0.000000
G1 F774.055609 X5.711434 Y0.000000 Z0.000000
G1 F773.210065 X5.724321 Y0.000000 Z0.000000
G1 F772.362613 X5.737194 Y0.000000 Z0.000000
G1 F771.513256 X5.750053 Y0.000000 Z0.000000
G1 F770.661995 X5.762897 Y0.000000 Z0.000000
G1 F769.808832 X5.775727 Y0.000000 Z0.000000
G1 F768.953771 X5.788543 Y0.000000 Z0.000000
G1 F768.096811 X5.801345 Y0.000000 Z0.000000
G1 F767.237957 X5.814132 Y0.000000 Z0.000000
G1 F766.377209 X5.826905 Y0.000000 Z0.000000
G1 F765.514571 X5.839663 Y0.000000 Z0.000000
G1 F764.650043 X5.852408 Y0.000000 Z0.000000
G1 F763.783629 X5.865137 Y0.000000 Z0.000000
G1 F762.915331 X5.877853 Y0.000000 Z0.000000
G1 F762.045150 X5.890553 Y0.000000 Z0.000000
G1 F761.173089 X5.903239 Y0.000000 Z0.000000
G1 F760.299149 X5.915911 Y0.000000 Z0.000000
G1 F759.423334 X5.928568 Y0.000000 Z0.000000
G1 F758.545645 X5.941211 Y0.000000 Z0.000000
G1 F757.666084 X5.953838 Y0.000000 Z0.000000
G1 F756.784654 X5.966451 Y0.000000 Z0.000000
G1 F755.901356 X5.979050 Y0.000000 Z0.000000
G1 F755.016193 X5.991633 Y0.000000 Z0.000000
G1 F754.129168 X6.004202 Y0.000000 Z0.000000
G1 F753.240281 X6.016756 Y0.000000 Z0.000000
G1 F752.349537 X6.029295 Y0.000000 Z0.000000
G1 F751.456935 X6.041820 Y0.000000 Z0.000000
G1 F750.562480 X6.054329 Y0.000000 Z0.000000
G1 F749.666173 X6.066824 Y0.000000 Z0.000000
G1 F748.768016 X6.079303 Y0.000000 Z0.000000
G1 F747.868011 X6.091767 Y0.000000 Z0.000000
G1 F746.966161 X6.104217 Y0.000000 Z0.000000
G1 F746.062468 X6.116651 Y0.000000 Z0.000000
G1 F745.156935 X6.129071 Y0.000000 Z0.000000
G1 F744.249562 X6.141475 Y0.000000 Z0.000000
G1 F743.340354 X6.153864 Y0.000000 Z0.000000
G1 F742.429311 X6.166238 Y0.000000 Z0.000000
G1 F741.516436 X6.178596 Y0.000000 Z0.000000
G1 F740.601732 X6.190939 Y0.000000 Z0.000000
G1 F739.685200 X6.203268 Y0.000000 Z0.000000
G1 F738.766843 X6.215580 Y0.000000 Z0.000000
G1 F737.846664 X6.227878 Y0.000000 Z0.000000
G1 F736.924664 X6.240160 Y0.000000 Z0.000000
G1 F736.000845 X6.252427 Y0.000000 Z0.000000
G1 F735.075211 X6.264678 Y0.000000 Z0.000000
G1 F734.147762 X6.276914 Y0.000000 Z0.000000
G1 F733.218503 X6.289134 Y0.000000 Z0.000000
G1 F732.287434 X6.301339 Y0.000000 Z0.000000
G1 F731.354558 X6.313528 Y0.000000 Z0.000000
G1 F730.419878 X6.325702 Y0.000000 Z0.000000
G1 F729.483396 X6.337860 Y0.000000 Z0.000000
G1 F728.545114 X6.350002 Y0.000000 Z0.000000
G1 F727.605034 X6.362129 Y0.000000 Z0.000000
G1 F726.663158 X6.374240 Y0.000000 Z0.000000
G1 F725.719490 X6.386335 Y0.000000 Z0.000000
G1 F724.774031 X6.398415 Y0.000000 Z0.000000
G1 F723.826784 X6.410479 Y0.000000 Z0.000000
G1 F722.877751 X6.422527 Y0.000000 Z0.000000
G1 F721.926934 X6.434559 Y0.000000 Z0.000000
G1 F720.974336 X6.446575 Y0.000000 Z0.000000
G1 F720.019959 X6.458575 Y0.000000 Z0.000000
G1 F719.063806 X6.470560 Y0.000000 Z0.000000
G1 F718.105878 X6.482528 Y0.000000 Z0.000000
G1 F717.146178 X6.494480 Y0.000000 Z0.000000
G1 F716.184709 X6.506417 Y0.000000 Z0.000000
G1 F715.221473 X6.518337 Y0.000000 Z0.000000
G1 F714.256472 X6.530242 Y0.000000 Z0.000000
G1 F713.289709 X6.542130 Y0.000000 Z0.000000
G1 F712.321186 X6.554002 Y0.000000 Z0.000000
G1 F711.350905 X6.565858 Y0.000000 Z0.000000
G1 F710.378869 X6.577697 Y0.000000 Z0.000000
G1 F709.405080 X6.589521 Y0.000000 Z0.000000
G1 F708.429541 X6.601328 Y0.000000 Z0.000000
G1 F707.452253 X6.613119 Y0.000000 Z0.000000
G1 F706.473221 X6.624893 Y0.000000 Z0.000000
G1 F705.492445 X6.636651 Y0.000000 Z0.000000
G1 F704.509928 X6.648393 Y0.000000 Z0.000000
G1 F703.525673 X6.660119 Y0.000000 Z0.000000
G1 F702.539682 X6.671828 Y0.000000 Z0.000000
G1 F701.551958 X6.683520 Y0.000000 Z0.000000
G1 F700.562503 X6.695196 Y0.000000 Z0.000000
G1 F699.571319 X6.706856 Y0.000000 Z0.000000
G1 F698.578409 X6.718499 Y0.000000 Z0.000000
G1 F697.583775 X6.730125 Y0.000000 Z0.000000
G1 F696.587420 X6.741735 Y0.000000 Z0.000000
G1 F695.589347 X6.753328 Y0.000000 Z0.000000
G1 F694.589557 X6.764905 Y0.000000 Z0.000000
G1 F693.588053 X6.776464 Y0.000000 Z0.000000
G1 F692.584838 X6.788007 Y0.000000 Z0.000000
G1 F691.579914 X6.799534 Y0.000000 Z0.000000
G1 F690.573283 X6.811043 Y0.000000 Z0.000000
G1 F689.564949 X6.822536 Y0.000000 Z0.000000
G1 F688.554913 X6.834012 Y0.000000 Z0.000000
G1 F687.543178 X6.845471 Y0.000000 Z0.000000
G1 F686.529747 X6.856913 Y0.000000 Z0.000000
G1 F685.514622 X6.868338 Y0.000000 Z0.000000
G1 F684.497806 X6.879747 Y0.000000 Z0.000000
G1 F683.479300 X6.891138 Y0.000000 Z0.000000
G1 F682.459108 X6.902512 Y0.000000 Z0.000000
G1 F681.437232 X6.913870 Y0.000000 Z0.000000
G1 F680.413675 X6.925210 Y0.000000 Z0.000000
G1 F679.388439 X6.936533 Y0.000000 Z0.000000
G1 F678.361527 X6.947839 Y0.000000 Z0.000000
G1 F677.332941 X6.959128 Y0.000000 Z0.000000
G1 F676.302683 X6.970400 Y0.000000 Z0.000000
G1 F675.270757 X6.981654 Y0.000000 Z0.000000
G1 F674.237165 X6.992891 Y0.000000 Z0.000000
G1 F673.201909 X7.004112 Y0.000000 Z0.000000
G1 F672.164992 X7.015314 Y0.000000 Z0.000000
G1 F671.126417 X7.026500 Y0.000000 Z0.000000
G1 F670.086185 X7.037668 Y0.000000 Z0.000000
G1 F669.044301 X7.048819 Y0.000000 Z0.000000
G1 F668.000765 X7.059952 Y0.000000 Z0.000000
G1 F666.955581 X7.071068 Y0.000000 Z0.000000
G1 F665.908752 X7.082166 Y0.000000 Z0.000000
G1 F664.860279 X7.093247 Y0.000000 Z0.000000
G1 F663.810167 X7.104311 Y0.000000 Z0.000000
G1 F662.758416 X7.115357 Y0.000000 Z0.000000
G1 F661.705030 X7.126385 Y0.000000 Z0.000000
G1 F660.650011 X7.137396 Y0.000000 Z0.000000
G1 F659.593362 X7.148389 Y0.000000 Z0.000000
G1 F658.535085 X7.159365 Y0.000000 Z0.000000
G1 F657.475184 X7.170323 Y0.000000 Z0.000000
G1 F656.413661 X7.181263 Y0.000000 Z0.000000
G1 F655.350517 X7.192185 Y0.000000 Z0.000000
G1 F654.285757 X7.203090 Y0.000000 Z0.000000
G1 F653.219383 X7.213977 Y0.000000 Z0.000000
G1 F652.151396 X7.224846 Y0.000000 Z0.000000
G1 F651.081801 X7.235698 Y0.000000 Z0.000000
G1 F650.010599 X7.246531 Y0.000000 Z0.000000
G1 F648.937793 X7.257347 Y0.000000 Z0.000000
G1 F647.863386 X7.268145 Y0.000000 Z0.000000
G1 F646.787381 X7.278924 Y0.000000 Z0.000000
G1 F645.709780 X7.289686 Y0.000000 Z0.000000
G1 F644.630585 X7.300430 Y0.000000 Z0.000000
G1 F643.549800 X7.311156 Y0.000000 Z0.000000
G1 F642.467427 X7.321864 Y0.000000 Z0.000000
G1 F641.383469 X7.332553 Y0.000000 Z0.000000
G1 F640.297928 X7.343225 Y0.000000 Z0.000000
G1 F639.210807 X7.353879 Y0.000000 Z0.000000
G1 F638.122109 X7.364514 Y0.000000 Z0.000000
G1 F637.031837 X7.375131 Y0.000000 Z0.000000
G1 F635.939993 X7.385730 Y0.000000 Z0.000000
G1 F634.846579 X7.396311 Y0.000000 Z0.000000
G1 F633.751600 X7.406873 Y0.000000 Z0.000000
G1 F632.655056 X7.417418 Y0.000000 Z0.000000
G1 F631.556952 X7.427944 Y0.000000 Z0.000000
G1 F630.457289 X7.438451 Y0.000000 Z0.000000
G1 F629.356071 X7.448941 Y0.000000 Z0.000000
G1 F628.253300 X7.459411 Y0.000000 Z0.000000
G1 F627.148978 X7.469864 Y0.000000 Z0.000000
G1 F626.043109 X7.480298 Y0.000000 Z0.000000
G1 F624.935696 X7.490714 Y0.000000 Z0.000000
G1 F623.826740 X7.501111 Y0.000000 Z0.000000
G1 F622.716246 X7.511489 Y0.000000 Z0.000000
G1 F621.604215 X7.521849 Y0.000000 Z0.000000
G1 F620.490650 X7.532191 Y0.000000 Z0.000000
G1 F619.375554 X7.542514 Y0.000000 Z0.000000
G1 F618.258929 X7.552818 Y0.000000 Z0.000000
G1 F617.140780 X7.563104 Y0.000000 Z0.000000
G1 F616.021107 X7.573371 Y0.000000 Z0.000000
G1 F614.899915 X7.583619 Y0.000000 Z0.000000
G1 F613.777205 X7.593849 Y0.000000 Z0.000000
G1 F612.652981 X7.604060 Y0.000000 Z0.000000
G1 F611.527246 X7.614252 Y0.000000 Z0.000000
G1 F610.400001 X7.624425 Y0.000000 Z0.000000
G1 F609.271250 X7.634580 Y0.000000 Z0.000000
G1 F608.140997 X7.644715 Y0.000000 Z0.000000
G1 F607.009242 X7.654832 Y0.000000 Z0.000000
G1 F605.875990 X7.664930 Y0.000000 Z0.000000
G1 F604.741243 X7.675009 Y0.000000 Z0.000000
G1 F603.605003 X7.685069 Y0.000000 Z0.000000
G1 F602.467275 X7.695110 Y0.000000 Z0.000000
G1 F601.328059 X7.705132 Y0.000000 Z0.000000
G1 F600.187361 X7.715136 Y0.000000 Z0.000000
G1 F598.473352 X7.735085 Y0.000000 Z0.000000
G1 F596.183087 X7.754957 Y0.000000 Z0.000000
G1 F593.886938 X7.774754 Y0.000000 Z0.000000
G1 F591.584928 X7.794473 Y0.000000 Z0.000000
G1 F589.277078 X7.814116 Y0.000000 Z0.000000
G1 F586.963413 X7.833681 Y0.000000 Z0.000000
G1 F584.643955 X7.853169 Y0.000000 Z0.000000
G1 F582.318727 X7.872580 Y0.000000 Z0.000000
G1 F579.987751 X7.891913 Y0.000000 Z0.000000
G1 F577.651052 X7.911168 Y0.000000 Z0.000000
G1 F575.308651 X7.930345 Y0.000000 Z0.000000
G1 F572.960572 X7.949444 Y0.000000 Z0.000000
G1 F570.606838 X7.968464 Y0.000000 Z0.000000
G1 F568.247472 X7.987405 Y0.000000 Z0.000000
G1 F565.882498 X8.006268 Y0.000000 Z0.000000
G1 F563.511939 X8.025052 Y0.000000 Z0.000000
G1 F561.135818 X8.043756 Y0.000000 Z0.000000
G1 F558.754159 X8.062381 Y0.000000 Z0.000000
G1 F556.366986 X8.080927 Y0.000000 Z0.000000
G1 F553.974321 X8.099393 Y0.000000 Z0.000000
G1 F551.576189 X8.117779 Y0.000000 Z0.000000
G1 F549.172613 X8.136084 Y0.000000 Z0.000000
G1 F546.763617 X8.154310 Y0.000000 Z0.000000
G1 F544.349225 X8.172455 Y0.000000 Z0.000000
G1 F541.929460 X8.190519 Y0.000000 Z0.000000
G1 F539.504346 X8.208503 Y0.000000 Z0.000000
G1 F537.073908 X8.226405 Y0.000000 Z0.000000
G1 F534.638169 X8.244226 Y0.000000 Z0.000000
G1 F532.197153 X8.261966 Y0.000000 Z0.000000
G1 F529.750885 X8.279625 Y0.000000 Z0.000000
G1 F527.299389 X8.297201 Y0.000000 Z0.000000
G1 F524.842688 X8.314696 Y0.000000 Z0.000000
G1 F522.380807 X8.332109 Y0.000000 Z0.000000
G1 F519.913771 X8.349439 Y0.000000 Z0.000000
G1 F517.441603 X8.366687 Y0.000000 Z0.000000
G1 F514.964328 X8.383853 Y0.000000 Z0.000000
G1 F512.481971 X8.400936 Y0.000000 Z0.000000
G1 F509.994555 X8.417935 Y0.000000 Z0.000000
G1 F507.502107 X8.434852 Y0.000000 Z0.000000
G1 F505.004649 X8.451686 Y0.000000 Z0.000000
G1 F502.502207 X8.468436 Y0.000000 Z0.000000
G1 F499.994806 X8.485102 Y0.000000 Z0.000000
G1 F497.482470 X8.501685 Y0.000000 Z0.000000
G1 F494.965224 X8.518184 Y0.000000 Z0.000000
G1 F492.443093 X8.534599 Y0.000000 Z0.000000
G1 F489.916102 X8.550929 Y0.000000 Z0.000000
G1 F487.384275 X8.567175 Y0.000000 Z0.000000
G1 F484.847639 X8.583337 Y0.000000 Z0.000000
G1 F482.306217 X8.599414 Y0.000000 Z0.000000
G1 F479.760034 X8.615406 Y0.000000 Z0.000000
G1 F477.209117 X8.631313 Y0.000000 Z0.000000
G1 F474.653490 X8.647134 Y0.000000 Z0.000000
G1 F472.093178 X8.662871 Y0.000000 Z0.000000
G1 F469.528207 X8.678522 Y0.000000 Z0.000000
G1 F466.958602 X8.694087 Y0.000000 Z0.000000
G1 F464.384388 X8.709567 Y0.000000 Z0.000000
G1 F461.805591 X8.724960 Y0.000000 Z0.000000
G1 F459.222236 X8.740267 Y0.000000 Z0.000000
G1 F456.634348 X8.755489 Y0.000000 Z0.000000
G1 F454.041954 X8.770623 Y0.000000 Z0.000000
G1 F451.445079 X8.785672 Y0.000000 Z0.000000
G1 F448.843748 X8.800633 Y0.000000 Z0.000000
G1 F446.237987 X8.815508 Y0.000000 Z0.000000
G1 F443.627822 X8.830295 Y0.000000 Z0.000000
G1 F441.013279 X8.844996 Y0.000000 Z0.000000
G1 F438.394383 X8.859609 Y0.000000 Z0.000000
G1 F435.771160 X8.874134 Y0.000000 Z0.000000
G1 F433.143636 X8.888573 Y0.000000 Z0.000000
G1 F430.511837 X8.902923 Y0.000000 Z0.000000
G1 F427.875790 X8.917186 Y0.000000 Z0.000000
G1 F425.235519 X8.931360 Y0.000000 Z0.000000
G1 F422.591052 X8.945446 Y0.000000 Z0.000000
G1 F419.942413 X8.959444 Y0.000000 Z0.000000
G1 F417.289630 X8.973354 Y0.000000 Z0.000000
G1 F414.632729 X8.987175 Y0.000000 Z0.000000
G1 F411.971735 X9.000908 Y0.000000 Z0.000000
G1 F409.306675 X9.014551 Y0.000000 Z0.000000
G1 F406.637576 X9.028106 Y0.000000 Z0.000000
G1 F403.964463 X9.041571 Y0.000000 Z0.000000
G1 F401.287363 X9.054947 Y0.000000 Z0.000000
G1 F398.606303 X9.068234 Y0.000000 Z0.000000
G1 F395.921309 X9.081432 Y0.000000 Z0.000000
G1 F393.232407 X9.094539 Y0.000000 Z0.000000
G1 F390.539624 X9.107557 Y0.000000 Z0.000000
G1 F387.842986 X9.120486 Y0.000000 Z0.000000
G1 F385.142521 X9.133324 Y0.000000 Z0.000000
G1 F382.438254 X9.146072 Y0.000000 Z0.000000
G1 F379.730213 X9.158729 Y0.000000 Z0.000000
G1 F377.018425 X9.171297 Y0.000000 Z0.000000
G1 F374.302915 X9.183773 Y0.000000 Z0.000000
G1 F371.583711 X9.196159 Y0.000000 Z0.000000
G1 F368.860839 X9.208455 Y0.000000 Z0.000000
G1 F366.134327 X9.220659 Y0.000000 Z0.000000
G1 F363.404202 X9.232773 Y0.000000 Z0.000000
G1 F360.670490 X9.244795 Y0.000000 Z0.000000
G1 F357.933218 X9.256726 Y0.000000 Z0.000000
G1 F355.192413 X9.268566 Y0.000000 Z0.000000
G1 F352.448103 X9.280314 Y0.000000 Z0.000000
G1 F349.700314 X9.291971 Y0.000000 Z0.000000
G1 F346.949074 X9.303536 Y0.000000 Z0.000000
G1 F344.194410 X9.315009 Y0.000000 Z0.000000
G1 F341.436349 X9.326390 Y0.000000 Z0.000000
G1 F338.674918 X9.337679 Y0.000000 Z0.000000
G1 F335.910144 X9.348876 Y0.000000 Z0.000000
G1 F333.142055 X9.359981 Y0.000000 Z0.000000
G1 F330.370678 X9.370993 Y0.000000 Z0.000000
G1 F327.596040 X9.381913 Y0.000000 Z0.000000
G1 F324.818169 X9.392741 Y0.000000 Z0.000000
G1 F322.037092 X9.403475 Y0.000000 Z0.000000
G1 F319.252837 X9.414117 Y0.000000 Z0.000000
G1 F316.465431 X9.424666 Y0.000000 Z0.000000
G1 F313.674902 X9.435122 Y0.000000 Z0.000000
G1 F310.881277 X9.445484 Y0.000000 Z0.000000
G1 F308.084583 X9.455754 Y0.000000 Z0.000000
G1 F305.284849 X9.465930 Y0.000000 Z0.000000
G1 F302.482102 X9.476013 Y0.000000 Z0.000000
G1 F298.974319 X9.490961 Y0.000000 Z0.000000
G1 F294.759085 X9.505699 Y0.000000 Z0.000000
G1 F290.537306 X9.520226 Y0.000000 Z0.000000
G1 F286.309075 X9.534542 Y0.000000 Z0.000000
G1 F282.074486 X9.548645 Y0.000000 Z0.000000
G1 F277.833632 X9.562537 Y0.000000 Z0.000000
G1 F273.586610 X9.576216 Y0.000000 Z0.000000
G1 F269.333512 X9.589683 Y0.000000 Z0.000000
G1 F265.074432 X9.602937 Y0.000000 Z0.000000
G1 F260.809467 X9.615977 Y0.000000 Z0.000000
G1 F256.538710 X9.628804 Y0.000000 Z0.000000
G1 F252.262255 X9.641417 Y0.000000 Z0.000000
G1 F247.980199 X9.653816 Y0.000000 Z0.000000
G1 F243.692637 X9.666001 Y0.000000 Z0.000000
G1 F239.399662 X9.677971 Y0.000000 Z0.000000
G1 F235.101372 X9.689726 Y0.000000 Z0.000000
G1 F230.797860 X9.701266 Y0.000000 Z0.000000
G1 F226.489224 X9.712590 Y0.000000 Z0.000000
G1 F222.175558 X9.723699 Y0.000000 Z0.000000
G1 F217.856958 X9.734592 Y0.000000 Z0.000000
G1 F213.533520 X9.745269 Y0.000000 Z0.000000
G1 F209.205340 X9.755729 Y0.000000 Z0.000000
G1 F204.872515 X9.765973 Y0.000000 Z0.000000
G1 F200.535140 X9.775999 Y0.000000 Z0.000000
G1 F195.469107 X9.789031 Y0.000000 Z0.000000
G1 F189.672295 X9.801675 Y0.000000 Z0.000000
G1 F183.867994 X9.813933 Y0.000000 Z0.000000
G1 F178.056435 X9.825804 Y0.000000 Z0.000000
G1 F172.237846 X9.837286 Y0.000000 Z0.000000
G1 F166.412458 X9.848380 Y0.000000 Z0.000000
G1 F160.580500 X9.859086 Y0.000000 Z0.000000
G1 F154.742203 X9.869402 Y0.000000 Z0.000000
G1 F148.166690 X9.881749 Y0.000000 Z0.000000
G1 F140.852056 X9.893487 Y0.000000 Z0.000000
G1 F133.528734 X9.904614 Y0.000000 Z0.000000
G1 F126.197175 X9.915131 Y0.000000 Z0.000000
G1 F118.123353 X9.926943 Y0.000000 Z0.000000
G1 F109.305668 X9.937874 Y0.000000 Z0.000000
G1 F100.478274 X9.947921 Y0.000000 Z0.000000
G1 F90.905095 X9.958527 Y0.000000 Z0.000000
G1 F79.847440 X9.969173 Y0.000000 Z0.000000
G1 F67.302157 X9.979269 Y0.000000 Z0.000000
G1 F51.788558 X9.989626 Y0.000000 Z0.000000
G1 F25.163010 X9.999692 Y0.000000 Z0.000000
G1 F17.762125 X9.989626 Y0.000000 Z0.000000
G1 F51.788558 X9.979269 Y0.000000 Z0.000000
G1 F67.302157 X9.969173 Y0.000000 Z0.000000
G1 F79.847440 X9.958527 Y0.000000 Z0.000000
G1 F90.905095 X9.947921 Y0.000000 Z0.000000
G1 F100.478274 X9.937874 Y0.000000 Z0.000000
G1 F109.305668 X9.926943 Y0.000000 Z0.000000
G1 F118.123353 X9.915131 Y0.000000 Z0.000000
G1 F126.197175 X9.904614 Y0.000000 Z0.000000
G1 F133.528734 X9.893487 Y0.000000 Z0.000000
G1 F140.852056 X9.881749 Y0.000000 Z0.000000
G1 F148.166690 X9.869402 Y0.000000 Z0.000000
G1 F154.742203 X9.859086 Y0.000000 Z0.000000
G1 F160.580500 X9.848380 Y0.000000 Z0.000000
G1 F166.412458 X9.837286 Y0.000000 Z0.000000
G1 F172.237846 X9.825804 Y0.000000 Z0.000000
G1 F178.056435 X9.813933 Y0.000000 Z0.000000
G1 F183.867994 X9.801675 Y0.000000 Z0.000000
G1 F189.672295 X9.789031 Y0.000000 Z0.000000
G1 F195.469107 X9.775999 Y0.000000 Z0.000000
G1 F200.535140 X9.765973 Y0.000000 Z0.000000
G1 F204.872515 X9.755729 Y0.000000 Z0.000000
G1 F209.205340 X9.745269 Y0.000000 Z0.000000
G1 F213.533520 X9.734592 Y0.000000 Z0.000000
G1 F217.856958 X9.723699 Y0.000000 Z0.000000
G1 F222.175558 X9.712590 Y0.000000 Z0.000000
G1 F226.489224 X9.701266 Y0.000000 Z0.000000
G1 F230.797860 X9.689726 Y0.000000 Z0.000000
G1 F235.101372 X9.677971 Y0.000000 Z0.000000
G1 F239.399662 X9.666001 Y0.000000 Z0.000000
G1 F243.692637 X9.653816 Y0.000000 Z0.000000
G1 F247.980199 X9.641417 Y0.000000 Z0.000000
G1 F252.262255 X9.628804 Y0.000000 Z0.000000
G1 F256.538710 X9.615977 Y0.000000 Z0.000000
G1 F260.809467 X9.602937 Y0.000000 Z0.000000
G1 F265.074432 X9.589683 Y0.000000 Z0.000000
G1 F269.333512 X9.576216 Y0.000000 Z0.000000
G1 F273.586610 X9.562537 Y0.000000 Z0.000000
G1 F277.833632 X9.548645 Y0.000000 Z0.000000
G1 F282.074486 X9.534542 Y0.000000 Z0.000000
G1 F286.309075 X9.520226 Y0.000000 Z0.000000
G1 F290.537306 X9.505699 Y0.000000 Z0.000000
G1 F294.759085 X9.490961 Y0.000000 Z0.000000
G1 F298.974319 X9.476013 Y0.000000 Z0.000000
G1 F302.482102 X9.465930 Y0.000000 Z0.000000
G1 F305.284849 X9.455754 Y0.000000 Z0.000000
G1 F308.084583 X9.445484 Y0.000000 Z0.000000
G1 F310.881277 X9.435122 Y0.000000 Z0.000000
G1 F313.674902 X9.424666 Y0.000000 Z0.000000
G1 F316.465431 X9.414117 Y0.000000 Z0.000000
G1 F319.252837 X9.403475 Y0.000000 Z0.000000
G1 F322.037092 X9.392741 Y0.000000 Z0.000000
G1 F324.818169 X9.381913 Y0.000000 Z0.000000
G1 F327.596040 X9.370993 Y0.000000 Z0.000000
G1 F330.370678 X9.359981 Y0.000000 Z0.000000
G1 F333.142055 X9.348876 Y0.000000 Z0.000000
G1 F335.910144 X9.337679 Y0.000000 Z0.000000
G1 F338.674918 X9.326390 Y0.000000 Z0.000000
G1 F341.436349 X9.315009 Y0.000000 Z0.000000
G1 F344.194410 X9.303536 Y0.000000 Z0.000000
G1 F346.949074 X9.291971 Y0.000000 Z0.000000
G1 F349.700314 X9.280314 Y0.000000 Z0.000000
G1 F352.448103 X9.268566 Y0.000000 Z0.000000
G1 F355.192413 X9.256726 Y0.000000 Z0.000000
G1 F357.933218 X9.244795 Y0.000000 Z0.000000
G1 F360.670490 X9.232773 Y0.000000 Z0.000000
G1 F363.404202 X9.220659 Y0.000000 Z0.000000
G1 F366.134327 X9.208455 Y0.000000 Z0.000000
G1 F368.860839 X9.196159 Y0.000000 Z0.000000
G1 F371.583711 X9.183773 Y0.000000 Z0.000000
G1 F374.302915 X9.171297 Y0.000000 Z0.000000
G1 F377.018425 X9.158729 Y0.000000 Z0.000000
G1 F379.730213 X9.146072 Y0.000000 Z0.000000
G1 F382.438254 X9.133324 Y0.000000 Z0.000000
G1 F385.142521 X9.120486 Y0.000000 Z0.000000
G1 F387.842986 X9.107557 Y0.000000 Z0.000000
G1 F390.539624 X9.094539 Y0.000000 Z0.000000
G1 F393.232407 X9.081432 Y0.000000 Z0.000000
G1 F395.921309 X9.068234 Y0.000000 Z0.000000
G1 F398.606303 X9.054947 Y0.000000 Z0.000000
G1 F401.287363 X9.041571 Y0.000000 Z0.000000
G1 F403.964463 X9.028106 Y0.000000 Z0.000000
G1 F406.637576 X9.014551 Y0.000000 Z0.000000
G1 F409.306675 X9.000908 Y0.000000 Z0.000000
G1 F411.971735 X8.987175 Y0.000000 Z0.000000
G1 F414.632729 X8.973354 Y0.000000 Z0.000000
G1 F417.289630 X8.959444 Y0.000000 Z0.000000
G1 F419.942413 X8.945446 Y0.000000 Z0.000000
G1 F422.591052 X8.931360 Y0.000000 Z0.000000
G1 F425.235519 X8.917186 Y0.000000 Z0.000000
G1 F427.875790 X8.902923 Y0.000000 Z0.000000
G1 F430.511837 X8.888573 Y0.000000 Z0.000000
G1 F433.143636 X8.874134 Y0.000000 Z0.000000
G1 F435.771160 X8.859609 Y0.000000 Z0.000000
G1 F438.394383 X8.844996 Y0.000000 Z0.000000
G1 F441.013279 X8.830295 Y0.000000 Z0.000000
G1 F443.627822 X8.815508 Y0.000000 Z0.000000
G1 F446.237987 X8.800633 Y0.000000 Z0.000000
G1 F448.843748 X8.785672 Y0.000000 Z0.000000
G1 F451.445079 X8.770623 Y0.000000 Z0.000000
G1 F454.041954 X8.755489 Y0.000000 Z0.000000
G1 F456.634348 X8.740267 Y0.000000 Z0.000000
G1 F459.222236 X8.724960 Y0.000000 Z0.000000
G1 F461.805591 X8.709567 Y0.000000 Z0.000000
G1 F464.384388 X8.694087 Y0.000000 Z0.000000
G1 F466.958602 X8.678522 Y0.000000 Z0.000000
G1 F469.528207 X8.662871 Y0.000000 Z0.000000
G1 F472.093178 X8.647134 Y0.000000 Z0.000000
G1 F474.653490 X8.631313 Y0.000000 Z0.000000
G1 F477.209117 X8.615406 Y0.000000 Z0.000000
G1 F479.760034 X8.599414 Y0.000000 Z0.000000
G1 F482.306217 X8.583337 Y0.000000 Z0.000000
G1 F484.847639 X8.567175 Y0.000000 Z0.000000
G1 F487.384275 X8.550929 Y0.000000 Z0.000000
G1 F489.916102 X8.534599 Y0.000000 Z0.000000
G1 F492.443093 X8.518184 Y0.000000 Z0.000000
G1 F494.965224 X8.501685 Y0.000000 Z0.000000
G1 F497.482470 X8.485102 Y0.000000 Z0.000000
G1 F499.994806 X8.468436 Y0.000000 Z0.000000
G1 F502.502207 X8.451686 Y0.000000 Z0.000000
G1 F505.004649 X8.434852 Y0.000000 Z0.000000
G1 F507.502107 X8.417935 Y0.000000 Z0.000000
G1 F509.994555 X8.400936 Y0.000000 Z0.000000
G1 F512.481971 X8.383853 Y0.000000 Z0.000000
G1 F514.964328 X8.366687 Y0.000000 Z0.000000
G1 F517.441603 X8.349439 Y0.000000 Z0.000000
G1 F519.913771 X8.332109 Y0.000000 Z0.000000
G1 F522.380807 X8.314696 Y0.000000 Z0.000000
G1 F524.842688 X8.297201 Y0.000000 Z0.000000
G1 F527.299389 X8.279625 Y0.000000 Z0.000000
G1 F529.750885 X8.261966 Y0.000000 Z0.000000
G1 F532.197153 X8.244226 Y0.000000 Z0.000000
G1 F534.638169 X8.226405 Y0.000000 Z0.000000
G1 F537.073908 X8.208503 Y0.000000 Z0.000000
G1 F539.504346 X8.190519 Y0.000000 Z0.000000
G1 F541.929460 X8.172455 Y0.000000 Z0.000000
G1 F544.349225 X8.154310 Y0.000000 Z0.000000
G1 F546.763617 X8.136084 Y0.000000 Z0.000000
G1 F549.172613 X8.117779 Y0.000000 Z0.000000
G1 F551.576189 X8.099393 Y0.000000 Z0.000000
G1 F553.974321 X8.080927 Y0.000000 Z0.000000
G1 F556.366986 X8.062381 Y0.000000 Z0.000000
G1 F558.754159 X8.043756 Y0.000000 Z0.000000
G1 F561.135818 X8.025052 Y0.000000 Z0.000000
G1 F563.511939 X8.006268 Y0.000000 Z0.000000
G1 F565.882498 X7.987405 Y0.000000 Z0.000000
G1 F568.247472 X7.968464 Y0.000000 Z0.000000
G1 F570.606838 X7.949444 Y0.000000 Z0.000000
G1 F572.960572 X7.930345 Y0.000000 Z0.000000
G1 F575.308651 X7.911168 Y0.000000 Z0.000000
G1 F577.651052 X7.891913 Y0.000000 Z0.000000
G1 F579.987751 X7.872580 Y0.000000 Z0.000000
G1 F582.318727 X7.853169 Y0.000000 Z0.000000
G1 F584.643955 X7.833681 Y0.000000 Z0.000000
G1 F586.963413 X7.814116 Y0.000000 Z0.000000
G1 F589.277078 X7.794473 Y0.000000 Z0.000000
G1 F591.584928 X7.774754 Y0.000000 Z0.000000
G1 F593.886938 X7.754957 Y0.000000 Z0.000000
G1 F596.183087 X7.735085 Y0.000000 Z0.000000
G1 F598.473352 X7.715136 Y0.000000 Z0.000000
G1 F600.187361 X7.705132 Y0.000000 Z0.000000
G1 F601.328059 X7.695110 Y0.000000 Z0.000000
G1 F602.467275 X7.685069 Y0.000000 Z0.000000
G1 F603.605003 X7.675009 Y0.000000 Z0.000000
G1 F604.741243 X7.664930 Y0.000000 Z0.000000
G1 F605.875990 X7.654832 Y0.000000 Z0.000000
G1 F607.009242 X7.644715 Y0.000000 Z0.000000
G1 F608.140997 X7.634580 Y0.000000 Z0.000000
G1 F609.271250 X7.624425 Y0.000000 Z0.000000
G1 F610.400001 X7.614252 Y0.000000 Z0.000000
G1 F611.527246 X7.604060 Y0.000000 Z0.000000
G1 F612.652981 X7.593849 Y0.000000 Z0.000000
G1 F613.777205 X7.583619 Y0.000000 Z0.000000
G1 F614.899915 X7.573371 Y0.000000 Z0.000000
G1 F616.021107 X7.563104 Y0.000000 Z0.000000
G1 F617.140780 X7.552818 Y0.000000 Z0.000000
G1 F618.258929 X7.542514 Y0.000000 Z0.000000
G1 F619.375554 X7.532191 Y0.000000 Z0.000000
G1 F620.490650 X7.521849 Y0.000000 Z0.000000
G1 F621.604215 X7.511489 Y0.000000 Z0.000000
G1 F622.716246 X7.501111 Y0.000000 Z0.000000
G1 F623.826740 X7.490714 Y0.000000 Z0.000000
G1 F624.935696 X7.480298 Y0.000000 Z0.000000
G1 F626.043109 X7.469864 Y0.000000 Z0.000000
G1 F627.148978 X7.459411 Y0.000000 Z0.000000
G1 F628.253300 X7.448941 Y0.000000 Z0.000000
G1 F629.356071 X7.438451 Y0.000000 Z0.000000
G1 F630.457289 X7.427944 Y0.000000 Z0.000000
G1 F631.556952 X7.417418 Y0.000000 Z0.000000
G1 F632.655056 X7.406873 Y0.000000 Z0.000000
G1 F633.751600 X7.396311 Y0.000000 Z0.000000
G1 F634.846579 X7.385730 Y0.000000 Z0.000000
G1 F635.939993 X7.375131 Y0.000000 Z0.000000
G1 F637.031837 X7.364514 Y0.000000 Z0.000000
G1 F638.122109 X7.353879 Y0.000000 Z0.000000
G1 F639.210807 X7.343225 Y0.000000 Z0.000000
G1 F640.297928 X7.332553 Y0.000000 Z0.000000
G1 F641.383469 X7.321864 Y0.000000 Z0.000000
G1 F642.467427 X7.311156 Y0.000000 Z0.000000
G1 F643.549800 X7.300430 Y0.000000 Z0.000000
G1 F644.630585 X7.289686 Y0.000000 Z0.000000
G1 F645.709780 X7.278924 Y0.000000 Z0.000000
G1 F646.787381 X7.268145 Y0.000000 Z0.000000
G1 F647.863386 X7.257347 Y0.000000 Z0.000000
G1 F648.937793 X7.246531 Y0.000000 Z0.000000
G1 F650.010599 X7.235698 Y0.000000 Z0.000000
G1 F651.081801 X7.224846 Y0.000000 Z0.000000
G1 F652.151396 X7.213977 Y0.000000 Z0.000000
G1 F653.219383 X7.203090 Y0.000000 Z0.000000
G1 F654.285757 X7.192185 Y0.000000 Z0.000000
G1 F655.350517 X7.181263 Y0.000000 Z0.000000
G1 F656.413661 X7.170323 Y0.000000 Z0.000000
G1 F657.475184 X7.159365 Y0.000000 Z0.000000
G1 F658.535085 X7.148389 Y0.000000 Z0.000000
G1 F659.593362 X7.137396 Y0.000000 Z0.000000
G1 F660.650011 X7.126385 Y0.000000 Z0.000000
G1 F661.705030 X7.115357 Y0.000000 Z0.000000
G1 F662.758416 X7.104311 Y0.000000 Z0.000000
G1 F663.810167 X7.093247 Y0.000000 Z0.000000
G1 F664.860279 X7.082166 Y0.000000 Z0.000000
G1 F665.908752 X7.071068 Y0.000000 Z0.000000
G1 F666.955581 X7.059952 Y0.000000 Z0.000000
G1 F668.000765 X7.048819 Y0.000000 Z0.000000
G1 F669.044301 X7.037668 Y0.000000 Z0.000000
G1 F670.086185 X7.026500 Y0.000000 Z0.000000
G1 F671.126417 X7.015314 Y0.000000 Z0.000000
G1 F672.164992 X7.004112 Y0.000000 Z0.000000
G1 F673.201909 X6.992891 Y0.000000 Z0.000000
G1 F674.237165 X6.981654 Y0.000000 Z0.000000
G1 F675.270757 X6.970400 Y0.000000 Z0.000000
G1 F676.302683 X6.959128 Y0.000000 Z0.000000
G1 F677.332941 X6.947839 Y0.000000 Z0.000000
G1 F678.361527 X6.936533 Y0.000000 Z0.000000
G1 F679.388439 X6.925210 Y0.000000 Z0.000000
G1 F680.413675 X6.913870 Y0.000000 Z0.000000
G1 F681.437232 X6.902512 Y0.000000 Z0.000000
G1 F682.459108 X6.891138 Y0.000000 Z0.000000
G1 F683.479300 X6.879747 Y0.000000 Z0.000000
G1 F684.497806 X6.868338 Y0.000000 Z0.000000
G1 F685.514622 X6.856913 Y0.000000 Z0.000000
G1 F686.529747 X6.845471 Y0.000000 Z0.000000
G1 F687.543178 X6.834012 Y0.000000 Z0.000000
G1 F688.554913 X6.822536 Y0.000000 Z0.000000
G1 F689.564949 X6.811043 Y0.000000 Z0.000000
G1 F690.573283 X6.799534 Y0.000000 Z0.000000
G1 F691.579914 X6.788007 Y0.000000 Z0.000000
G1 F692.584838 X6.776464 Y0.000000 Z0.000000
G1 F693.588053 X6.764905 Y0.000000 Z0.000000
G1 F694.589557 X6.753328 Y0.000000 Z0.000000
G1 F695.589347 X6.741735 Y0.000000 Z0.000000
G1 F696.587420 X6.730125 Y0.000000 Z0.000000
G1 F697.583775 X6.718499 Y0.000000 Z0.000000
G1 F698.578409 X6.706856 Y0.000000 Z0.000000
G1 F699.571319 X6.695196 Y0.000000 Z0.000000
G1 F700.562503 X6.683520 Y0.000000 Z0.000000
G1 F701.551958 X6.671828 Y0.000000 Z0.000000
G1 F702.539682 X6.660119 Y0.000000 Z0.000000
G1 F703.525673 X6.648393 Y0.000000 Z0.000000
G1 F704.509928 X6.636651 Y0.000000 Z0.000000
G1 F705.492445 X6.624893 Y0.000000 Z0.000000
G1 F706.473221 X6.613119 Y0.000000 Z0.000000
G1 F707.452253 X6.601328 Y0.000000 Z0.000000
G1 F708.429541 X6.589521 Y0.000000 Z0.000000
G1 F709.405080 X6.577697 Y0.000000 Z0.000000
G1 F710.378869 X6.565858 Y0.000000 Z0.000000
G1 F711.350905 X6.554002 Y0.000000 Z0.000000
G1 F712.321186 X6.542130 Y0.000000 Z0.000000
G1 F713.289709 X6.530242 Y0.000000 Z0.000000
G1 F714.256472 X6.518337 Y0.000000 Z0.000000
G1 F715.221473 X6.506417 Y0.000000 Z0.000000
G1 F716.184709 X6.494480 Y0.000000 Z0.000000
G1 F717.146178 X6.482528 Y0.000000 Z0.000000
G1 F718.105878 X6.470560 Y0.000000 Z0.000000
G1 F719.063806 X6.458575 Y0.000000 Z0.000000
G1 F720.019959 X6.446575 Y0.000000 Z0.000000
G1 F720.974336 X6.434559 Y0.000000 Z0.000000
G1 F721.926934 X6.422527 Y0.000000 Z0.000000
G1 F722.877751 X6.410479 Y0.000000 Z0.000000
G1 F723.826784 X6.398415 Y0.000000 Z0.000000
G1 F724.774031 X6.386335 Y0.000000 Z0.000000
G1 F725.719490 X6.374240 Y0.000000 Z0.000000
G1 F726.663158 X6.362129 Y0.000000 Z0.000000
G1 F727.605034 X6.350002 Y0.000000 Z0.000000
G1 F728.545114 X6.337860 Y0.000000 Z0.000000
G1 F729.483396 X6.325702 Y0.000000 Z0.000000
G1 F730.419878 X6.313528 Y0.000000 Z0.000000
G1 F731.354558 X6.301339 Y0.000000 Z0.000000
G1 F732.287434 X6.289134 Y0.000000 Z0.000000
G1 F733.218503 X6.276914 Y0.000000 Z0.000000
G1 F734.147762 X6.264678 Y0.000000 Z0.000000
G1 F735.075211 X6.252427 Y0.000000 Z0.000000
G1 F736.000845 X6.240160 Y0.000000 Z0.000000
G1 F736.924664 X6.227878 Y0.000000 Z0.000000
G1 F737.846664 X6.215580 Y0.000000 Z0.000000
G1 F738.766843 X6.203268 Y0.000000 Z0.000000
G1 F739.685200 X6.190939 Y0.000000 Z0.000000
G1 F740.601732 X6.178596 Y0.000000 Z0.000000
G1 F741.516436 X6.166238 Y0.000000 Z0.000000
G1 F742.429311 X6.153864 Y0.000000 Z0.000000
G1 F743.340354 X6.141475 Y0.000000 Z0.000000
G1 F744.249562 X6.129071 Y0.000000 Z0.000000
G1 F745.156935 X6.116651 Y0.000000 Z0.000000
G1 F746.062468 X6.104217 Y0.000000 Z0.000000
G1 F746.966161 X6.091767 Y0.000000 Z0.000000
G1 F747.868011 X6.079303 Y0.000000 Z0.000000
G1 F748.768016 X6.066824 Y0.000000 Z0.000000
G1 F749.666173 X6.054329 Y0.000000 Z0.000000
G1 F750.562480 X6.041820 Y0.000000 Z0.000000
G1 F751.456935 X6.029295 Y0.000000 Z0.000000
G1 F752.349537 X6.016756 Y0.000000 Z0.000000
G1 F753.240281 X6.004202 Y0.000000 Z0.000000
G1 F754.129168 X5.991633 Y0.000000 Z0.000000
G1 F755.016193 X5.979050 Y0.000000 Z0.000000
G1 F755.901356 X5.966451 Y0.000000 Z0.000000
G1 F756.784654 X5.953838 Y0.000000 Z0.000000
G1 F757.666084 X5.941211 Y0.000000 Z0.000000
G1 F758.545645 X5.928568 Y0.000000 Z0.000000
G1 F759.423334 X5.915911 Y0.000000 Z0.000000
G1 F760.299149 X5.903239 Y0.000000 Z0.000000
G1 F761.173089 X5.890553 Y0.000000 Z0.000000
G1 F762.045150 X5.877853 Y0.000000 Z0.000000
G1 F762.915331 X5.865137 Y0.000000 Z0.000000
G1 F763.783629 X5.852408 Y0.000000 Z0.000000
G1 F764.650043 X5.839663 Y0.000000 Z0.000000
G1 F765.514571 X5.826905 Y0.000000 Z0.000000
G1 F766.377209 X5.814132 Y0.000000 Z0.000000
G1 F767.237957 X5.801345 Y0.000000 Z0.000000
G1 F768.096811 X5.788543 Y0.000000 Z0.000000
G1 F768.953771 X5.775727 Y0.000000 Z0.000000
G1 F769.808832 X5.762897 Y0.000000 Z0.000000
G1 F770.661995 X5.750053 Y0.000000 Z0.000000
G1 F771.513256 X5.737194 Y0.000000 Z0.000000
G1 F772.362613 X5.724321 Y0.000000 Z0.000000
G1 F773.210065 X5.711434 Y0.000000 Z0.000000
G1 F774.055609 X5.698533 Y0.000000 Z0.000000
G1 F774.899243 X5.685619 Y0.000000 Z0.000000
G1 F775.740965 X5.672689 Y0.000000 Z0.000000
G1 F776.580772 X5.659746 Y0.000000 Z0.000000
G1 F777.418664 X5.646790 Y0.000000 Z0.000000
G1 F778.254638 X5.633819 Y0.000000 Z0.000000
G1 F779.088691 X5.620834 Y0.000000 Z0.000000
G1 F779.920822 X5.607835 Y0.000000 Z0.000000
G1 F780.751028 X5.594823 Y0.000000 Z0.000000
G1 F781.579308 X5.581796 Y0.000000 Z0.000000
G1 F782.405660 X5.568756 Y0.000000 Z0.000000
G1 F783.230081 X5.555702 Y0.000000 Z0.000000
G1 F784.052570 X5.542635 Y0.000000 Z0.000000
G1 F784.873124 X5.529554 Y0.000000 Z0.000000
G1 F785.691741 X5.516459 Y0.000000 Z0.000000
G1 F786.508420 X5.503350 Y0.000000 Z0.000000
G1 F787.323158 X5.490228 Y0.000000 Z0.000000
G1 F788.135954 X5.477093 Y0.000000 Z0.000000
G1 F788.946805 X5.463943 Y0.000000 Z0.000000
G1 F789.755709 X5.450781 Y0.000000 Z0.000000
G1 F790.562664 X5.437605 Y0.000000 Z0.000000
G1 F791.367669 X5.424415 Y0.000000 Z0.000000
G1 F792.170722 X5.411213 Y0.000000 Z0.000000
G1 F792.971819 X5.397996 Y0.000000 Z0.000000
G1 F793.770961 X5.384767 Y0.000000 Z0.000000
G1 F794.568143 X5.371524 Y0.000000 Z0.000000
G1 F795.363365 X5.358268 Y0.000000 Z0.000000
G1 F796.156625 X5.344999 Y0.000000 Z0.000000
G1 F796.947920 X5.331716 Y0.000000 Z0.000000
G1 F797.737249 X5.318421 Y0.000000 Z0.000000
G1 F798.524609 X5.305112 Y0.000000 Z0.000000
G1 F799.310000 X5.291790 Y0.000000 Z0.000000
G1 F800.093417 X5.278455 Y0.000000 Z0.000000
G1 F800.874861 X5.265107 Y0.000000 Z0.000000
G1 F801.654329 X5.251746 Y0.000000 Z0.000000
G1 F802.431819 X5.238372 Y0.000000 Z0.000000
G1 F803.207329 X5.224986 Y0.000000 Z0.000000
G1 F803.980856 X5.211586 Y0.000000 Z0.000000
G1 F804.752401 X5.198173 Y0.000000 Z0.000000
G1 F805.521959 X5.184748 Y0.000000 Z0.000000
G1 F806.289530 X5.171310 Y0.000000 Z0.000000
G1 F807.055112 X5.157859 Y0.000000 Z0.000000
G1 F807.818702 X5.144395 Y0.000000 Z0.000000
G1 F808.580299 X5.130919 Y0.000000 Z0.000000
G1 F809.339901 X5.117430 Y0.000000 Z0.000000
G1 F810.097506 X5.103928 Y0.000000 Z0.000000
G1 F810.853112 X5.090414 Y0.000000 Z0.000000
G1 F811.606718 X5.076887 Y0.000000 Z0.000000
G1 F812.358321 X5.063348 Y0.000000 Z0.000000
G1 F813.107919 X5.049796 Y0.000000 Z0.000000
G1 F813.855511 X5.036232 Y0.000000 Z0.000000
G1 F814.601095 X5.022655 Y0.000000 Z0.000000
G1 F815.344670 X5.009066 Y0.000000 Z0.000000
G1 F816.086232 X4.995465 Y0.000000 Z0.000000
G1 F816.825781 X4.981851 Y0.000000 Z0.000000
G1 F817.563314 X4.968225 Y0.000000 Z0.000000
G1 F818.298830 X4.954587 Y0.000000 Z0.000000
G1 F819.032327 X4.940936 Y0.000000 Z0.000000
G1 F819.763803 X4.927273 Y0.000000 Z0.000000
G1 F820.493257 X4.913599 Y0.000000 Z0.000000
G1 F821.220686 X4.899912 Y0.000000 Z0.000000
G1 F821.946088 X4.886212 Y0.000000 Z0.000000
G1 F822.669463 X4.872501 Y0.000000 Z0.000000
G1 F823.390808 X4.858778 Y0.000000 Z0.000000
G1 F824.110121 X4.845043 Y0.000000 Z0.000000
G1 F824.827401 X4.831296 Y0.000000 Z0.000000
G1 F825.542645 X4.817537 Y0.000000 Z0.000000
G1 F826.255853 X4.803766 Y0.000000 Z0.000000
G1 F826.967022 X4.789983 Y0.000000 Z0.000000
G1 F827.676150 X4.776188 Y0.000000 Z0.000000
G1 F828.383236 X4.762382 Y0.000000 Z0.000000
G1 F829.088278 X4.748564 Y0.000000 Z0.000000
G1 F829.791275 X4.734734 Y0.000000 Z0.000000
G1 F830.492224 X4.720893 Y0.000000 Z0.000000
G1 F831.191124 X4.707039 Y0.000000 Z0.000000
G1 F831.887973 X4.693175 Y0.000000 Z0.000000
G1 F832.582770 X4.679298 Y0.000000 Z0.000000
G1 F833.275512 X4.665410 Y0.000000 Z0.000000
G1 F833.966198 X4.651511 Y0.000000 Z0.000000
G1 F834.654826 X4.637600 Y0.000000 Z0.000000
G1 F835.341395 X4.623678 Y0.000000 Z0.000000
G1 F836.025903 X4.609744 Y0.000000 Z0.000000
G1 F836.708348 X4.595799 Y0.000000 Z0.000000
G1 F837.388729 X4.581842 Y0.000000 Z0.000000
G1 F838.067043 X4.567874 Y0.000000 Z0.000000
G1 F838.743290 X4.553895 Y0.000000 Z0.000000
G1 F839.417467 X4.539905 Y0.000000 Z0.000000
G1 F840.089573 X4.525904 Y0.000000 Z0.000000
G1 F840.759606 X4.511891 Y0.000000 Z0.000000
G1 F841.427564 X4.497867 Y0.000000 Z0.000000
G1 F842.093447 X4.483832 Y0.000000 Z0.000000
G1 F842.757251 X4.469786 Y0.000000 Z0.000000
G1 F843.418977 X4.455729 Y0.000000 Z0.000000
G1 F844.078621 X4.441661 Y0.000000 Z0.000000
G1 F844.736182 X4.427582 Y0.000000 Z0.000000
G1 F845.391659 X4.413492 Y0.000000 Z0.000000
G1 F846.045051 X4.399392 Y0.000000 Z0.000000
G1 F846.696354 X4.385280 Y0.000000 Z0.000000
G1 F847.345569 X4.371158 Y0.000000 Z0.000000
G1 F847.992693 X4.357024 Y0.000000 Z0.000000
G1 F848.637724 X4.342880 Y0.000000 Z0.000000
G1 F849.280662 X4.328726 Y0.000000 Z0.000000
G1 F849.921504 X4.314560 Y0.000000 Z0.000000
G1 F850.560249 X4.300384 Y0.000000 Z0.000000
G1 F851.196895 X4.286198 Y0.000000 Z0.000000
G1 F851.831441 X4.272001 Y0.000000 Z0.000000
G1 F852.463885 X4.257793 Y0.000000 Z0.000000
G1 F853.094226 X4.243575 Y0.000000 Z0.000000
G1 F853.722462 X4.229346 Y0.000000 Z0.000000
G1 F854.348591 X4.215107 Y0.000000 Z0.000000
G1 F854.972613 X4.200857 Y0.000000 Z0.000000
G1 F855.594525 X4.186597 Y0.000000 Z0.000000
G1 F856.214325 X4.172327 Y0.000000 Z0.000000
G1 F856.832014 X4.158047 Y0.000000 Z0.000000
G1 F857.447588 X4.143756 Y0.000000 Z0.000000
G1 F858.061046 X4.129455 Y0.000000 Z0.000000
G1 F858.672387 X4.115144 Y0.000000 Z0.000000
G1 F859.281609 X4.100822 Y0.000000 Z0.000000
G1 F859.888712 X4.086491 Y0.000000 Z0.000000
G1 F860.493692 X4.072149 Y0.000000 Z0.000000
G1 F861.096550 X4.057798 Y0.000000 Z0.000000
G1 F861.697282 X4.043436 Y0.000000 Z0.000000
G1 F862.295889 X4.029064 Y0.000000 Z0.000000
G1 F862.892368 X4.014683 Y0.000000 Z0.000000
G1 F863.486718 X4.000291 Y0.000000 Z0.000000
G1 F864.078937 X3.985890 Y0.000000 Z0.000000
G1 F864.669024 X3.971479 Y0.000000 Z0.000000
G1 F865.256978 X3.957058 Y0.000000 Z0.000000
G1 F865.842797 X3.942627 Y0.000000 Z0.000000
G1 F866.426479 X3.928187 Y0.000000 Z0.000000
G1 F867.008024 X3.913737 Y0.000000 Z0.000000
G1 F867.587429 X3.899277 Y0.000000 Z0.000000
G1 F868.164694 X3.884807 Y0.000000 Z0.000000
G1 F868.739817 X3.870328 Y0.000000 Z0.000000
G1 F869.312796 X3.855840 Y0.000000 Z0.000000
G1 F869.883630 X3.841342 Y0.000000 Z0.000000
G1 F870.452318 X3.826834 Y0.000000 Z0.000000
G1 F871.018858 X3.812317 Y0.000000 Z0.000000
G1 F871.583248 X3.797791 Y0.000000 Z0.000000
G1 F872.145489 X3.783255 Y0.000000 Z0.000000
G1 F872.705577 X3.768710 Y0.000000 Z0.000000
G1 F873.263512 X3.754156 Y0.000000 Z0.000000
G1 F873.819292 X3.739592 Y0.000000 Z0.000000
G1 F874.372917 X3.725019 Y0.000000 Z0.000000
G1 F874.924384 X3.710437 Y0.000000 Z0.000000
G1 F875.473692 X3.695846 Y0.000000 Z0.000000
G1 F876.020840 X3.681246 Y0.000000 Z0.000000
G1 F876.565826 X3.666636 Y0.000000 Z0.000000
G1 F877.108650 X3.652018 Y0.000000 Z0.000000
G1 F877.649309 X3.637390 Y0.000000 Z0.000000
G1 F878.187803 X3.622754 Y0.000000 Z0.000000
G1 F878.724130 X3.608108 Y0.000000 Z0.000000
G1 F879.258289 X3.593454 Y0.000000 Z0.000000
G1 F879.790278 X3.578791 Y0.000000 Z0.000000
G1 F880.320097 X3.564119 Y0.000000 Z0.000000
G1 F880.847744 X3.549438 Y0.000000 Z0.000000
G1 F881.373217 X3.534748 Y0.000000 Z0.000000
G1 F881.896515 X3.520050 Y0.000000 Z0.000000
G1 F882.417638 X3.505343 Y0.000000 Z0.000000
G1 F882.936583 X3.490628 Y0.000000 Z0.000000
G1 F883.453349 X3.475903 Y0.000000 Z0.000000
G1 F883.967936 X3.461171 Y0.000000 Z0.000000
G1 F884.480342 X3.446429 Y0.000000 Z0.000000
G1 F884.990565 X3.431679 Y0.000000 Z0.000000
G1 F885.498605 X3.416921 Y0.000000 Z0.000000
G1 F886.004460 X3.402154 Y0.000000 Z0.000000
G1 F886.508128 X3.387379 Y0.000000 Z0.000000
G1 F887.009609 X3.372596 Y0.000000 Z0.000000
G1 F887.508902 X3.357804 Y0.000000 Z0.000000
G1 F888.006005 X3.343004 Y0.000000 Z0.000000
G1 F888.500917 X3.328195 Y0.000000 Z0.000000
G1 F888.993636 X3.313379 Y0.000000 Z0.000000
G1 F889.484162 X3.298554 Y0.000000 Z0.000000
G1 F889.972493 X3.283721 Y0.000000 Z0.000000
G1 F890.458629 X3.268880 Y0.000000 Z0.000000
G1 F890.942567 X3.254031 Y0.000000 Z0.000000
G1 F891.424307 X3.239174 Y0.000000 Z0.000000
G1 F891.903847 X3.224309 Y0.000000 Z0.000000
G1 F892.381187 X3.209436 Y0.000000 Z0.000000
G1 F892.856325 X3.194555 Y0.000000 Z0.000000
G1 F893.329260 X3.179666 Y0.000000 Z0.000000
G1 F893.799990 X3.164770 Y0.000000 Z0.000000
G1 F894.268516 X3.149865 Y0.000000 Z0.000000
G1 F894.734835 X3.134953 Y0.000000 Z0.000000
G1 F895.198946 X3.120033 Y0.000000 Z0.000000
G1 F895.660848 X3.105105 Y0.000000 Z0.000000
G1 F896.120540 X3.090170 Y0.000000 Z0.000000
G1 F896.578021 X3.075227 Y0.000000 Z0.000000
G1 F897.033290 X3.060276 Y0.000000 Z0.000000
G1 F897.486346 X3.045318 Y0.000000 Z0.000000
G1 F897.937187 X3.030353 Y0.000000 Z0.000000
G1 F898.385813 X3.015380 Y0.000000 Z0.000000
G1 F898.832222 X3.000399 Y0.000000 Z0.000000
G1 F899.276413 X2.985411 Y0.000000 Z0.000000
G1 F899.718385 X2.970416 Y0.000000 Z0.000000
G1 F900.158138 X2.955413 Y0.000000 Z0.000000
G1 F900.595669 X2.940403 Y0.000000 Z0.000000
G1 F901.030978 X2.925386 Y0.000000 Z0.000000
G1 F901.464064 X2.910362 Y0.000000 Z0.000000
G1 F901.894926 X2.895330 Y0.000000 Z0.000000
G1 F902.323562 X2.880291 Y0.000000 Z0.000000
G1 F902.749972 X2.865246 Y0.000000 Z0.000000
G1 F903.174155 X2.850193 Y0.000000 Z0.000000
G1 F903.596109 X2.835133 Y0.000000 Z0.000000
G1 F904.015833 X2.820066 Y0.000000 Z0.000000
G1 F904.433327 X2.804992 Y0.000000 Z0.000000
G1 F904.848589 X2.789911 Y0.000000 Z0.000000
G1 F905.261619 X2.774823 Y0.000000 Z0.000000
G1 F905.672415 X2.759729 Y0.000000 Z0.000000
G1 F906.080977 X2.744627 Y0.000000 Z0.000000
G1 F906.487302 X2.729519 Y0.000000 Z0.000000
G1 F906.891391 X2.714404 Y0.000000 Z0.000000
G1 F907.293243 X2.699283 Y0.000000 Z0.000000
G1 F907.692855 X2.684155 Y0.000000 Z0.000000
G1 F908.090229 X2.669020 Y0.000000 Z0.000000
G1 F908.485361 X2.653878 Y0.000000 Z0.000000
G1 F908.878252 X2.638730 Y0.000000 Z0.000000
G1 F909.268900 X2.623576 Y0.000000 Z0.000000
G1 F909.657305 X2.608415 Y0.000000 Z0.000000
G1 F910.043465 X2.593248 Y0.000000 Z0.000000
G1 F910.427380 X2.578074 Y0.000000 Z0.000000
G1 F910.809049 X2.562894 Y0.000000 Z0.000000
G1 F911.188470 X2.547707 Y0.000000 Z0.000000
G1 F911.565643 X2.532514 Y0.000000 Z0.000000
G1 F911.940566 X2.517315 Y0.000000 Z0.000000
G1 F912.313240 X2.502110 Y0.000000 Z0.000000
G1 F912.683662 X2.486899 Y0.000000 Z0.000000
G1 F913.051833 X2.471681 Y0.000000 Z0.000000
G1 F913.417751 X2.456458 Y0.000000 Z0.000000
G1 F913.781414 X2.441228 Y0.000000 Z0.000000
G1 F914.142824 X2.425992 Y0.000000 Z0.000000
G1 F914.501977 X2.410751 Y0.000000 Z0.000000
G1 F914.858875 X2.395503 Y0.000000 Z0.000000
G1 F915.213515 X2.380249 Y0.000000 Z0.000000
G1 F915.565896 X2.364990 Y0.000000 Z0.000000
G1 F915.916019 X2.349725 Y0.000000 Z0.000000
G1 F916.263882 X2.334454 Y0.000000 Z0.000000
G1 F916.609484 X2.319177 Y0.000000 Z0.000000
G1 F916.952824 X2.303894 Y0.000000 Z0.000000
G1 F917.293902 X2.288606 Y0.000000 Z0.000000
G1 F917.632716 X2.273312 Y0.000000 Z0.000000
G1 F917.969267 X2.258013 Y0.000000 Z0.000000
G1 F918.303552 X2.242708 Y0.000000 Z0.000000
G1 F918.635571 X2.227397 Y0.000000 Z0.000000
G1 F918.965324 X2.212081 Y0.000000 Z0.000000
G1 F919.292810 X2.196759 Y0.000000 Z0.000000
G1 F919.618027 X2.181432 Y0.000000 Z0.000000
G1 F919.940975 X2.166100 Y0.000000 Z0.000000
G1 F920.261653 X2.150762 Y0.000000 Z0.000000
G1 F920.580060 X2.135419 Y0.000000 Z0.000000
G1 F920.896197 X2.120071 Y0.000000 Z0.000000
G1 F921.210060 X2.104718 Y0.000000 Z0.000000
G1 F921.521651 X2.089359 Y0.000000 Z0.000000
G1 F921.830968 X2.073995 Y0.000000 Z0.000000
G1 F922.138011 X2.058626 Y0.000000 Z0.000000
G1 F922.442778 X2.043252 Y0.000000 Z0.000000
G1 F922.745270 X2.027873 Y0.000000 Z0.000000
G1 F923.045484 X2.012489 Y0.000000 Z0.000000
G1 F923.343421 X1.997100 Y0.000000 Z0.000000
G1 F923.639080 X1.981706 Y0.000000 Z0.000000
G1 F923.932460 X1.966307 Y0.000000 Z0.000000
G1 F924.223560 X1.950903 Y0.000000 Z0.000000
G1 F924.512379 X1.935495 Y0.000000 Z0.000000
G1 F924.798918 X1.920081 Y0.000000 Z0.000000
G1 F925.083174 X1.904663 Y0.000000 Z0.000000
G1 F925.365148 X1.889241 Y0.000000 Z0.000000
G1 F925.644839 X1.873813 Y0.000000 Z0.000000
G1 F925.922246 X1.858381 Y0.000000 Z0.000000
G1 F926.197368 X1.842944 Y0.000000 Z0.000000
G1 F926.470205 X1.827503 Y0.000000 Z0.000000
G1 F926.740756 X1.812058 Y0.000000 Z0.000000
G1 F927.009020 X1.796607 Y0.000000 Z0.000000
G1 F927.274997 X1.781153 Y0.000000 Z0.000000
G1 F927.538686 X1.765694 Y0.000000 Z0.000000
G1 F927.800087 X1.750231 Y0.000000 Z0.000000
G1 F928.059198 X1.734763 Y0.000000 Z0.000000
G1 F928.316019 X1.719291 Y0.000000 Z0.000000
G1 F928.570550 X1.703815 Y0.000000 Z0.000000
G1 F928.822790 X1.688334 Y0.000000 Z0.000000
G1 F929.072738 X1.672850 Y0.000000 Z0.000000
G1 F929.320393 X1.657361 Y0.000000 Z0.000000
G1 F929.565756 X1.641868 Y0.000000 Z0.000000
G1 F929.808824 X1.626372 Y0.000000 Z0.000000
G1 F930.049599 X1.610871 Y0.000000 Z0.000000
G1 F930.288079 X1.595366 Y0.000000 Z0.000000
G1 F930.524263 X1.579857 Y0.000000 Z0.000000
G1 F930.758152 X1.564345 Y0.000000 Z0.000000
G1 F930.989744 X1.548828 Y0.000000 Z0.000000
G1 F931.219038 X1.533308 Y0.000000 Z0.000000
G1 F931.446035 X1.517784 Y0.000000 Z0.000000
G1 F931.670734 X1.502256 Y0.000000 Z0.000000
G1 F931.893134 X1.486724 Y0.000000 Z0.000000
G1 F932.113235 X1.471189 Y0.000000 Z0.000000
G1 F932.331036 X1.455650 Y0.000000 Z0.000000
G1 F932.546536 X1.440108 Y0.000000 Z0.000000
G1 F932.759735 X1.424562 Y0.000000 Z0.000000
G1 F932.970633 X1.409012 Y0.000000 Z0.000000
G1 F933.179229 X1.393459 Y0.000000 Z0.000000
G1 F933.385523 X1.377903 Y0.000000 Z0.000000
G1 F933.589513 X1.362343 Y0.000000 Z0.000000
G1 F933.791200 X1.346780 Y0.000000 Z0.000000
G1 F933.990582 X1.331213 Y0.000000 Z0.000000
G1 F934.187661 X1.315644 Y0.000000 Z0.000000
G1 F934.382434 X1.300071 Y0.000000 Z0.000000
G1 F934.574901 X1.284494 Y0.000000 Z0.000000
G1 F934.765063 X1.268915 Y0.000000 Z0.000000
G1 F934.952918 X1.253332 Y0.000000 Z0.000000
G1 F935.138467 X1.237747 Y0.000000 Z0.000000
G1 F935.321708 X1.222158 Y0.000000 Z0.000000
G1 F935.502641 X1.206566 Y0.000000 Z0.000000
G1 F935.681266 X1.190972 Y0.000000 Z0.000000
G1 F935.857582 X1.175374 Y0.000000 Z0.000000
G1 F936.031589 X1.159773 Y0.000000 Z0.000000
G1 F936.203287 X1.144170 Y0.000000 Z0.000000
G1 F936.372674 X1.128564 Y0.000000 Z0.000000
G1 F936.539752 X1.112955 Y0.000000 Z0.000000
G1 F936.704518 X1.097343 Y0.000000 Z0.000000
G1 F936.866973 X1.081729 Y0.000000 Z0.000000
G1 F937.027116 X1.066112 Y0.000000 Z0.000000
G1 F937.184948 X1.050492 Y0.000000 Z0.000000
G1 F937.340467 X1.034869 Y0.000000 Z0.000000
G1 F937.493673 X1.019245 Y0.000000 Z0.000000
G1 F937.644566 X1.003617 Y0.000000 Z0.000000
G1 F937.793146 X0.987987 Y0.000000 Z0.000000
G1 F937.939411 X0.972355 Y0.000000 Z0.000000
G1 F938.083363 X0.956720 Y0.000000 Z0.000000
G1 F938.225000 X0.941083 Y0.000000 Z0.000000
G1 F938.364321 X0.925444 Y0.000000 Z0.000000
G1 F938.501328 X0.909802 Y0.000000 Z0.000000
G1 F938.636018 X0.894158 Y0.000000 Z0.000000
G1 F938.768393 X0.878512 Y0.000000 Z0.000000
G1 F938.898452 X0.862864 Y0.000000 Z0.000000
G1 F939.026194 X0.847213 Y0.000000 Z0.000000
G1 F939.151618 X0.831561 Y0.000000 Z0.000000
G1 F939.274726 X0.815906 Y0.000000 Z0.000000
G1 F939.395516 X0.800250 Y0.000000 Z0.000000
G1 F939.513988 X0.784591 Y0.000000 Z0.000000
G1 F939.630142 X0.768930 Y0.000000 Z0.000000
G1 F939.743978 X0.753268 Y0.000000 Z0.000000
G1 F939.855495 X0.737604 Y0.000000 Z0.000000
G1 F939.964692 X0.721938 Y0.000000 Z0.000000
G1 F940.071571 X0.706270 Y0.000000 Z0.000000
G1 F940.176130 X0.690600 Y0.000000 Z0.000000
G1 F940.278369 X0.674929 Y0.000000 Z0.000000
G1 F940.378289 X0.659256 Y0.000000 Z0.000000
G1 F940.475887 X0.643581 Y0.000000 Z0.000000
G1 F940.571166 X0.627905 Y0.000000 Z0.000000
G1 F940.664123 X0.612227 Y0.000000 Z0.000000
G1 F940.754760 X0.596548 Y0.000000 Z0.000000
G1 F940.843075 X0.580867 Y0.000000 Z0.000000
G1 F940.929069 X0.565185 Y0.000000 Z0.000000
G1 F941.012742 X0.549502 Y0.000000 Z0.000000
G1 F941.094092 X0.533817 Y0.000000 Z0.000000
G1 F941.173121 X0.518131 Y0.000000 Z0.000000
G1 F941.249827 X0.502443 Y0.000000 Z0.000000
G1 F941.324210 X0.486754 Y0.000000 Z0.000000
G1 F941.396272 X0.471065 Y0.000000 Z0.000000
G1 F941.466010 X0.455373 Y0.000000 Z0.000000
G1 F941.533425 X0.439681 Y0.000000 Z0.000000
G1 F941.598517 X0.423988 Y0.000000 Z0.000000
G1 F941.661286 X0.408294 Y0.000000 Z0.000000
G1 F941.721732 X0.392598 Y0.000000 Z0.000000
G1 F941.779853 X0.376902 Y0.000000 Z0.000000
G1 F941.835652 X0.361205 Y0.000000 Z0.000000
G1 F941.889126 X0.345506 Y0.000000 Z0.000000
G1 F941.940276 X0.329807 Y0.000000 Z0.000000
G1 F941.989102 X0.314108 Y0.000000 Z0.000000
G1 F942.035604 X0.298407 Y0.000000 Z0.000000
G1 F942.079781 X0.282706 Y0.000000 Z0.000000
G1 F942.121634 X0.267004 Y0.000000 Z0.000000
G1 F942.161162 X0.251301 Y0.000000 Z0.000000
G1 F942.198366 X0.235598 Y0.000000 Z0.000000
G1 F942.233245 X0.219894 Y0.000000 Z0.000000
G1 F942.265799 X0.204189 Y0.000000 Z0.000000
G1 F942.296028 X0.188484 Y0.000000 Z0.000000
G1 F942.323932 X0.172779 Y0.000000 Z0.000000
G1 F942.349511 X0.157073 Y0.000000 Z0.000000
G1 F942.372764 X0.141367 Y0.000000 Z0.000000
G1 F942.393693 X0.125660 Y0.000000 Z0.000000
G1 F942.412296 X0.109954 Y0.000000 Z0.000000
G1 F942.428574 X0.094246 Y0.000000 Z0.000000
G1 F942.442527 X0.078539 Y0.000000 Z0.000000
G1 F942.454154 X0.062831 Y0.000000 Z0.000000
G1 F942.463456 X0.047124 Y0.000000 Z0.000000
G1 F942.470432 X0.031416 Y0.000000 Z0.000000
G1 F942.475083 X0.015708 Y0.000000 Z0.000000
G1 F942.477408 X0.000000 Y0.000000 Z0.000000
G1 F942.477408 X-0.015708 Y0.000000 Z0.000000
G1 F942.475083 X-0.031416 Y0.000000 Z0.000000
G1 F942.470432 X-0.047124 Y0.000000 Z0.000000
G1 F942.463456 X-0.062831 Y0.000000 Z0.000000
G1 F942.454154 X-0.078539 Y0.000000 Z0.000000
G1 F942.442527 X-0.094246 Y0.000000 Z0.000000
G1 F942.428574 X-0.109954 Y0.000000 Z0.000000
G1 F942.412296 X-0.125660 Y0.000000 Z0.000000
G1 F942.393693 X-0.141367 Y0.000000 Z0.000000
G1 F942.372764 X-0.157073 Y0.000000 Z0.000000
G1 F942.349511 X-0.172779 Y0.000000 Z0.000000
G1 F942.323932 X-0.188484 Y0.000000 Z0.000000
G1 F942.296028 X-0.204189 Y0.000000 Z0.000000
G1 F942.265799 X-0.219894 Y0.000000 Z0.000000
G1 F942.233245 X-0.235598 Y0.000000 Z0.000000
G1 F942.198366 X-0.251301 Y0.000000 Z0.000000
G1 F942.161162 X-0.267004 Y0.000000 Z0.000000
G1 F942.121634 X-0.282706 Y0.000000 Z0.000000
G1 F942.079781 X-0.298407 Y0.000000 Z0.000000
G1 F942.035604 X-0.314108 Y0.000000 Z0.000000
G1 F941.989102 X-0.329807 Y0.000000 Z0.000000
G1 F941.940276 X-0.345506 Y0.000000 Z0.000000
G1 F941.889126 X-0.361205 Y0.000000 Z0.000000
G1 F941.835652 X-0.376902 Y0.000000 Z0.000000
G1 F941.779853 X-0.392598 Y0.000000 Z0.000000
G1 F941.721732 X-0.408294 Y0.000000 Z0.000000
G1 F941.661286 X-0.423988 Y0.000000 Z0.000000
G1 F941.598517 X-0.439681 Y0.000000 Z0.000000
G1 F941.533425 X-0.455373 Y0.000000 Z0.000000
G1 F941.466010 X-0.471065 Y0.000000 Z0.000000
G1 F941.396272 X-0.486754 Y0.000000 Z0.000000
G1 F941.324210 X-0.502443 Y0.000000 Z0.000000
G1 F941.249827 X-0.518131 Y0.000000 Z0.000000
G1 F941.173121 X-0.533817 Y0.000000 Z0.000000
G1 F941.094092 X-0.549502 Y0.000000 Z0.000000
G1 F941.012742 X-0.565185 Y0.000000 Z0.000000
G1 F940.929069 X-0.580867 Y0.000000 Z0.000000
G1 F940.843075 X-0.596548 Y0.000000 Z0.000000
G1 F940.754760 X-0.612227 Y0.000000 Z0.000000
G1 F940.664123 X-0.627905 Y0.000000 Z0.000000
G1 F940.571166 X-0.643581 Y0.000000 Z0.000000
G1 F940.475887 X-0.659256 Y0.000000 Z0.000000
G1 F940.378289 X-0.674929 Y0.000000 Z0.000000
G1 F940.278369 X-0.690600 Y0.000000 Z0.000000
G1 F940.176130 X-0.706270 Y0.000000 Z0.000000
G1 F940.071571 X-0.721938 Y0.000000 Z0.000000
G1 F939.964692 X-0.737604 Y0.000000 Z0.000000
G1 F939.855495 X-0.753268 Y0.000000 Z0.000000
G1 F939.743978 X-0.768930 Y0.000000 Z0.000000
G1 F939.630142 X-0.784591 Y0.000000 Z0.000000
G1 F939.513988 X-0.800250 Y0.000000 Z0.000000
G1 F939.395516 X-0.815906 Y0.000000 Z0.000000
G1 F939.274726 X-0.831561 Y0.000000 Z0.000000
G1 F939.151618 X-0.847213 Y0.000000 Z0.000000
G1 F939.026194 X-0.862864 Y0.000000 Z0.000000
G1 F938.898452 X-0.878512 Y0.000000 Z0.000000
G1 F938.768393 X-0.894158 Y0.000000 Z0.000000
G1 F938.636018 X-0.909802 Y0.000000 Z0.000000
G1 F938.501328 X-0.925444 Y0.000000 Z0.000000
G1 F938.364321 X-0.941083 Y0.000000 Z0.000000
G1 F938.225000 X-0.956720 Y0.000000 Z0.000000
G1 F938.083363 X-0.972355 Y0.000000 Z0.000000
G1 F937.939411 X-0.987987 Y0.000000 Z0.000000
G1 F937.793146 X-1.003617 Y0.000000 Z0.000000
G1 F937.644566 X-1.019245 Y0.000000 Z0.000000
G1 F937.493673 X-1.034869 Y0.000000 Z0.000000
G1 F937.340467 X-1.050492 Y0.000000 Z0.000000
G1 F937.184948 X-1.066112 Y0.000000 Z0.000000
G1 F937.027116 X-1.081729 Y0.000000 Z0.000000
G1 F936.866973 X-1.097343 Y0.000000 Z0.000000
G1 F936.704518 X-1.112955 Y0.000000 Z0.000000
G1 F936.539752 X-1.128564 Y0.000000 Z0.000000
G1 F936.372674 X-1.144170 Y0.000000 Z0.000000
G1 F936.203287 X-1.159773 Y0.000000 Z0.000000
G1 F936.031589 X-1.175374 Y0.000000 Z0.000000
G1 F935.857582 X-1.190972 Y0.000000 Z0.000000
G1 F935.681266 X-1.206566 Y0.000000 Z0.000000
G1 F935.502641 X-1.222158 Y0.000000 Z0.000000
G1 F935.321708 X-1.237747 Y0.000000 Z0.000000
G1 F935.138467 X-1.253332 Y0.000000 Z0.000000
G1 F934.952918 X-1.268915 Y0.000000 Z0.000000
G1 F934.765063 X-1.284494 Y0.000000 Z0.000000
G1 F934.574901 X-1.300071 Y0.000000 Z0.000000
G1 F934.382434 X-1.315644 Y0.000000 Z0.000000
G1 F934.187661 X-1.331213 Y0.000000 Z0.000000
G1 F933.990582 X-1.346780 Y0.000000 Z0.000000
G1 F933.791200 X-1.362343 Y0.000000 Z0.000000
G1 F933.589513 X-1.377903 Y0.000000 Z0.000000
G1 F933.385523 X-1.393459 Y0.000000 Z0.000000
G1 F933.179229 X-1.409012 Y0.000000 Z0.000000
G1 F932.970633 X-1.424562 Y0.000000 Z0.000000
G1 F932.759735 X-1.440108 Y0.000000 Z0.000000
G1 F932.546536 X-1.455650 Y0.000000 Z0.000000
G1 F932.331036 X-1.471189 Y0.000000 Z0.000000
G1 F932.113235 X-1.486724 Y0.000000 Z0.000000
G1 F931.893134 X-1.502256 Y0.000000 Z0.000000
G1 F931.670734 X-1.517784 Y0.000000 Z0.000000
G1 F931.446035 X-1.533308 Y0.000000 Z0.000000
G1 F931.219038 X-1.548828 Y0.000000 Z0.000000
G1 F930.989744 X-1.564345 Y0.000000 Z0.000000
G1 F930.758152 X-1.579857 Y0.000000 Z0.000000
G1 F930.524263 X-1.595366 Y0.000000 Z0.000000
G1 F930.288079 X-1.610871 Y0.000000 Z0.000000
G1 F930.049599 X-1.626372 Y0.000000 Z0.000000
G1 F929.808824 X-1.641868 Y0.000000 Z0.000000
G1 F929.565756 X-1.657361 Y0.000000 Z0.000000
G1 F929.320393 X-1.672850 Y0.000000 Z0.000000
G1 F929.072738 X-1.688334 Y0.000000 Z0.000000
G1 F928.822790 X-1.703815 Y0.000000 Z0.000000
G1 F928.570550 X-1.719291 Y0.000000 Z0.000000
G1 F928.316019 X-1.734763 Y0.000000 Z0.000000
G1 F928.059198 X-1.750231 Y0.000000 Z0.000000
G1 F927.800087 X-1.765694 Y0.000000 Z0.000000
G1 F927.538686 X-1.781153 Y0.000000 Z0.000000
G1 F927.274997 X-1.796607 Y0.000000 Z0.000000
G1 F927.009020 X-1.812058 Y0.000000 Z0.000000
G1 F926.740756 X-1.827503 Y0.000000 Z0.000000
G1 F926.470205 X-1.842944 Y0.000000 Z0.000000
G1 F926.197368 X-1.858381 Y0.000000 Z0.000000
G1 F925.922246 X-1.873813 Y0.000000 Z0.000000
G1 F925.644839 X-1.889241 Y0.000000 Z0.000000
G1 F925.365148 X-1.904663 Y0.000000 Z0.000000
G1 F925.083174 X-1.920081 Y0.000000 Z0.000000
G1 F924.798918 X-1.935495 Y0.000000 Z0.000000
G1 F924.512379 X-1.950903 Y0.000000 Z0.000000
G1 F924.223560 X-1.966307 Y0.000000 Z0.000000
G1 F923.932460 X-1.981706 Y0.000000 Z0.000000
G1 F923.639080 X-1.997100 Y0.000000 Z0.000000
G1 F923.343421 X-2.012489 Y0.000000 Z0.000000
G1 F923.045484 X-2.027873 Y0.000000 Z0.000000
G1 F922.745270 X-2.043252 Y0.000000 Z0.000000
G1 F922.442778 X-2.058626 Y0.000000 Z0.000000
G1 F922.138011 X-2.073995 Y0.000000 Z0.000000
G1 F921.830968 X-2.089359 Y0.000000 Z0.000000
G1 F921.521651 X-2.104718 Y0.000000 Z0.000000
G1 F921.210060 X-2.120071 Y0.000000 Z0.000000
G1 F920.896197 X-2.135419 Y0.000000 Z0.000000
G1 F920.580060 X-2.150762 Y0.000000 Z0.000000
G1 F920.261653 X-2.166100 Y0.000000 Z0.000000
G1 F919.940975 X-2.181432 Y0.000000 Z0.000000
G1 F919.618027 X-2.196759 Y0.000000 Z0.000000
G1 F919.292810 X-2.212081 Y0.000000 Z0.000000
G1 F918.965324 X-2.227397 Y0.000000 Z0.000000
G1 F918.635571 X-2.242708 Y0.000000 Z0.000000
G1 F918.303552 X-2.258013 Y0.000000 Z0.000000
G1 F917.969267 X-2.273312 Y0.000000 Z0.000000
G1 F917.632716 X-2.288606 Y0.000000 Z0.000000
G1 F917.293902 X-2.303894 Y0.000000 Z0.000000
G1 F916.952824 X-2.319177 Y0.000000 Z0.000000
G1 F916.609484 X-2.334454 Y0.000000 Z0.000000
G1 F916.263882 X-2.349725 Y0.000000 Z0.000000
G1 F915.916019 X-2.364990 Y0.000000 Z0.000000
G1 F915.565896 X-2.380249 Y0.000000 Z0.000000
G1 F915.213515 X-2.395503 Y0.000000 Z0.000000
G1 F914.858875 X-2.410751 Y0.000000 Z0.000000
G1 F914.501977 X-2.425992 Y0.000000 Z0.000000
G1 F914.142824 X-2.441228 Y0.000000 Z0.000000
G1 F913.781414 X-2.456458 Y0.000000 Z0.000000
G1 F913.417751 X-2.471681 Y0.000000 Z0.000000
G1 F913.051833 X-2.486899 Y0.000000 Z0.000000
G1 F912.683662 X-2.502110 Y0.000000 Z0.000000
G1 F912.313240 X-2.517315 Y0.000000 Z0.000000
G1 F911.940566 X-2.532514 Y0.000000 Z0.000000
G1 F911.565643 X-2.547707 Y0.000000 Z0.000000
G1 F911.188470 X-2.562894 Y0.000000 Z0.000000
G1 F910.809049 X-2.578074 Y0.000000 Z0.000000
G1 F910.427380 X-2.593248 Y0.000000 Z0.000000
G1 F910.043465 X-2.608415 Y0.000000 Z0.000000
G1 F909.657305 X-2.623576 Y0.000000 Z0.000000
G1 F909.268900 X-2.638730 Y0.000000 Z0.000000
G1 F908.878252 X-2.653878 Y0.000000 Z0.000000
G1 F908.485361 X-2.669020 Y0.000000 Z0.000000
G1 F908.090229 X-2.684155 Y0.000000 Z0.000000
G1 F907.692855 X-2.699283 Y0.000000 Z0.000000
G1 F907.293243 X-2.714404 Y0.000000 Z0.000000
G1 F906.891391 X-2.729519 Y0.000000 Z0.000000
G1 F906.487302 X-2.744627 Y0.000000 Z0.000000
G1 F906.080977 X-2.759729 Y0.000000 Z0.000000
G1 F905.672415 X-2.774823 Y0.000000 Z0.000000
G1 F905.261619 X-2.789911 Y0.000000 Z0.000000
G1 F904.848589 X-2.804992 Y0.000000 Z0.000000
G1 F904.433327 X-2.820066 Y0.000000 Z0.000000
G1 F904.015833 X-2.835133 Y0.000000 Z0.000000
G1 F903.596109 X-2.850193 Y0.000000 Z0.000000
G1 F903.174155 X-2.865246 Y0.000000 Z0.000000
G1 F902.749972 X-2.880291 Y0.000000 Z0.000000
G1 F902.323562 X-2.895330 Y0.000000 Z0.000000
G1 F901.894926 X-2.910362 Y0.000000 Z0.000000
G1 F901.464064 X-2.925386 Y0.000000 Z0.000000
G1 F901.030978 X-2.940403 Y0.000000 Z0.000000
G1 F900.595669 X-2.955413 Y0.000000 Z0.000000
G1 F900.158138 X-2.970416 Y0.000000 Z0.000000
G1 F899.718385 X-2.985411 Y0.000000 Z0.000000
G1 F899.276413 X-3.000399 Y0.000000 Z0.000000
G1 F898.832222 X-3.015380 Y0.000000 Z0.000000
G1 F898.385813 X-3.030353 Y0.000000 Z0.000000
G1 F897.937187 X-3.045318 Y0.000000 Z0.000000
G1 F897.486346 X-3.060276 Y0.000000 Z0.000000
G1 F897.033290 X-3.075227 Y0.000000 Z0.000000
G1 F896.578021 X-3.090170 Y0.000000 Z0.000000
G1 F896.120540 X-3.105105 Y0.000000 Z0.000000
G1 F895.660848 X-3.120033 Y0.000000 Z0.000000
G1 F895.198946 X-3.134953 Y0.000000 Z0.000000
G1 F894.734835 X-3.149865 Y0.000000 Z0.000000
G1 F894.268516 X-3.164770 Y0.000000 Z0.000000
G1 F893.799990 X-3.179666 Y0.000000 Z0.000000
G1 F893.329260 X-3.194555 Y0.000000 Z0.000000
G1 F892.856325 X-3.209436 Y0.000000 Z0.000000
G1 F892.381187 X-3.224309 Y0.000000 Z0.000000
G1 F891.903847 X-3.239174 Y0.000000 Z0.000000
G1 F891.424307 X-3.254031 Y0.000000 Z0.000000
G1 F890.942567 X-3.268880 Y0.000000 Z0.000000
G1 F890.458629 X-3.283721 Y0.000000 Z0.000000
G1 F889.972493 X-3.298554 Y0.000000 Z0.000000
G1 F889.484162 X-3.313379 Y0.000000 Z0.000000
G1 F888.993636 X-3.328195 Y0.000000 Z0.000000
G1 F888.500917 X-3.343004 Y0.000000 Z0.000000
G1 F888.006005 X-3.357804 Y0.000000 Z0.000000
G1 F887.508902 X-3.372596 Y0.000000 Z0.000000
G1 F887.009609 X-3.387379 Y0.000000 Z0.000000
G1 F886.508128 X-3.402154 Y0.000000 Z0.000000
G1 F886.004460 X-3.416921 Y0.000000 Z0.000000
G1 F885.498605 X-3.431679 Y0.000000 Z0.000000
G1 F884.990565 X-3.446429 Y0.000000 Z0.000000
G1 F884.480342 X-3.461171 Y0.000000 Z0.000000
G1 F883.967936 X-3.475903 Y0.000000 Z0.000000
G1 F883.453349 X-3.490628 Y0.000000 Z0.000000
G1 F882.936583 X-3.505343 Y0.000000 Z0.000000
G1 F882.417638 X-3.520050 Y0.000000 Z0.000000
G1 F881.896515 X-3.534748 Y0.000000 Z0.000000
G1 F881.373217 X-3.549438 Y0.000000 Z0.000000
G1 F880.847744 X-3.564119 Y0.000000 Z0.000000
G1 F880.320097 X-3.578791 Y0.000000 Z0.000000
G1 F879.790278 X-3.593454 Y0.000000 Z0.000000
G1 F879.258289 X-3.608108 Y0.000000 Z0.000000
G1 F878.724130 X-3.622754 Y0.000000 Z0.000000
G1 F878.187803 X-3.637390 Y0.000000 Z0.000000
G1 F877.649309 X-3.652018 Y0.000000 Z0.000000
G1 F877.108650 X-3.666636 Y0.000000 Z0.000000
G1 F876.565826 X-3.681246 Y0.000000 Z0.000000
G1 F876.020840 X-3.695846 Y0.000000 Z0.000000
G1 F875.473692 X-3.710437 Y0.000000 Z0.000000
G1 F874.924384 X-3.725019 Y0.000000 Z0.000000
G1 F874.372917 X-3.739592 Y0.000000 Z0.000000
G1 F873.819292 X-3.754156 Y0.000000 Z0.000000
G1 F873.263512 X-3.768710 Y0.000000 Z0.000000
G1 F872.705577 X-3.783255 Y0.000000 Z0.000000
G1 F872.145489 X-3.797791 Y0.000000 Z0.000000
G1 F871.583248 X-3.812317 Y0.000000 Z0.000000
G1 F871.018858 X-3.826834 Y0.000000 Z0.000000
G1 F870.452318 X-3.841342 Y0.000000 Z0.000000
G1 F869.883630 X-3.855840 Y0.000000 Z0.000000
G1 F869.312796 X-3.870328 Y0.000000 Z0.000000
G1 F868.739817 X-3.884807 Y0.000000 Z0.000000
G1 F868.164694 X-3.899277 Y0.000000 Z0.000000
G1 F867.587429 X-3.913737 Y0.000000 Z0.000000
G1 F867.008024 X-3.928187 Y0.000000 Z0.000000
G1 F866.426479 X-3.942627 Y0.000000 Z0.000000
G1 F865.842797 X-3.957058 Y0.000000 Z0.000000
G1 F865.256978 X-3.971479 Y0.000000 Z0.000000
G1 F864.669024 X-3.985890 Y0.000000 Z0.000000
G1 F864.078937 X-4.000291 Y0.000000 Z0.000000
G1 F863.486718 X-4.014683 Y0.000000 Z0.000000
G1 F862.892368 X-4.029064 Y0.000000 Z0.000000
G1 F862.295889 X-4.043436 Y0.000000 Z0.000000
G1 F861.697282 X-4.057798 Y0.000000 Z0.000000
G1 F861.096550 X-4.072149 Y0.000000 Z0.000000
G1 F860.493692 X-4.086491 Y0.000000 Z0.000000
G1 F859.888712 X-4.100822 Y0.000000 Z0.000000
G1 F859.281609 X-4.115144 Y0.000000 Z0.000000
G1 F858.672387 X-4.129455 Y0.000000 Z0.000000
G1 F858.061046 X-4.143756 Y0.000000 Z0.000000
G1 F857.447588 X-4.158047 Y0.000000 Z0.000000
G1 F856.832014 X-4.172327 Y0.000000 Z0.000000
G1 F856.214325 X-4.186597 Y0.000000 Z0.000000
G1 F855.594525 X-4.200857 Y0.000000 Z0.000000
G1 F854.972613 X-4.215107 Y0.000000 Z0.000000
G1 F854.348591 X-4.229346 Y0.000000 Z0.000000
G1 F853.722462 X-4.243575 Y0.000000 Z0.000000
G1 F853.094226 X-4.257793 Y0.000000 Z0.000000
G1 F852.463885 X-4.272001 Y0.000000 Z0.000000
G1 F851.831441 X-4.286198 Y0.000000 Z0.000000
G1 F851.196895 X-4.300384 Y0.000000 Z0.000000
G1 F850.560249 X-4.314560 Y0.000000 Z0.000000
G1 F849.921504 X-4.328726 Y0.000000 Z0.000000
G1 F849.280662 X-4.342880 Y0.000000 Z0.000000
G1 F848.637724 X-4.357024 Y0.000000 Z0.000000
G1 F847.992693 X-4.371158 Y0.000000 Z0.000000
G1 F847.345569 X-4.385280 Y0.000000 Z0.000000
G1 F846.696354 X-4.399392 Y0.000000 Z0.000000
G1 F846.045051 X-4.413492 Y0.000000 Z0.000000
G1 F845.391659 X-4.427582 Y0.000000 Z0.000000
G1 F844.736182 X-4.441661 Y0.000000 Z0.000000
G1 F844.078621 X-4.455729 Y0.000000 Z0.000000
G1 F843.418977 X-4.469786 Y0.000000 Z0.000000
G1 F842.757251 X-4.483832 Y0.000000 Z0.000000
G1 F842.093447 X-4.497867 Y0.000000 Z0.000000
G1 F841.427564 X-4.511891 Y0.000000 Z0.000000
G1 F840.759606 X-4.525904 Y0.000000 Z0.000000
G1 F840.089573 X-4.539905 Y0.000000 Z0.000000
G1 F839.417467 X-4.553895 Y0.000000 Z0.000000
G1 F838.743290 X-4.567874 Y0.000000 Z0.000000
G1 F838.067043 X-4.581842 Y0.000000 Z0.000000
G1 F837.388729 X-4.595799 Y0.000000 Z0.000000
G1 F836.708348 X-4.609744 Y0.000000 Z0.000000
G1 F836.025903 X-4.623678 Y0.000000 Z0.000000
G1 F835.341395 X-4.637600 Y0.000000 Z0.000000
G1 F834.654826 X-4.651511 Y0.000000 Z0.000000
G1 F833.966198 X-4.665410 Y0.000000 Z0.000000
G1 F833.275512 X-4.679298 Y0.000000 Z0.000000
G1 F832.582770 X-4.693175 Y0.000000 Z0.000000
G1 F831.887973 X-4.707039 Y0.000000 Z0.000000
G1 F831.191124 X-4.720893 Y0.000000 Z0.000000
G1 F830.492224 X-4.734734 Y0.000000 Z0.000000
G1 F829.791275 X-4.748564 Y0.000000 Z0.000000
G1 F829.088278 X-4.762382 Y0.000000 Z0.000000
G1 F828.383236 X-4.776188 Y0.000000 Z0.000000
G1 F827.676150 X-4.789983 Y0.000000 Z0.000000
G1 F826.967022 X-4.803766 Y0.000000 Z0.000000
G1 F826.255853 X-4.817537 Y0.000000 Z0.000000
G1 F825.542645 X-4.831296 Y0.000000 Z0.000000
G1 F824.827401 X-4.845043 Y0.000000 Z0.000000
G1 F824.110121 X-4.858778 Y0.000000 Z0.000000
G1 F823.390808 X-4.872501 Y0.000000 Z0.000000
G1 F822.669463 X-4.886212 Y0.000000 Z0.000000
G1 F821.946088 X-4.899912 Y0.000000 Z0.000000
G1 F821.220686 X-4.913599 Y0.000000 Z0.000000
G1 F820.493257 X-4.927273 Y0.000000 Z0.000000
G1 F819.763803 X-4.940936 Y0.000000 Z0.000000
G1 F819.032327 X-4.954587 Y0.000000 Z0.000000
G1 F818.298830 X-4.968225 Y0.000000 Z0.000000
G1 F817.563314 X-4.981851 Y0.000000 Z0.000000
G1 F816.825781 X-4.995465 Y0.000000 Z0.000000
G1 F816.086232 X-5.009066 Y0.000000 Z0.000000
G1 F815.344670 X-5.022655 Y0.000000 Z0.000000
G1 F814.601095 X-5.036232 Y0.000000 Z0.000000
G1 F813.855511 X-5.049796 Y0.000000 Z0.000000
G1 F813.107919 X-5.063348 Y0.000000 Z0.000000
G1 F812.358321 X-5.076887 Y0.000000 Z0.000000
G1 F811.606718 X-5.090414 Y0.000000 Z0.000000
G1 F810.853112 X-5.103928 Y0.000000 Z0.000000
G1 F810.097506 X-5.117430 Y0.000000 Z0.000000
G1 F809.339901 X-5.130919 Y0.000000 Z0.000000
G1 F808.580299 X-5.144395 Y0.000000 Z0.000000
G1 F807.818702 X-5.157859 Y0.000000 Z0.000000
G1 F807.055112 X-5.171310 Y0.000000 Z0.000000
G1 F806.289530 X-5.184748 Y0.000000 Z0.000000
G1 F805.521959 X-5.198173 Y0.000000 Z0.000000
G1 F804.752401 X-5.211586 Y0.000000 Z0.000000
G1 F803.980856 X-5.224986 Y0.000000 Z0.000000
G1 F803.207329 X-5.238372 Y0.000000 Z0.000000
G1 F802.431819 X-5.251746 Y0.000000 Z0.000000
G1 F801.654329 X-5.265107 Y0.000000 Z0.000000
G1 F800.874861 X-5.278455 Y0.000000 Z0.000000
G1 F800.093417 X-5.291790 Y0.000000 Z0.000000
G1 F799.310000 X-5.305112 Y0.000000 Z0.000000
G1 F798.524609 X-5.318421 Y0.000000 Z0.000000
G1 F797.737249 X-5.331716 Y0.000000 Z0.000000
G1 F796.947920 X-5.344999 Y0.000000 Z0.000000
G1 F796.156625 X-5.358268 Y0.000000 Z0.000000
G1 F795.363365 X-5.371524 Y0.000000 Z0.000000
G1 F794.568143 X-5.384767 Y0.000000 Z0.000000
G1 F793.770961 X-5.397996 Y0.000000 Z0.000000
G1 F792.971819 X-5.411213 Y0.000000 Z0.000000
G1 F792.170722 X-5.424415 Y0.000000 Z0.000000
G1 F791.367669 X-5.437605 Y0.000000 Z0.000000
G1 F790.562664 X-5.450781 Y0.000000 Z0.000000
G1 F789.755709 X-5.463943 Y0.000000 Z0.000000
G1 F788.946805 X-5.477093 Y0.000000 Z0.000000
G1 F788.135954 X-5.490228 Y0.000000 Z0.000000
G1 F787.323158 X-5.503350 Y0.000000 Z0.000000
G1 F786.508420 X-5.516459 Y0.000000 Z0.000000
G1 F785.691741 X-5.529554 Y0.000000 Z0.000000
G1 F784.873124 X-5.542635 Y0.000000 Z0.000000
G1 F784.052570 X-5.555702 Y0.000000 Z0.000000
G1 F783.230081 X-5.568756 Y0.000000 Z0.000000
G1 F782.405660 X-5.581796 Y0.000000 Z0.000000
G1 F781.579308 X-5.594823 Y0.000000 Z0.000000
G1 F780.751028 X-5.607835 Y0.000000 Z0.000000
G1 F779.920822 X-5.620834 Y0.000000 Z0.000000
G1 F779.088691 X-5.633819 Y0.000000 Z0.000000
G1 F778.254638 X-5.646790 Y0.000000 Z0.000000
G1 F777.418664 X-5.659746 Y0.000000 Z0.000000
G1 F776.580772 X-5.672689 Y0.000000 Z0.000000
G1 F775.740965 X-5.685619 Y0.000000 Z0.000000
G1 F774.899243 X-5.698533 Y0.000000 Z0.000000
G1 F774.055609 X-5.711434 Y0.000000 Z0.000000
G1 F773.210065 X-5.724321 Y0.000000 Z0.000000
G1 F772.362613 X-5.737194 Y0.000000 Z0.000000
G1 F771.513256 X-5.750053 Y0.000000 Z0.000000
G1 F770.661995 X-5.762897 Y0.000000 Z0.000000
G1 F769.808832 X-5.775727 Y0.000000 Z0.000000
G1 F768.953771 X-5.788543 Y0.000000 Z0.000000
G1 F768.096811 X-5.801345 Y0.000000 Z0.000000
G1 F767.237957 X-5.814132 Y0.000000 Z0.000000
G1 F766.377209 X-5.826905 Y0.000000 Z0.000000
G1 F765.514571 X-5.839663 Y0.000000 Z0.000000
G1 F764.650043 X-5.852408 Y0.000000 Z0.000000
G1 F763.783629 X-5.865137 Y0.000000 Z0.000000
G1 F762.915331 X-5.877853 Y0.000000 Z0.000000
G1 F762.045150 X-5.890553 Y0.000000 Z0.000000
G1 F761.173089 X-5.903239 Y0.000000 Z0.000000
G1 F760.299149 X-5.915911 Y0.000000 Z0.000000
G1 F759.423334 X-5.928568 Y0.000000 Z0.000000
G1 F758.545645 X-5.941211 Y0.000000 Z0.000000
G1 F757.666084 X-5.953838 Y0.000000 Z0.000000
G1 F756.784654 X-5.966451 Y0.000000 Z0.000000
G1 F755.901356 X-5.979050 Y0.000000 Z0.000000
G1 F755.016193 X-5.991633 Y0.000000 Z0.000000
G1 F754.129168 X-6.004202 Y0.000000 Z0.000000
G1 F753.240281 X-6.016756 Y0.000000 Z0.000000
G1 F752.349537 X-6.029295 Y0.000000 Z0.000000
G1 F751.456935 X-6.041820 Y0.000000 Z0.000000
G1 F750.562480 X-6.054329 Y0.000000 Z0.000000
G1 F749.666173 X-6.066824 Y0.000000 Z0.000000
G1 F748.768016 X-6.079303 Y0.000000 Z0.000000
G1 F747.868011 X-6.091767 Y0.000000 Z0.000000
G1 F746.966161 X-6.104217 Y0.000000 Z0.000000
G1 F746.062468 X-6.116651 Y0.000000 Z0.000000
G1 F745.156935 X-6.129071 Y0.000000 Z0.000000
G1 F744.249562 X-6.141475 Y0.000000 Z0.000000
G1 F743.340354 X-6.153864 Y0.000000 Z0.000000
G1 F742.429311 X-6.166238 Y0.000000 Z0.000000
G1 F741.516436 X-6.178596 Y0.000000 Z0.000000
G1 F740.601732 X-6.190939 Y0.000000 Z0.000000
G1 F739.685200 X-6.203268 Y0.000000 Z0.000000
G1 F738.766843 X-6.215580 Y0.000000 Z0.000000
G1 F737.846664 X-6.227878 Y0.000000 Z0.000000
G1 F736.924664 X-6.240160 Y0.000000 Z0.000000
G1 F736.000845 X-6.252427 Y0.000000 Z0.000000
G1 F735.075211 X-6.264678 Y0.000000 Z0.000000
G1 F734.147762 X-6.276914 Y0.000000 Z0.000000
G1 F733.218503 X-6.289134 Y0.000000 Z0.000000
G1 F732.287434 X-6.301339 Y0.000000 Z0.000000
G1 F731.354558 X-6.313528 Y0.000000 Z0.000000
G1 F730.419878 X-6.325702 Y0.000000 Z0.000000
G1 F729.483396 X-6.337860 Y0.000000 Z0.000000
G1 F728.545114 X-6.350002 Y0.000000 Z0.000000
G1 F727.605034 X-6.362129 Y0.000000 Z0.000000
G1 F726.663158 X-6.374240 Y0.000000 Z0.000000
G1 F725.719490 X-6.386335 Y0.000000 Z0.000000
G1 F724.774031 X-6.398415 Y0.000000 Z0.000000
G1 F723.826784 X-6.410479 Y0.000000 Z0.000000
G1 F722.877751 X-6.422527 Y0.000000 Z0.000000
G1 F721.926934 X-6.434559 Y0.000000 Z0.000000
G1 F720.974336 X-6.446575 Y0.000000 Z0.000000
G1 F720.019959 X-6.458575 Y0.000000 Z0.000000
G1 F719.063806 X-6.470560 Y0.000000 Z0.000000
G1 F718.105878 X-6.482528 Y0.000000 Z0.000000
G1 F717.146178 X-6.494480 Y0.000000 Z0.000000
G1 F716.184709 X-6.506417 Y0.000000 Z0.000000
G1 F715.221473 X-6.518337 Y0.000000 Z0.000000
G1 F714.256472 X-6.530242 Y0.000000 Z0.000000
G1 F713.289709 X-6.542130 Y0.000000 Z0.000000
G1 F712.321186 X-6.554002 Y0.000000 Z0.000000
G1 F711.350905 X-6.565858 Y0.000000 Z0.000000
G1 F710.378869 X-6.577697 Y0.000000 Z0.000000
G1 F709.405080 X-6.589521 Y0.000000 Z0.000000
G1 F708.429541 X-6.601328 Y0.000000 Z0.000000
G1 F707.452253 X-6.613119 Y0.000000 Z0.000000
G1 F706.473221 X-6.624893 Y0.000000 Z0.000000
G1 F705.492445 X-6.636651 Y0.000000 Z0.000000
G1 F704.509928 X-6.648393 Y0.000000 Z0.000000
G1 F703.525673 X-6.660119 Y0.000000 Z0.000000
G1 F702.539682 X-6.671828 Y0.000000 Z0.000000
G1 F701.551958 X-6.683520 Y0.000000 Z0.000000
G1 F700.562503 X-6.695196 Y0.000000 Z0.000000
G1 F699.571319 X-6.706856 Y0.000000 Z0.000000
G1 F698.578409 X-6.718499 Y0.000000 Z0.000000
G1 F697.583775 X-6.730125 Y0.000000 Z0.000000
G1 F696.587420 X-6.741735 Y0.000000 Z0.000000
G1 F695.589347 X-6.753328 Y0.000000 Z0.000000
G1 F694.589557 X-6.764905 Y0.000000 Z0.000000
G1 F693.588053 X-6.776464 Y0.000000 Z0.000000
G1 F692.584838 X-6.788007 Y0.000000 Z0.000000
G1 F691.579914 X-6.799534 Y0.000000 Z0.000000
G1 F690.573283 X-6.811043 Y0.000000 Z0.000000
G1 F689.564949 X-6.822536 Y0.000000 Z0.000000
G1 F688.554913 X-6.834012 Y0.000000 Z0.000000
G1 F687.543178 X-6.845471 Y0.000000 Z0.000000
G1 F686.529747 X-6.856913 Y0.000000 Z0.000000
G1 F685.514622 X-6.868338 Y0.000000 Z0.000000
G1 F684.497806 X-6.879747 Y0.000000 Z0.000000
G1 F683.479300 X-6.891138 Y0.000000 Z0.000000
G1 F682.459108 X-6.902512 Y0.000000 Z0.000000
G1 F681.437232 X-6.913870 Y0.000000 Z0.000000
G1 F680.413675 X-6.925210 Y0.000000 Z0.000000
G1 F679.388439 X-6.936533 Y0.000000 Z0.000000
G1 F678.361527 X-6.947839 Y0.000000 Z0.000000
G1 F677.332941 X-6.959128 Y0.000000 Z0.000000
G1 F676.302683 X-6.970400 Y0.000000 Z0.000000
G1 F675.270757 X-6.981654 Y0.000000 Z0.000000
G1 F674.237165 X-6.992891 Y0.000000 Z0.000000
G1 F673.201909 X-7.004112 Y0.000000 Z0.000000
G1 F672.164992 X-7.015314 Y0.000000 Z0.000000
G1 F671.126417 X-7.026500 Y0.000000 Z0.000000
G1 F670.086185 X-7.037668 Y0.000000 Z0.000000
G1 F669.044301 X-7.048819 Y0.000000 Z0.000000
G1 F668.000765 X-7.059952 Y0.000000 Z0.000000
G1 F666.955581 X-7.071068 Y0.000000 Z0.000000
G1 F665.908752 X-7.082166 Y0.000000 Z0.000000
G1 F664.860279 X-7.093247 Y0.000000 Z0.000000
G1 F663.810167 X-7.104311 Y0.000000 Z0.000000
G1 F662.758416 X-7.115357 Y0.000000 Z0.000000
G1 F661.705030 X-7.126385 Y0.000000 Z0.000000
G1 F660.650011 X-7.137396 Y0.000000 Z0.000000
G1 F659.593362 X-7.148389 Y0.000000 Z0.000000
G1 F658.535085 X-7.159365 Y0.000000 Z0.000000
G1 F657.475184 X-7.170323 Y0.000000 Z0.000000
G1 F656.413661 X-7.181263 Y0.000000 Z0.000000
G1 F655.350517 X-7.192185 Y0.000000 Z0.000000
G1 F654.285757 X-7.203090 Y0.000000 Z0.000000
G1 F653.219383 X-7.213977 Y0.000000 Z0.000000
G1 F652.151396 X-7.224846 Y0.000000 Z0.000000
G1 F651.081801 X-7.235698 Y0.000000 Z0.000000
G1 F650.010599 X-7.246531 Y0.000000 Z0.000000
G1 F648.937793 X-7.257347 Y0.000000 Z0.000000
G1 F647.863386 X-7.268145 Y0.000000 Z0.000000
G1 F646.787381 X-7.278924 Y0.000000 Z0.000000
G1 F645.709780 X-7.289686 Y0.000000 Z0.000000
G1 F644.630585 X-7.300430 Y0.000000 Z0.000000
G1 F643.549800 X-7.311156 Y0.000000 Z0.000000
G1 F642.467427 X-7.321864 Y0.000000 Z0.000000
G1 F641.383469 X-7.332553 Y0.000000 Z0.000000
G1 F640.297928 X-7.343225 Y0.000000 Z0.000000
G1 F639.210807 X-7.353879 Y0.000000 Z0.000000
G1 F638.122109 X-7.364514 Y0.000000 Z0.000000
G1 F637.031837 X-7.375131 Y0.000000 Z0.000000
G1 F635.939993 X-7.385730 Y0.000000 Z0.000000
G1 F634.846579 X-7.396311 Y0.000000 Z0.000000
G1 F633.751600 X-7.406873 Y0.000000 Z0.000000
G1 F632.655056 X-7.417418 Y0.000000 Z0.000000
G1 F631.556952 X-7.427944 Y0.000000 Z0.000000
G1 F630.457289 X-7.438451 Y0.000000 Z0.000000
G1 F629.356071 X-7.448941 Y0.000000 Z0.000000
G1 F628.253300 X-7.459411 Y0.000000 Z0.000000
G1 F627.148978 X-7.469864 Y0.000000 Z0.000000
G1 F626.043109 X-7.480298 Y0.000000 Z0.000000
G1 F624.935696 X-7.490714 Y0.000000 Z0.000000
G1 F623.826740 X-7.501111 Y0.000000 Z0.000000
G1 F622.716246 X-7.511489 Y0.000000 Z0.000000
G1 F621.604214 X-7.521849 Y0.000000 Z0.000000
G1 F620.490650 X-7.532191 Y0.000000 Z0.000000
G1 F619.375554 X-7.542514 Y0.000000 Z0.000000
G1 F618.258929 X-7.552818 Y0.000000 Z0.000000
G1 F617.140780 X-7.563104 Y0.000000 Z0.000000
G1 F616.021107 X-7.573371 Y0.000000 Z0.000000
G1 F614.899915 X-7.583619 Y0.000000 Z0.000000
G1 F613.777205 X-7.593849 Y0.000000 Z0.000000
G1 F612.652981 X-7.604060 Y0.000000 Z0.000000
G1 F611.527246 X-7.614252 Y0.000000 Z0.000000
G1 F610.400001 X-7.624425 Y0.000000 Z0.000000
G1 F609.271250 X-7.634580 Y0.000000 Z0.000000
G1 F608.140997 X-7.644715 Y0.000000 Z0.000000
G1 F607.009242 X-7.654832 Y0.000000 Z0.000000
G1 F605.875990 X-7.664930 Y0.000000 Z0.000000
G1 F604.741243 X-7.675009 Y0.000000 Z0.000000
G1 F603.605003 X-7.685069 Y0.000000 Z0.000000
G1 F602.467275 X-7.695110 Y0.000000 Z0.000000
G1 F601.328059 X-7.705132 Y0.000000 Z0.000000
G1 F600.187361 X-7.715136 Y0.000000 Z0.000000
G1 F598.473352 X-7.735085 Y0.000000 Z0.000000
G1 F596.183087 X-7.754957 Y0.000000 Z0.000000
G1 F593.886938 X-7.774754 Y0.000000 Z0.000000
G1 F591.584928 X-7.794473 Y0.000000 Z0.000000
G1 F589.277078 X-7.814116 Y0.000000 Z0.000000
G1 F586.963413 X-7.833681 Y0.000000 Z0.000000
G1 F584.643955 X-7.853169 Y0.000000 Z0.000000
G1 F582.318727 X-7.872580 Y0.000000 Z0.000000
G1 F579.987751 X-7.891913 Y0.000000 Z0.000000
G1 F577.651052 X-7.911168 Y0.000000 Z0.000000
G1 F575.308651 X-7.930345 Y0.000000 Z0.000000
G1 F572.960572 X-7.949444 Y0.000000 Z0.000000
G1 F570.606838 X-7.968464 Y0.000000 Z0.000000
G1 F568.247472 X-7.987405 Y0.000000 Z0.000000
G1 F565.882498 X-8.006268 Y0.000000 Z0.000000
G1 F563.511939 X-8.025052 Y0.000000 Z0.000000
G1 F561.135818 X-8.043756 Y0.000000 Z0.000000
G1 F558.754159 X-8.062381 Y0.000000 Z0.000000
G1 F556.366986 X-8.080927 Y0.000000 Z0.000000
G1 F553.974321 X-8.099393 Y0.000000 Z0.000000
G1 F551.576189 X-8.117779 Y0.000000 Z0.000000
G1 F549.172613 X-8.136084 Y0.000000 Z0.000000
G1 F546.763617 X-8.154310 Y0.000000 Z0.000000
G1 F544.349225 X-8.172455 Y0.000000 Z0.000000
G1 F541.929460 X-8.190519 Y0.000000 Z0.000000
G1 F539.504346 X-8.208503 Y0.000000 Z0.000000
G1 F537.073908 X-8.226405 Y0.000000 Z0.000000
G1 F534.638169 X-8.244226 Y0.000000 Z0.000000
G1 F532.197153 X-8.261966 Y0.000000 Z0.000000
G1 F529.750885 X-8.279625 Y0.000000 Z0.000000
G1 F527.299389 X-8.297201 Y0.000000 Z0.000000
G1 F524.842688 X-8.314696 Y0.000000 Z0.000000
G1 F522.380807 X-8.332109 Y0.000000 Z0.000000
G1 F519.913771 X-8.349439 Y0.000000 Z0.000000
G1 F517.441603 X-8.366687 Y0.000000 Z0.000000
G1 F514.964328 X-8.383853 Y0.000000 Z0.000000
G1 F512.481971 X-8.400936 Y0.000000 Z0.000000
G1 F509.994555 X-8.417935 Y0.000000 Z0.000000
G1 F507.502107 X-8.434852 Y0.000000 Z0.000000
G1 F505.004649 X-8.451686 Y0.000000 Z0.000000
G1 F502.502207 X-8.468436 Y0.000000 Z0.000000
G1 F499.994806 X-8.485102 Y0.000000 Z0.000000
G1 F497.482470 X-8.501685 Y0.000000 Z0.000000
G1 F494.965224 X-8.518184 Y0.000000 Z0.000000
G1 F492.443093 X-8.534599 Y0.000000 Z0.000000
G1 F489.916102 X-8.550929 Y0.000000 Z0.000000
G1 F487.384275 X-8.567175 Y0.000000 Z0.000000
G1 F484.847639 X-8.583337 Y0.000000 Z0.000000
G1 F482.306217 X-8.599414 Y0.000000 Z0.000000
G1 F479.760034 X-8.615406 Y0.000000 Z0.000000
G1 F477.209117 X-8.631313 Y0.000000 Z0.000000
G1 F474.653490 X-8.647134 Y0.000000 Z0.000000
G1 F472.093178 X-8.662871 Y0.000000 Z0.000000
G1 F469.528207 X-8.678522 Y0.000000 Z0.000000
G1 F466.958602 X-8.694087 Y0.000000 Z0.000000
G1 F464.384388 X-8.709567 Y0.000000 Z0.000000
G1 F461.805591 X-8.724960 Y0.000000 Z0.000000
G1 F459.222236 X-8.740267 Y0.000000 Z0.000000
G1 F456.634348 X-8.755489 Y0.000000 Z0.000000
G1 F454.041954 X-8.770623 Y0.000000 Z0.000000
G1 F451.445079 X-8.785672 Y0.000000 Z0.000000
G1 F448.843748 X-8.800633 Y0.000000 Z0.000000
G1 F446.237987 X-8.815508 Y0.000000 Z0.000000
G1 F443.627822 X-8.830295 Y0.000000 Z0.000000
G1 F441.013279 X-8.844996 Y0.000000 Z0.000000
G1 F438.394383 X-8.859609 Y0.000000 Z0.000000
G1 F435.771160 X-8.874134 Y0.000000 Z0.000000
G1 F433.143636 X-8.888573 Y0.000000 Z0.000000
G1 F430.511837 X-8.902923 Y0.000000 Z0.000000
G1 F427.875790 X-8.917186 Y0.000000 Z0.000000
G1 F425.235519 X-8.931360 Y0.000000 Z0.000000
G1 F422.591052 X-8.945446 Y0.000000 Z0.000000
G1 F419.942413 X-8.959444 Y0.000000 Z0.000000
G1 F417.289630 X-8.973354 Y0.000000 Z0.000000
G1 F414.632729 X-8.987175 Y0.000000 Z0.000000
G1 F411.971735 X-9.000908 Y0.000000 Z0.000000
G1 F409.306675 X-9.014551 Y0.000000 Z0.000000
G1 F406.637576 X-9.028106 Y0.000000 Z0.000000
G1 F403.964463 X-9.041571 Y0.000000 Z0.000000
G1 F401.287363 X-9.054947 Y0.000000 Z0.000000
G1 F398.606303 X-9.068234 Y0.000000 Z0.000000
G1 F395.921309 X-9.081432 Y0.000000 Z0.000000
G1 F393.232407 X-9.094539 Y0.000000 Z0.000000
G1 F390.539624 X-9.107557 Y0.000000 Z0.000000
G1 F387.842986 X-9.120486 Y0.000000 Z0.000000
G1 F385.142521 X-9.133324 Y0.000000 Z0.000000
G1 F382.438254 X-9.146072 Y0.000000 Z0.000000
G1 F379.730213 X-9.158729 Y0.000000 Z0.000000
G1 F377.018425 X-9.171297 Y0.000000 Z0.000000
G1 F374.302915 X-9.183773 Y0.000000 Z0.000000
G1 F371.583711 X-9.196159 Y0.000000 Z0.000000
G1 F368.860839 X-9.208455 Y0.000000 Z0.000000
G1 F366.134327 X-9.220659 Y0.000000 Z0.000000
G1 F363.404202 X-9.232773 Y0.000000 Z0.000000
G1 F360.670490 X-9.244795 Y0.000000 Z0.000000
G1 F357.933218 X-9.256726 Y0.000000 Z0.000000
G1 F355.192413 X-9.268566 Y0.000000 Z0.000000
G1 F352.448103 X-9.280314 Y0.000000 Z0.000000
G1 F349.700314 X-9.291971 Y0.000000 Z0.000000
G1 F346.949074 X-9.303536 Y0.000000 Z0.000000
G1 F344.194410 X-9.315009 Y0.000000 Z0.000000
G1 F341.436349 X-9.326390 Y0.000000 Z0.000000
G1 F338.674918 X-9.337679 Y0.000000 Z0.000000
G1 F335.910144 X-9.348876 Y0.000000 Z0.000000
G1 F333.142055 X-9.359981 Y0.000000 Z0.000000
G1 F330.370678 X-9.370993 Y0.000000 Z0.000000
G1 F327.596040 X-9.381913 Y0.000000 Z0.000000
G1 F324.818169 X-9.392741 Y0.000000 Z0.000000
G1 F322.037092 X-9.403475 Y0.000000 Z0.000000
G1 F319.252837 X-9.414117 Y0.000000 Z0.000000
G1 F316.465431 X-9.424666 Y0.000000 Z0.000000
G1 F313.674902 X-9.435122 Y0.000000 Z0.000000
G1 F310.881277 X-9.445484 Y0.000000 Z0.000000
G1 F308.084583 X-9.455754 Y0.000000 Z0.000000
G1 F305.284849 X-9.465930 Y0.000000 Z0.000000
G1 F302.482102 X-9.476013 Y0.000000 Z0.000000
G1 F298.974319 X-9.490961 Y0.000000 Z0.000000
G1 F294.759085 X-9.505699 Y0.000000 Z0.000000
G1 F290.537306 X-9.520226 Y0.000000 Z0.000000
G1 F286.309075 X-9.534542 Y0.000000 Z0.000000
G1 F282.074486 X-9.548645 Y0.000000 Z0.000000
G1 F277.833632 X-9.562537 Y0.000000 Z0.000000
G1 F273.586610 X-9.576216 Y0.000000 Z0.000000
G1 F269.333512 X-9.589683 Y0.000000 Z0.000000
G1 F265.074432 X-9.602937 Y0.000000 Z0.000000
G1 F260.809467 X-9.615977 Y0.000000 Z0.000000
G1 F256.538710 X-9.628804 Y0.000000 Z0.000000
G1 F252.262255 X-9.641417 Y0.000000 Z0.000000
G1 F247.980199 X-9.653816 Y0.000000 Z0.000000
G1 F243.692637 X-9.666001 Y0.000000 Z0.000000
G1 F239.399662 X-9.677971 Y0.000000 Z0.000000
G1 F235.101372 X-9.689726 Y0.000000 Z0.000000
G1 F230.797860 X-9.701266 Y0.000000 Z0.000000
G1 F226.489224 X-9.712590 Y0.000000 Z0.000000
G1 F222.175558 X-9.723699 Y0.000000 Z0.000000
G1 F217.856958 X-9.734592 Y0.000000 Z0.000000
G1 F213.533520 X-9.745269 Y0.000000 Z0.000000
G1 F209.205340 X-9.755729 Y0.000000 Z0.000000
G1 F204.872515 X-9.765973 Y0.000000 Z0.000000
G1 F200.535140 X-9.775999 Y0.000000 Z0.000000
G1 F195.469107 X-9.789031 Y0.000000 Z0.000000
G1 F189.672295 X-9.801675 Y0.000000 Z0.000000
G1 F183.867994 X-9.813933 Y0.000000 Z0.000000
G1 F178.056435 X-9.825804 Y0.000000 Z0.000000
G1 F172.237846 X-9.837286 Y0.000000 Z0.000000
G1 F166.412458 X-9.848380 Y0.000000 Z0.000000
G1 F160.580500 X-9.859086 Y0.000000 Z0.000000
G1 F154.742203 X-9.869402 Y0.000000 Z0.000000
G1 F148.166690 X-9.881749 Y0.000000 Z0.000000
G1 F140.852056 X-9.893487 Y0.000000 Z0.000000
G1 F133.528734 X-9.904614 Y0.000000 Z0.000000
G1 F126.197175 X-9.915131 Y0.000000 Z0.000000
G1 F118.123353 X-9.926943 Y0.000000 Z0.000000
G1 F109.305668 X-9.937874 Y0.000000 Z0.000000
G1 F100.478274 X-9.947921 Y0.000000 Z0.000000
G1 F90.905095 X-9.958527 Y0.000000 Z0.000000
G1 F79.847440 X-9.969173 Y0.000000 Z0.000000
G1 F67.302157 X-9.979269 Y0.000000 Z0.000000
G1 F51.788558 X-9.989626 Y0.000000 Z0.000000
G1 F25.163010 X-9.999692 Y0.000000 Z0.000000
G1 F17.762125 X-9.989626 Y0.000000 Z0.000000
G1 F51.788558 X-9.979269 Y0.000000 Z0.000000
G1 F67.302157 X-9.969173 Y0.000000 Z0.000000
G1 F79.847440 X-9.958527 Y0.000000 Z0.000000
G1 F90.905095 X-9.947921 Y0.000000 Z0.000000
G1 F100.478274 X-9.937874 Y0.000000 Z0.000000
G1 F109.305668 X-9.926943 Y0.000000 Z0.000000
G1 F118.123353 X-9.915131 Y0.000000 Z0.000000
G1 F126.197175 X-9.904614 Y0.000000 Z0.000000
G1 F133.528734 X-9.893487 Y0.000000 Z0.000000
G1 F140.852056 X-9.881749 Y0.000000 Z0.000000
G1 F148.166690 X-9.869402 Y0.000000 Z0.000000
G1 F154.742203 X-9.859086 Y0.000000 Z0.000000
G1 F160.580500 X-9.848380 Y0.000000 Z0.000000
G1 F166.412458 X-9.837286 Y0.000000 Z0.000000
G1 F172.237846 X-9.825804 Y0.000000 Z0.000000
G1 F178.056435 X-9.813933 Y0.000000 Z0.000000
G1 F183.867994 X-9.801675 Y0.000000 Z0.000000
G1 F189.672295 X-9.789031 Y0.000000 Z0.000000
G1 F195.469107 X-9.775999 Y0.000000 Z0.000000
G1 F200.535140 X-9.765973 Y0.000000 Z0.000000
G1 F204.872515 X-9.755729 Y0.000000 Z0.000000
G1 F209.205340 X-9.745269 Y0.000000 Z0.000000
G1 F213.533520 X-9.734592 Y0.000000 Z0.000000
G1 F217.856958 X-9.723699 Y0.000000 Z0.000000
G1 F222.175558 X-9.712590 Y0.000000 Z0.000000
G1 F226.489224 X-9.701266 Y0.000000 Z0.000000
G1 F230.797860 X-9.689726 Y0.000000 Z0.000000
G1 F235.101372 X-9.677971 Y0.000000 Z0.000000
G1 F239.399662 X-9.666001 Y0.000000 Z0.000000
G1 F243.692637 X-9.653816 Y0.000000 Z0.000000
G1 F247.980199 X-9.641417 Y0.000000 Z0.000000
G1 F252.262255 X-9.628804 Y0.000000 Z0.000000
G1 F256.538710 X-9.615977 Y0.000000 Z0.000000
G1 F260.809467 X-9.602937 Y0.000000 Z0.000000
G1 F265.074432 X-9.589683 Y0.000000 Z0.000000
G1 F269.333512 X-9.576216 Y0.000000 Z0.000000
G1 F273.586610 X-9.562537 Y0.000000 Z0.000000
G1 F277.833632 X-9.548645 Y0.000000 Z0.000000
G1 F282.074486 X-9.534542 Y0.000000 Z0.000000
G1 F286.309075 X-9.520226 Y0.000000 Z0.000000
G1 F290.537306 X-9.505699 Y0.000000 Z0.000000
G1 F294.759085 X-9.490961 Y0.000000 Z0.000000
G1 F298.974319 X-9.476013 Y0.000000 Z0.000000
G1 F302.482102 X-9.465930 Y0.000000 Z0.000000
G1 F305.284849 X-9.455754 Y0.000000 Z0.000000
G1 F308.084583 X-9.445484 Y0.000000 Z0.000000
G1 F310.881277 X-9.435122 Y0.000000 Z0.000000
G1 F313.674902 X-9.424666 Y0.000000 Z0.000000
G1 F316.465431 X-9.414117 Y0.000000 Z0.000000
G1 F319.252837 X-9.403475 Y0.000000 Z0.000000
G1 F322.037092 X-9.392741 Y0.000000 Z0.000000
G1 F324.818169 X-9.381913 Y0.000000 Z0.000000
G1 F327.596040 X-9.370993 Y0.000000 Z0.000000
G1 F330.370678 X-9.359981 Y0.000000 Z0.000000
G1 F333.142055 X-9.348876 Y0.000000 Z0.000000
G1 F335.910144 X-9.337679 Y0.000000 Z0.000000
G1 F338.674918 X-9.326390 Y0.000000 Z0.000000
G1 F341.436349 X-9.315009 Y0.000000 Z0.000000
G1 F344.194410 X-9.303536 Y0.000000 Z0.000000
G1 F346.949074 X-9.291971 Y0.000000 Z0.000000
G1 F349.700314 X-9.280314 Y0.000000 Z0.000000
G1 F352.448103 X-9.268566 Y0.000000 Z0.000000
G1 F355.192413 X-9.256726 Y0.000000 Z0.000000
G1 F357.933218 X-9.244795 Y0.000000 Z0.000000
G1 F360.670490 X-9.232773 Y0.000000 Z0.000000
G1 F363.404202 X-9.220659 Y0.000000 Z0.000000
G1 F366.134327 X-9.208455 Y0.000000 Z0.000000
G1 F368.860839 X-9.196159 Y0.000000 Z0.000000
G1 F371.583711 X-9.183773 Y0.000000 Z0.000000
G1 F374.302915 X-9.171297 Y0.000000 Z0.000000
G1 F377.018425 X-9.158729 Y0.000000 Z0.000000
G1 F379.730213 X-9.146072 Y0.000000 Z0.000000
G1 F382.438254 X-9.133324 Y0.000000 Z0.000000
G1 F385.142521 X-9.120486 Y0.000000 Z0.000000
G1 F387.842986 X-9.107557 Y0.000000 Z0.000000
G1 F390.539624 X-9.094539 Y0.000000 Z0.000000
G1 F393.232407 X-9.081432 Y0.000000 Z0.000000
G1 F395.921309 X-9.068234 Y0.000000 Z0.000000
G1 F398.606303 X-9.054947 Y0.000000 Z0.000000
G1 F401.287363 X-9.041571 Y0.000000 Z0.000000
G1 F403.964463 X-9.028106 Y0.000000 Z0.000000
G1 F406.637576 X-9.014551 Y0.000000 Z0.000000
G1 F409.306675 X-9.000908 Y0.000000 Z0.000000
G1 F411.971735 X-8.987175 Y0.000000 Z0.000000
G1 F414.632729 X-8.973354 Y0.000000 Z0.000000
G1 F417.289630 X-8.959444 Y0.000000 Z0.000000
G1 F419.942413 X-8.945446 Y0.000000 Z0.000000
G1 F422.591052 X-8.931360 Y0.000000 Z0.000000
G1 F425.235519 X-8.917186 Y0.000000 Z0.000000
G1 F427.875790 X-8.902923 Y0.000000 Z0.000000
G1 F430.511837 X-8.888573 Y0.000000 Z0.000000
G1 F433.143636 X-8.874134 Y0.000000 Z0.000000
G1 F435.771160 X-8.859609 Y0.000000 Z0.000000
G1 F438.394383 X-8.844996 Y0.000000 Z0.000000
G1 F441.013279 X-8.830295 Y0.000000 Z0.000000
G1 F443.627822 X-8.815508 Y0.000000 Z0.000000
G1 F446.237987 X-8.800633 Y0.000000 Z0.000000
G1 F448.843748 X-8.785672 Y0.000000 Z0.000000
G1 F451.445079 X-8.770623 Y0.000000 Z0.000000
G1 F454.041954 X-8.755489 Y0.000000 Z0.000000
G1 F456.634348 X-8.740267 Y0.000000 Z0.000000
G1 F459.222236 X-8.724960 Y0.000000 Z0.000000
G1 F461.805591 X-8.709567 Y0.000000 Z0.000000
G1 F464.384388 X-8.694087 Y0.000000 Z0.000000
G1 F466.958602 X-8.678522 Y0.000000 Z0.000000
G1 F469.528207 X-8.662871 Y0.000000 Z0.000000
G1 F472.093178 X-8.647134 Y0.000000 Z0.000000
G1 F474.653490 X-8.631313 Y0.000000 Z0.000000
G1 F477.209117 X-8.615406 Y0.000000 Z0.000000
G1 F479.760034 X-8.599414 Y0.000000 Z0.000000
G1 F482.306217 X-8.583337 Y0.000000 Z0.000000
G1 F484.847639 X-8.567175 Y0.000000 Z0.000000
G1 F487.384275 X-8.550929 Y0.000000 Z0.000000
G1 F489.916102 X-8.534599 Y0.000000 Z0.000000
G1 F492.443093 X-8.518184 Y0.000000 Z0.000000
G1 F494.965224 X-8.501685 Y0.000000 Z0.000000
G1 F497.482470 X-8.485102 Y0.000000 Z0.000000
G1 F499.994806 X-8.468436 Y0.000000 Z0.000000
G1 F502.502207 X-8.451686 Y0.000000 Z0.000000
G1 F505.004649 X-8.434852 Y0.000000 Z0.000000
G1 F507.502107 X-8.417935 Y0.000000 Z0.000000
G1 F509.994555 X-8.400936 Y0.000000 Z0.000000
G1 F512.481971 X-8.383853 Y0.000000 Z0.000000
G1 F514.964328 X-8.366687 Y0.000000 Z0.000000
G1 F517.441603 X-8.349439 Y0.000000 Z0.000000
G1 F519.913771 X-8.332109 Y0.000000 Z0.000000
G1 F522.380807 X-8.314696 Y0.000000 Z0.000000
G1 F524.842688 X-8.297201 Y0.000000 Z0.000000
G1 F527.299389 X-8.279625 Y0.000000 Z0.000000
G1 F529.750885 X-8.261966 Y0.000000 Z0.000000
G1 F532.197153 X-8.244226 Y0.000000 Z0.000000
G1 F534.638169 X-8.226405 Y0.000000 Z0.000000
G1 F537.073908 X-8.208503 Y0.000000 Z0.000000
G1 F539.504346 X-8.190519 Y0.000000 Z0.000000
G1 F541.929460 X-8.172455 Y0.000000 Z0.000000
G1 F544.349225 X-8.154310 Y0.000000 Z0.000000
G1 F546.763617 X-8.136084 Y0.000000 Z0.000000
G1 F549.172613 X-8.117779 Y0.000000 Z0.000000
G1 F551.576189 X-8.099393 Y0.000000 Z0.000000
G1 F553.974321 X-8.080927 Y0.000000 Z0.000000
G1 F556.366986 X-8.062381 Y0.000000 Z0.000000
G1 F558.754159 X-8.043756 Y0.000000 Z0.000000
G1 F561.135818 X-8.025052 Y0.000000 Z0.000000
G1 F563.511939 X-8.006268 Y0.000000 Z0.000000
G1 F565.882498 X-7.987405 Y0.000000 Z0.000000
G1 F568.247472 X-7.968464 Y0.000000 Z0.000000
G1 F570.606838 X-7.949444 Y0.000000 Z0.000000
G1 F572.960572 X-7.930345 Y0.000000 Z0.000000
G1 F575.308651 X-7.911168 Y0.000000 Z0.000000
G1 F577.651052 X-7.891913 Y0.000000 Z0.000000
G1 F579.987751 X-7.872580 Y0.000000 Z0.000000
G1 F582.318727 X-7.853169 Y0.000000 Z0.000000
G1 F584.643955 X-7.833681 Y0.000000 Z0.000000
G1 F586.963413 X-7.814116 Y0.000000 Z0.000000
G1 F589.277078 X-7.794473 Y0.000000 Z0.000000
G1 F591.584928 X-7.774754 Y0.000000 Z0.000000
G1 F593.886938 X-7.754957 Y0.000000 Z0.000000
G1 F596.183087 X-7.735085 Y0.000000 Z0.000000
G1 F598.473352 X-7.715136 Y0.000000 Z0.000000
G1 F600.187361 X-7.705132 Y0.000000 Z0.000000
G1 F601.328059 X-7.695110 Y0.000000 Z0.000000
G1 F602.467275 X-7.685069 Y0.000000 Z0.000000
G1 F603.605003 X-7.675009 Y0.000000 Z0.000000
G1 F604.741243 X-7.664930 Y0.000000 Z0.000000
G1 F605.875990 X-7.654832 Y0.000000 Z0.000000
G1 F607.009242 X-7.644715 Y0.000000 Z0.000000
G1 F608.140997 X-7.634580 Y0.000000 Z0.000000
G1 F609.271250 X-7.624425 Y0.000000 Z0.000000
G1 F610.400001 X-7.614252 Y0.000000 Z0.000000
G1 F611.527246 X-7.604060 Y0.000000 Z0.000000
G1 F612.652981 X-7.593849 Y0.000000 Z0.000000
G1 F613.777205 X-7.583619 Y0.000000 Z0.000000
G1 F614.899915 X-7.573371 Y0.000000 Z0.000000
G1 F616.021107 X-7.563104 Y0.000000 Z0.000000
G1 F617.140780 X-7.552818 Y0.000000 Z0.000000
G1 F618.258929 X-7.542514 Y0.000000 Z0.000000
G1 F619.375554 X-7.532191 Y0.000000 Z0.000000
G1 F620.490650 X-7.521849 Y0.000000 Z0.000000
G1 F621.604214 X-7.511489 Y0.000000 Z0.000000
G1 F622.716246 X-7.501111 Y0.000000 Z0.000000
G1 F623.826740 X-7.490714 Y0.000000 Z0.000000
G1 F624.935696 X-7.480298 Y0.000000 Z0.000000
G1 F626.043109 X-7.469864 Y0.000000 Z0.000000
G1 F627.148978 X-7.459411 Y0.000000 Z0.000000
G1 F628.253300 X-7.448941 Y0.000000 Z0.000000
G1 F629.356071 X-7.438451 Y0.000000 Z0.000000
G1 F630.457289 X-7.427944 Y0.000000 Z0.000000
G1 F631.556952 X-7.417418 Y0.000000 Z0.000000
G1 F632.655056 X-7.406873 Y0.000000 Z0.000000
G1 F633.751600 X-7.396311 Y0.000000 Z0.000000
G1 F634.846579 X-7.385730 Y0.000000 Z0.000000
G1 F635.939993 X-7.375131 Y0.000000 Z0.000000
G1 F637.031837 X-7.364514 Y0.000000 Z0.000000
G1 F638.122109 X-7.353879 Y0.000000 Z0.000000
G1 F639.210807 X-7.343225 Y0.000000 Z0.000000
G1 F640.297928 X-7.332553 Y0.000000 Z0.000000
G1 F641.383469 X-7.321864 Y0.000000 Z0.000000
G1 F642.467427 X-7.311156 Y0.000000 Z0.000000
G1 F643.549800 X-7.300430 Y0.000000 Z0.000000
G1 F644.630585 X-7.289686 Y0.000000 Z0.000000
G1 F645.709780 X-7.278924 Y0.000000 Z0.000000
G1 F646.787381 X-7.268145 Y0.000000 Z0.000000
G1 F647.863386 X-7.257347 Y0.000000 Z0.000000
G1 F648.937793 X-7.246531 Y0.000000 Z0.000000
G1 F650.010599 X-7.235698 Y0.000000 Z0.000000
G1 F651.081801 X-7.224846 Y0.000000 Z0.000000
G1 F652.151396 X-7.213977 Y0.000000 Z0.000000
G1 F653.219383 X-7.203090 Y0.000000 Z0.000000
G1 F654.285757 X-7.192185 Y0.000000 Z0.000000
G1 F655.350517 X-7.181263 Y0.000000 Z0.000000
G1 F656.413661 X-7.170323 Y0.000000 Z0.000000
G1 F657.475184 X-7.159365 Y0.000000 Z0.000000
G1 F658.535085 X-7.148389 Y0.000000 Z0.000000
G1 F659.593362 X-7.137396 Y0.000000 Z0.000000
G1 F660.650011 X-7.126385 Y0.000000 Z0.000000
G1 F661.705030 X-7.115357 Y0.000000 Z0.000000
G1 F662.758416 X-7.104311 Y0.000000 Z0.000000
G1 F663.810167 X-7.093247 Y0.000000 Z0.000000
G1 F664.860279 X-7.082166 Y0.000000 Z0.000000
G1 F665.908752 X-7.071068 Y0.000000 Z0.000000
G1 F666.955581 X-7.059952 Y0.000000 Z0.000000
G1 F668.000765 X-7.048819 Y0.000000 Z0.000000
G1 F669.044301 X-7.037668 Y0.000000 Z0.000000
G1 F670.086185 X-7.026500 Y0.000000 Z0.000000
G1 F671.126417 X-7.015314 Y0.000000 Z0.000000
G1 F672.164992 X-7.004112 Y0.000000 Z0.000000
G1 F673.201909 X-6.992891 Y0.000000 Z0.000000
G1 F674.237165 X-6.981654 Y0.000000 Z0.000000
G1 F675.270757 X-6.970400 Y0.000000 Z0.000000
G1 F676.302683 X-6.959128 Y0.000000 Z0.000000
G1 F677.332941 X-6.947839 Y0.000000 Z0.000000
G1 F678.361527 X-6.936533 Y0.000000 Z0.000000
G1 F679.388439 X-6.925210 Y0.000000 Z0.000000
G1 F680.413675 X-6.913870 Y0.000000 Z0.000000
G1 F681.437232 X-6.902512 Y0.000000 Z0.000000
G1 F682.459108 X-6.891138 Y0.000000 Z0.000000
G1 F683.479300 X-6.879747 Y0.000000 Z0.000000
G1 F684.497806 X-6.868338 Y0.000000 Z0.000000
G1 F685.514622 X-6.856913 Y0.000000 Z0.000000
G1 F686.529747 X-6.845471 Y0.000000 Z0.000000
G1 F687.543178 X-6.834012 Y0.000000 Z0.000000
G1 F688.554913 X-6.822536 Y0.000000 Z0.000000
G1 F689.564949 X-6.811043 Y0.000000 Z0.000000
G1 F690.573283 X-6.799534 Y0.000000 Z0.000000
G1 F691.579914 X-6.788007 Y0.000000 Z0.000000
G1 F692.584838 X-6.776464 Y0.000000 Z0.000000
G1 F693.588053 X-6.764905 Y0.000000 Z0.000000
G1 F694.589557 X-6.753328 Y0.000000 Z0.000000
G1 F695.589347 X-6.741735 Y0.000000 Z0.000000
G1 F696.587420 X-6.730125 Y0.000000 Z0.000000
G1 F697.583775 X-6.718499 Y0.000000 Z0.000000
G1 F698.578409 X-6.706856 Y0.000000 Z0.000000
G1 F699.571319 X-6.695196 Y0.000000 Z0.000000
G1 F700.562503 X-6.683520 Y0.000000 Z0.000000
G1 F701.551958 X-6.671828 Y0.000000 Z0.000000
G1 F702.539682 X-6.660119 Y0.000000 Z0.000000
G1 F703.525673 X-6.648393 Y0.000000 Z0.000000
G1 F704.509928 X-6.636651 Y0.000000 Z0.000000
G1 F705.492445 X-6.624893 Y0.000000 Z0.000000
G1 F706.473221 X-6.613119 Y0.000000 Z0.000000
G1 F707.452253 X-6.601328 Y0.000000 Z0.000000
G1 F708.429541 X-6.589521 Y0.000000 Z0.000000
G1 F709.405080 X-6.577697 Y0.000000 Z0.000000
G1 F710.378869 X-6.565858 Y0.000000 Z0.000000
G1 F711.350905 X-6.554002 Y0.000000 Z0.000000
G1 F712.321186 X-6.542130 Y0.000000 Z0.000000
G1 F713.289709 X-6.530242 Y0.000000 Z0.000000
G1 F714.256472 X-6.518337 Y0.000000 Z0.000000
G1 F715.221473 X-6.506417 Y0.000000 Z0.000000
G1 F716.184709 X-6.494480 Y0.000000 Z0.000000
G1 F717.146178 X-6.482528 Y0.000000 Z0.000000
G1 F718.105878 X-6.470560 Y0.000000 Z0.000000
G1 F719.063806 X-6.458575 Y0.000000 Z0.000000
G1 F720.019959 X-6.446575 Y0.000000 Z0.000000
G1 F720.974336 X-6.434559 Y0.000000 Z0.000000
G1 F721.926934 X-6.422527 Y0.000000 Z0.000000
G1 F722.877751 X-6.410479 Y0.000000 Z0.000000
G1 F723.826784 X-6.398415 Y0.000000 Z0.000000
G1 F724.774031 X-6.386335 Y0.000000 Z0.000000
G1 F725.719490 X-6.374240 Y0.000000 Z0.000000
G1 F726.663158 X-6.362129 Y0.000000 Z0.000000
G1 F727.605034 X-6.350002 Y0.000000 Z0.000000
G1 F728.545114 X-6.337860 Y0.000000 Z0.000000
G1 F729.483396 X-6.325702 Y0.000000 Z0.000000
G1 F730.419878 X-6.313528 Y0.000000 Z0.000000
G1 F731.354558 X-6.301339 Y0.000000 Z0.000000
G1 F732.287434 X-6.289134 Y0.000000 Z0.000000
G1 F733.218503 X-6.276914 Y0.000000 Z0.000000
G1 F734.147762 X-6.264678 Y0.000000 Z0.000000
G1 F735.075211 X-6.252427 Y0.000000 Z0.000000
G1 F736.000845 X-6.240160 Y0.000000 Z0.000000
G1 F736.924664 X-6.227878 Y0.000000 Z0.000000
G1 F737.846664 X-6.215580 Y0.000000 Z0.000000
G1 F738.766843 X-6.203268 Y0.000000 Z0.000000
G1 F739.685200 X-6.190939 Y0.000000 Z0.000000
G1 F740.601732 X-6.178596 Y0.000000 Z0.000000
G1 F741.516436 X-6.166238 Y0.000000 Z0.000000
G1 F742.429311 X-6.153864 Y0.000000 Z0.000000
G1 F743.340354 X-6.141475 Y0.000000 Z0.000000
G1 F744.249562 X-6.129071 Y0.000000 Z0.000000
G1 F745.156935 X-6.116651 Y0.000000 Z0.000000
G1 F746.062468 X-6.104217 Y0.000000 Z0.000000
G1 F746.966161 X-6.091767 Y0.000000 Z0.000000
G1 F747.868011 X-6.079303 Y0.000000 Z0.000000
G1 F748.768016 X-6.066824 Y0.000000 Z0.000000
G1 F749.666173 X-6.054329 Y0.000000 Z0.000000
G1 F750.562480 X-6.041820 Y0.000000 Z0.000000
G1 F751.456935 X-6.029295 Y0.000000 Z0.000000
G1 F752.349537 X-6.016756 Y0.000000 Z0.000000
G1 F753.240281 X-6.004202 Y0.000000 Z0.000000
G1 F754.129168 X-5.991633 Y0.000000 Z0.000000
G1 F755.016193 X-5.979050 Y0.000000 Z0.000000
G1 F755.901356 X-5.966451 Y0.000000 Z0.000000
G1 F756.784654 X-5.953838 Y0.000000 Z0.000000
G1 F757.666084 X-5.941211 Y0.000000 Z0.000000
G1 F758.545645 X-5.928568 Y0.000000 Z0.000000
G1 F759.423334 X-5.915911 Y0.000000 Z0.000000
G1 F760.299149 X-5.903239 Y0.000000 Z0.000000
G1 F761.173089 X-5.890553 Y0.000000 Z0.000000
G1 F762.045150 X-5.877853 Y0.000000 Z0.000000
G1 F762.915331 X-5.865137 Y0.000000 Z0.000000
G1 F763.783629 X-5.852408 Y0.000000 Z0.000000
G1 F764.650043 X-5.839663 Y0.000000 Z0.000000
G1 F765.514571 X-5.826905 Y0.000000 Z0.000000
G1 F766.377209 X-5.814132 Y0.000000 Z0.000000
G1 F767.237957 X-5.801345 Y0.000000 Z0.000000
G1 F768.096811 X-5.788543 Y0.000000 Z0.000000
G1 F768.953771 X-5.775727 Y0.000000 Z0.000000
G1 F769.808832 X-5.762897 Y0.000000 Z0.000000
G1 F770.661995 X-5.750053 Y0.000000 Z0.000000
G1 F771.513256 X-5.737194 Y0.000000 Z0.000000
G1 F772.362613 X-5.724321 Y0.000000 Z0.000000
G1 F773.210065 X-5.711434 Y0.000000 Z0.000000
G1 F774.055609 X-5.698533 Y0.000000 Z0.000000
G1 F774.899243 X-5.685619 Y0.000000 Z0.000000
G1 F775.740965 X-5.672689 Y0.000000 Z0.000000
G1 F776.580772 X-5.659746 Y0.000000 Z0.000000
G1 F777.418664 X-5.646790 Y0.000000 Z0.000000
G1 F778.254638 X-5.633819 Y0.000000 Z0.000000
G1 F779.088691 X-5.620834 Y0.000000 Z0.000000
G1 F779.920822 X-5.607835 Y0.000000 Z0.000000
G1 F780.751028 X-5.594823 Y0.000000 Z0.000000
G1 F781.579308 X-5.581796 Y0.000000 Z0.000000
G1 F782.405660 X-5.568756 Y0.000000 Z0.000000
G1 F783.230081 X-5.555702 Y0.000000 Z0.000000
G1 F784.052570 X-5.542635 Y0.000000 Z0.000000
G1 F784.873124 X-5.529554 Y0.000000 Z0.000000
G1 F785.691741 X-5.516459 Y0.000000 Z0.000000
G1 F786.508420 X-5.503350 Y0.000000 Z0.000000
G1 F787.323158 X-5.490228 Y0.000000 Z0.000000
G1 F788.135954 X-5.477093 Y0.000000 Z0.000000
G1 F788.946805 X-5.463943 Y0.000000 Z0.000000
G1 F789.755709 X-5.450781 Y0.000000 Z0.000000
G1 F790.562664 X-5.437605 Y0.000000 Z0.000000
G1 F791.367669 X-5.424415 Y0.000000 Z0.000000
G1 F792.170722 X-5.411213 Y0.000000 Z0.000000
G1 F792.971819 X-5.397996 Y0.000000 Z0.000000
G1 F793.770961 X-5.384767 Y0.000000 Z0.000000
G1 F794.568143 X-5.371524 Y0.000000 Z0.000000
G1 F795.363365 X-5.358268 Y0.000000 Z0.000000
G1 F796.156625 X-5.344999 Y0.000000 Z0.000000
G1 F796.947920 X-5.331716 Y0.000000 Z0.000000
G1 F797.737249 X-5.318421 Y0.000000 Z0.000000
G1 F798.524609 X-5.305112 Y0.000000 Z0.000000
G1 F799.310000 X-5.291790 Y0.000000 Z0.000000
G1 F800.093417 X-5.278455 Y0.000000 Z0.000000
G1 F800.874861 X-5.265107 Y0.000000 Z0.000000
G1 F801.654329 X-5.251746 Y0.000000 Z0.000000
G1 F802.431819 X-5.238372 Y0.000000 Z0.000000
G1 F803.207329 X-5.224986 Y0.000000 Z0.000000
G1 F803.980856 X-5.211586 Y0.000000 Z0.000000
G1 F804.752401 X-5.198173 Y0.000000 Z0.000000
G1 F805.521959 X-5.184748 Y0.000000 Z0.000000
G1 F806.289530 X-5.171310 Y0.000000 Z0.000000
G1 F807.055112 X-5.157859 Y0.000000 Z0.000000
G1 F807.818702 X-5.144395 Y0.000000 Z0.000000
G1 F808.580299 X-5.130919 Y0.000000 Z0.000000
G1 F809.339901 X-5.117430 Y0.000000 Z0.000000
G1 F810.097506 X-5.103928 Y0.000000 Z0.000000
G1 F810.853112 X-5.090414 Y0.000000 Z0.000000
G1 F811.606718 X-5.076887 Y0.000000 Z0.000000
G1 F812.358321 X-5.063348 Y0.000000 Z0.000000
G1 F813.107919 X-5.049796 Y0.000000 Z0.000000
G1 F813.855511 X-5.036232 Y0.000000 Z0.000000
G1 F814.601095 X-5.022655 Y0.000000 Z0.000000
G1 F815.344670 X-5.009066 Y0.000000 Z0.000000
G1 F816.086232 X-4.995465 Y0.000000 Z0.000000
G1 F816.825781 X-4.981851 Y0.000000 Z0.000000
G1 F817.563314 X-4.968225 Y0.000000 Z0.000000
G1 F818.298830 X-4.954587 Y0.000000 Z0.000000
G1 F819.032327 X-4.940936 Y0.000000 Z0.000000
G1 F819.763803 X-4.927273 Y0.000000 Z0.000000
G1 F820.493257 X-4.913599 Y0.000000 Z0.000000
G1 F821.220686 X-4.899912 Y0.000000 Z0.000000
G1 F821.946088 X-4.886212 Y0.000000 Z0.000000
G1 F822.669463 X-4.872501 Y0.000000 Z0.000000
G1 F823.390808 X-4.858778 Y0.000000 Z0.000000
G1 F824.110121 X-4.845043 Y0.000000 Z0.000000
G1 F824.827401 X-4.831296 Y0.000000 Z0.000000
G1 F825.542645 X-4.817537 Y0.000000 Z0.000000
G1 F826.255853 X-4.803766 Y0.000000 Z0.000000
G1 F826.967022 X-4.789983 Y0.000000 Z0.000000
G1 F827.676150 X-4.776188 Y0.000000 Z0.000000
G1 F828.383236 X-4.762382 Y0.000000 Z0.000000
G1 F829.088278 X-4.748564 Y0.000000 Z0.000000
G1 F829.791275 X-4.734734 Y0.000000 Z0.000000
G1 F830.492224 X-4.720893 Y0.000000 Z0.000000
G1 F831.191124 X-4.707039 Y0.000000 Z0.000000
G1 F831.887973 X-4.693175 Y0.000000 Z0.000000
G1 F832.582770 X-4.679298 Y0.000000 Z0.000000
G1 F833.275512 X-4.665410 Y0.000000 Z0.000000
G1 F833.966198 X-4.651511 Y0.000000 Z0.000000
G1 F834.654826 X-4.637600 Y0.000000 Z0.000000
G1 F835.341395 X-4.623678 Y0.000000 Z0.000000
G1 F836.025903 X-4.609744 Y0.000000 Z0.000000
G1 F836.708348 X-4.595799 Y0.000000 Z0.000000
G1 F837.388729 X-4.581842 Y0.000000 Z0.000000
G1 F838.067043 X-4.567874 Y0.000000 Z0.000000
G1 F838.743290 X-4.553895 Y0.000000 Z0.000000
G1 F839.417467 X-4.539905 Y0.000000 Z0.000000
G1 F840.089573 X-4.525904 Y0.000000 Z0.000000
G1 F840.759606 X-4.511891 Y0.000000 Z0.000000
G1 F841.427564 X-4.497867 Y0.000000 Z0.000000
G1 F842.093447 X-4.483832 Y0.000000 Z0.000000
G1 F842.757251 X-4.469786 Y0.000000 Z0.000000
G1 F843.418977 X-4.455729 Y0.000000 Z0.000000
G1 F844.078621 X-4.441661 Y0.000000 Z0.000000
G1 F844.736182 X-4.427582 Y0.000000 Z0.000000
G1 F845.391659 X-4.413492 Y0.000000 Z0.000000
G1 F846.045051 X-4.399392 Y0.000000 Z0.000000
G1 F846.696354 X-4.385280 Y0.000000 Z0.000000
G1 F847.345569 X-4.371158 Y0.000000 Z0.000000
G1 F847.992693 X-4.357024 Y0.000000 Z0.000000
G1 F848.637724 X-4.342880 Y0.000000 Z0.000000
G1 F849.280662 X-4.328726 Y0.000000 Z0.000000
G1 F849.921504 X-4.314560 Y0.000000 Z0.000000
G1 F850.560249 X-4.300384 Y0.000000 Z0.000000
G1 F851.196895 X-4.286198 Y0.000000 Z0.000000
G1 F851.831441 X-4.272001 Y0.000000 Z0.000000
G1 F852.463885 X-4.257793 Y0.000000 Z0.000000
G1 F853.094226 X-4.243575 Y0.000000 Z0.000000
G1 F853.722462 X-4.229346 Y0.000000 Z0.000000
G1 F854.348591 X-4.215107 Y0.000000 Z0.000000
G1 F854.972613 X-4.200857 Y0.000000 Z0.000000
G1 F855.594525 X-4.186597 Y0.000000 Z0.000000
G1 F856.214325 X-4.172327 Y0.000000 Z0.000000
G1 F856.832014 X-4.158047 Y0.000000 Z0.000000
G1 F857.447588 X-4.143756 Y0.000000 Z0.000000
G1 F858.061046 X-4.129455 Y0.000000 Z0.000000
G1 F858.672387 X-4.115144 Y0.000000 Z0.000000
G1 F859.281609 X-4.100822 Y0.000000 Z0.000000
G1 F859.888712 X-4.086491 Y0.000000 Z0.000000
G1 F860.493692 X-4.072149 Y0.000000 Z0.000000
G1 F861.096550 X-4.057798 Y0.000000 Z0.000000
G1 F861.697282 X-4.043436 Y0.000000 Z0.000000
G1 F862.295889 X-4.029064 Y0.000000 Z0.000000
G1 F862.892368 X-4.014683 Y0.000000 Z0.000000
G1 F863.486718 X-4.000291 Y0.000000 Z0.000000
G1 F864.078937 X-3.985890 Y0.000000 Z0.000000
G1 F864.669024 X-3.971479 Y0.000000 Z0.000000
G1 F865.256978 X-3.957058 Y0.000000 Z0.000000
G1 F865.842797 X-3.942627 Y0.000000 Z0.000000
G1 F866.426479 X-3.928187 Y0.000000 Z0.000000
G1 F867.008024 X-3.913737 Y0.000000 Z0.000000
G1 F867.587429 X-3.899277 Y0.000000 Z0.000000
G1 F868.164694 X-3.884807 Y0.000000 Z0.000000
G1 F868.739817 X-3.870328 Y0.000000 Z0.000000
G1 F869.312796 X-3.855840 Y0.000000 Z0.000000
G1 F869.883630 X-3.841342 Y0.000000 Z0.000000
G1 F870.452318 X-3.826834 Y0.000000 Z0.000000
G1 F871.018858 X-3.812317 Y0.000000 Z0.000000
G1 F871.583248 X-3.797791 Y0.000000 Z0.000000
G1 F872.145489 X-3.783255 Y0.000000 Z0.000000
G1 F872.705577 X-3.768710 Y0.000000 Z0.000000
G1 F873.263512 X-3.754156 Y0.000000 Z0.000000
G1 F873.819292 X-3.739592 Y0.000000 Z0.000000
G1 F874.372917 X-3.725019 Y0.000000 Z0.000000
G1 F874.924384 X-3.710437 Y0.000000 Z0.000000
G1 F875.473692 X-3.695846 Y0.000000 Z0.000000
G1 F876.020840 X-3.681246 Y0.000000 Z0.000000
G1 F876.565826 X-3.666636 Y0.000000 Z0.000000
G1 F877.108650 X-3.652018 Y0.000000 Z0.000000
G1 F877.649309 X-3.637390 Y0.000000 Z0.000000
G1 F878.187803 X-3.622754 Y0.000000 Z0.000000
G1 F878.724130 X-3.608108 Y0.000000 Z0.000000
G1 F879.258289 X-3.593454 Y0.000000 Z0.000000
G1 F879.790278 X-3.578791 Y0.000000 Z0.000000
G1 F880.320097 X-3.564119 Y0.000000 Z0.000000
G1 F880.847744 X-3.549438 Y0.000000 Z0.000000
G1 F881.373217 X-3.534748 Y0.000000 Z0.000000
G1 F881.896515 X-3.520050 Y0.000000 Z0.000000
G1 F882.417638 X-3.505343 Y0.000000 Z0.000000
G1 F882.936583 X-3.490628 Y0.000000 Z0.000000
G1 F883.453349 X-3.475903 Y0.000000 Z0.000000
G1 F883.967936 X-3.461171 Y0.000000 Z0.000000
G1 F884.480342 X-3.446429 Y0.000000 Z0.000000
G1 F884.990565 X-3.431679 Y0.000000 Z0.000000
G1 F885.498605 X-3.416921 Y0.000000 Z0.000000
G1 F886.004460 X-3.402154 Y0.000000 Z0.000000
G1 F886.508128 X-3.387379 Y0.000000 Z0.000000
G1 F887.009609 X-3.372596 Y0.000000 Z0.000000
G1 F887.508902 X-3.357804 Y0.000000 Z0.000000
G1 F888.006005 X-3.343004 Y0.000000 Z0.000000
G1 F888.500917 X-3.328195 Y0.000000 Z0.000000
G1 F888.993636 X-3.313379 Y0.000000 Z0.000000
G1 F889.484162 X-3.298554 Y0.000000 Z0.000000
G1 F889.972493 X-3.283721 Y0.000000 Z0.000000
G1 F890.458629 X-3.268880 Y0.000000 Z0.000000
G1 F890.942567 X-3.254031 Y0.000000 Z0.000000
G1 F891.424307 X-3.239174 Y0.000000 Z0.000000
G1 F891.903847 X-3.224309 Y0.000000 Z0.000000
G1 F892.381187 X-3.209436 Y0.000000 Z0.000000
G1 F892.856325 X-3.194555 Y0.000000 Z0.000000
G1 F893.329260 X-3.179666 Y0.000000 Z0.000000
G1 F893.799990 X-3.164770 Y0.000000 Z0.000000
G1 F894.268516 X-3.149865 Y0.000000 Z0.000000
G1 F894.734835 X-3.134953 Y0.000000 Z0.000000
G1 F895.198946 X-3.120033 Y0.000000 Z0.000000
G1 F895.660848 X-3.105105 Y0.000000 Z0.000000
G1 F896.120540 X-3.090170 Y0.000000 Z0.000000
G1 F896.578021 X-3.075227 Y0.000000 Z0.000000
G1 F897.033290 X-3.060276 Y0.000000 Z0.000000
G1 F897.486346 X-3.045318 Y0.000000 Z0.000000
G1 F897.937187 X-3.030353 Y0.000000 Z0.000000
G1 F898.385813 X-3.015380 Y0.000000 Z0.000000
G1 F898.832222 X-3.000399 Y0.000000 Z0.000000
G1 F899.276413 X-2.985411 Y0.000000 Z0.000000
G1 F899.718385 X-2.970416 Y0.000000 Z0.000000
G1 F900.158138 X-2.955413 Y0.000000 Z0.000000
G1 F900.595669 X-2.940403 Y0.000000 Z0.000000
G1 F901.030978 X-2.925386 Y0.000000 Z0.000000
G1 F901.464064 X-2.910362 Y0.000000 Z0.000000
G1 F901.894926 X-2.895330 Y0.000000 Z0.000000
G1 F902.323562 X-2.880291 Y0.000000 Z0.000000
G1 F902.749972 X-2.865246 Y0.000000 Z0.000000
G1 F903.174155 X-2.850193 Y0.000000 Z0.000000
G1 F903.596109 X-2.835133 Y0.000000 Z0.000000
G1 F904.015833 X-2.820066 Y0.000000 Z0.000000
G1 F904.433327 X-2.804992 Y0.000000 Z0.000000
G1 F904.848589 X-2.789911 Y0.000000 Z0.000000
G1 F905.261619 X-2.774823 Y0.000000 Z0.000000
G1 F905.672415 X-2.759729 Y0.000000 Z0.000000
G1 F906.080977 X-2.744627 Y0.000000 Z0.000000
G1 F906.487302 X-2.729519 Y0.000000 Z0.000000
G1 F906.891391 X-2.714404 Y0.000000 Z0.000000
G1 F907.293243 X-2.699283 Y0.000000 Z0.000000
G1 F907.692855 X-2.684155 Y0.000000 Z0.000000
G1 F908.090229 X-2.669020 Y0.000000 Z0.000000
G1 F908.485361 X-2.653878 Y0.000000 Z0.000000
G1 F908.878252 X-2.638730 Y0.000000 Z0.000000
G1 F909.268900 X-2.623576 Y0.000000 Z0.000000
G1 F909.657305 X-2.608415 Y0.000000 Z0.000000
G1 F910.043465 X-2.593248 Y0.000000 Z0.000000
G1 F910.427380 X-2.578074 Y0.000000 Z0.000000
G1 F910.809049 X-2.562894 Y0.000000 Z0.000000
G1 F911.188470 X-2.547707 Y0.000000 Z0.000000
G1 F911.565643 X-2.532514 Y0.000000 Z0.000000
G1 F911.940566 X-2.517315 Y0.000000 Z0.000000
G1 F912.313240 X-2.502110 Y0.000000 Z0.000000
G1 F912.683662 X-2.486899 Y0.000000 Z0.000000
G1 F913.051833 X-2.471681 Y0.000000 Z0.000000
G1 F913.417751 X-2.456458 Y0.000000 Z0.000000
G1 F913.781414 X-2.441228 Y0.000000 Z0.000000
G1 F914.142824 X-2.425992 Y0.000000 Z0.000000
G1 F914.501977 X-2.410751 Y0.000000 Z0.000000
G1 F914.858875 X-2.395503 Y0.000000 Z0.000000
G1 F915.213515 X-2.380249 Y0.000000 Z0.000000
G1 F915.565896 X-2.364990 Y0.000000 Z0.000000
G1 F915.916019 X-2.349725 Y0.000000 Z0.000000
G1 F916.263882 X-2.334454 Y0.000000 Z0.000000
G1 F916.609484 X-2.319177 Y0.000000 Z0.000000
G1 F916.952824 X-2.303894 Y0.000000 Z0.000000
G1 F917.293902 X-2.288606 Y0.000000 Z0.000000
G1 F917.632716 X-2.273312 Y0.000000 Z0.000000
G1 F917.969267 X-2.258013 Y0.000000 Z0.000000
G1 F918.303552 X-2.242708 Y0.000000 Z0.000000
G1 F918.635571 X-2.227397 Y0.000000 Z0.000000
G1 F918.965324 X-2.212081 Y0.000000 Z0.000000
G1 F919.292810 X-2.196759 Y0.000000 Z0.000000
G1 F919.618027 X-2.181432 Y0.000000 Z0.000000
G1 F919.940975 X-2.166100 Y0.000000 Z0.000000
G1 F920.261653 X-2.150762 Y0.000000 Z0.000000
G1 F920.580060 X-2.135419 Y0.000000 Z0.000000
G1 F920.896197 X-2.120071 Y0.000000 Z0.000000
G1 F921.210060 X-2.104718 Y0.000000 Z0.000000
G1 F921.521651 X-2.089359 Y0.000000 Z0.000000
G1 F921.830968 X-2.073995 Y0.000000 Z0.000000
G1 F922.138011 X-2.058626 Y0.000000 Z0.000000
G1 F922.442778 X-2.043252 Y0.000000 Z0.000000
G1 F922.745270 X-2.027873 Y0.000000 Z0.000000
G1 F923.045484 X-2.012489 Y0.000000 Z0.000000
G1 F923.343421 X-1.997100 Y0.000000 Z0.000000
G1 F923.639080 X-1.981706 Y0.000000 Z0.000000
G1 F923.932460 X-1.966307 Y0.000000 Z0.000000
G1 F924.223560 X-1.950903 Y0.000000 Z0.000000
G1 F924.512379 X-1.935495 Y0.000000 Z0.000000
G1 F924.798918 X-1.920081 Y0.000000 Z0.000000
G1 F925.083174 X-1.904663 Y0.000000 Z0.000000
G1 F925.365148 X-1.889241 Y0.000000 Z0.000000
G1 F925.644839 X-1.873813 Y0.000000 Z0.000000
G1 F925.922246 X-1.858381 Y0.000000 Z0.000000
G1 F926.197368 X-1.842944 Y0.000000 Z0.000000
G1 F926.470205 X-1.827503 Y0.000000 Z0.000000
G1 F926.740756 X-1.812058 Y0.000000 Z0.000000
G1 F927.009020 X-1.796607 Y0.000000 Z0.000000
G1 F927.274997 X-1.781153 Y0.000000 Z0.000000
G1 F927.538686 X-1.765694 Y0.000000 Z0.000000
G1 F927.800087 X-1.750231 Y0.000000 Z0.000000
G1 F928.059198 X-1.734763 Y0.000000 Z0.000000
G1 F928.316019 X-1.719291 Y0.000000 Z0.000000
G1 F928.570550 X-1.703815 Y0.000000 Z0.000000
G1 F928.822790 X-1.688334 Y0.000000 Z0.000000
G1 F929.072738 X-1.672850 Y0.000000 Z0.000000
G1 F929.320393 X-1.657361 Y0.000000 Z0.000000
G1 F929.565756 X-1.641868 Y0.000000 Z0.000000
G1 F929.808824 X-1.626372 Y0.000000 Z0.000000
G1 F930.049599 X-1.610871 Y0.000000 Z0.000000
G1 F930.288079 X-1.595366 Y0.000000 Z0.000000
G1 F930.524263 X-1.579857 Y0.000000 Z0.000000
G1 F930.758152 X-1.564345 Y0.000000 Z0.000000
G1 F930.989744 X-1.548828 Y0.000000 Z0.000000
G1 F931.219038 X-1.533308 Y0.000000 Z0.000000
G1 F931.446035 X-1.517784 Y0.000000 Z0.000000
G1 F931.670734 X-1.502256 Y0.000000 Z0.000000
G1 F931.893134 X-1.486724 Y0.000000 Z0.000000
G1 F932.113235 X-1.471189 Y0.000000 Z0.000000
G1 F932.331036 X-1.455650 Y0.000000 Z0.000000
G1 F932.546536 X-1.440108 Y0.000000 Z0.000000
G1 F932.759735 X-1.424562 Y0.000000 Z0.000000
G1 F932.970633 X-1.409012 Y0.000000 Z0.000000
G1 F933.179229 X-1.393459 Y0.000000 Z0.000000
G1 F933.385523 X-1.377903 Y0.000000 Z0.000000
G1 F933.589513 X-1.362343 Y0.000000 Z0.000000
G1 F933.791200 X-1.346780 Y0.000000 Z0.000000
G1 F933.990582 X-1.331213 Y0.000000 Z0.000000
G1 F934.187661 X-1.315644 Y0.000000 Z0.000000
G1 F934.382434 X-1.300071 Y0.000000 Z0.000000
G1 F934.574901 X-1.284494 Y0.000000 Z0.000000
G1 F934.765063 X-1.268915 Y0.000000 Z0.000000
G1 F934.952918 X-1.253332 Y0.000000 Z0.000000
G1 F935.138467 X-1.237747 Y0.000000 Z0.000000
G1 F935.321708 X-1.222158 Y0.000000 Z0.000000
G1 F935.502641 X-1.206566 Y0.000000 Z0.000000
G1 F935.681266 X-1.190972 Y0.000000 Z0.000000
G1 F935.857582 X-1.175374 Y0.000000 Z0.000000
G1 F936.031589 X-1.159773 Y0.000000 Z0.000000
G1 F936.203287 X-1.144170 Y0.000000 Z0.000000
G1 F936.372674 X-1.128564 Y0.000000 Z0.000000
G1 F936.539752 X-1.112955 Y0.000000 Z0.000000
G1 F936.704518 X-1.097343 Y0.000000 Z0.000000
G1 F936.866973 X-1.081729 Y0.000000 Z0.000000
G1 F937.027116 X-1.066112 Y0.000000 Z0.000000
G1 F937.184948 X-1.050492 Y0.000000 Z0.000000
G1 F937.340467 X-1.034869 Y0.000000 Z0.000000
G1 F937.493673 X-1.019245 Y0.000000 Z0.000000
G1 F937.644566 X-1.003617 Y0.000000 Z0.000000
G1 F937.793146 X-0.987987 Y0.000000 Z0.000000
G1 F937.939411 X-0.972355 Y0.000000 Z0.000000
G1 F938.083363 X-0.956720 Y0.000000 Z0.000000
G1 F938.225000 X-0.941083 Y0.000000 Z0.000000
G1 F938.364321 X-0.925444 Y0.000000 Z0.000000
G1 F938.501328 X-0.909802 Y0.000000 Z0.000000
G1 F938.636018 X-0.894158 Y0.000000 Z0.000000
G1 F938.768393 X-0.878512 Y0.000000 Z0.000000
G1 F938.898452 X-0.862864 Y0.000000 Z0.000000
G1 F939.026194 X-0.847213 Y0.000000 Z0.000000
G1 F939.151618 X-0.831561 Y0.000000 Z0.000000
G1 F939.274726 X-0.815906 Y0.000000 Z0.000000
G1 F939.395516 X-0.800250 Y0.000000 Z0.000000
G1 F939.513988 X-0.784591 Y0.000000 Z0.000000
G1 F939.630142 X-0.768930 Y0.000000 Z0.000000
G1 F939.743978 X-0.753268 Y0.000000 Z0.000000
G1 F939.855495 X-0.737604 Y0.000000 Z0.000000
G1 F939.964692 X-0.721938 Y0.000000 Z0.000000
G1 F940.071571 X-0.706270 Y0.000000 Z0.000000
G1 F940.176130 X-0.690600 Y0.000000 Z0.000000
G1 F940.278369 X-0.674929 Y0.000000 Z0.000000
G1 F940.378289 X-0.659256 Y0.000000 Z0.000000
G1 F940.475887 X-0.643581 Y0.000000 Z0.000000
G1 F940.571166 X-0.627905 Y0.000000 Z0.000000
G1 F940.664123 X-0.612227 Y0.000000 Z0.000000
G1 F940.754760 X-0.596548 Y0.000000 Z0.000000
G1 F940.843075 X-0.580867 Y0.000000 Z0.000000
G1 F940.929069 X-0.565185 Y0.000000 Z0.000000
G1 F941.012742 X-0.549502 Y0.000000 Z0.000000
G1 F941.094092 X-0.533817 Y0.000000 Z0.000000
G1 F941.173121 X-0.518131 Y0.000000 Z0.000000
G1 F941.249827 X-0.502443 Y0.000000 Z0.000000
G1 F941.324210 X-0.486754 Y0.000000 Z0.000000
G1 F941.396272 X-0.471065 Y0.000000 Z0.000000
G1 F941.466010 X-0.455373 Y0.000000 Z0.000000
G1 F941.533425 X-0.439681 Y0.000000 Z0.000000
G1 F941.598517 X-0.423988 Y0.000000 Z0.000000
G1 F941.661286 X-0.408294 Y0.000000 Z0.000000
G1 F941.721732 X-0.392598 Y0.000000 Z0.000000
G1 F941.779853 X-0.376902 Y0.000000 Z0.000000
G1 F941.835652 X-0.361205 Y0.000000 Z0.000000
G1 F941.889126 X-0.345506 Y0.000000 Z0.000000
G1 F941.940276 X-0.329807 Y0.000000 Z0.000000
G1 F941.989102 X-0.314108 Y0.000000 Z0.000000
G1 F942.035604 X-0.298407 Y0.000000 Z0.000000
G1 F942.079781 X-0.282706 Y0.000000 Z0.000000
G1 F942.121634 X-0.267004 Y0.000000 Z0.000000
G1 F942.161162 X-0.251301 Y0.000000 Z0.000000
G1 F942.198366 X-0.235598 Y0.000000 Z0.000000
G1 F942.233245 X-0.219894 Y0.000000 Z0.000000
G1 F942.265799 X-0.204189 Y0.000000 Z0.000000
G1 F942.296028 X-0.188484 Y0.000000 Z0.000000
G1 F942.323932 X-0.172779 Y0.000000 Z0.000000
G1 F942.349511 X-0.157073 Y0.000000 Z0.000000
G1 F942.372764 X-0.141367 Y0.000000 Z0.000000
G1 F942.393693 X-0.125660 Y0.000000 Z0.000000
G1 F942.412296 X-0.109954 Y0.000000 Z0.000000
G1 F942.428574 X-0.094246 Y0.000000 Z0.000000
G1 F942.442527 X-0.078539 Y0.000000 Z0.000000
G1 F942.454154 X-0.062831 Y0.000000 Z0.000000
G1 F942.463456 X-0.047124 Y0.000000 Z0.000000
G1 F942.470432 X-0.031416 Y0.000000 Z0.000000
G1 F942.475083 X-0.015708 Y0.000000 Z0.000000
G1 F942.477408 X-0.000000 Y0.000000 Z0.000000
G1 F942.477408 X0.015708 Y0.000000 Z0.000000
G1 F942.475083 X0.031416 Y0.000000 Z0.000000
G1 F942.470432 X0.047124 Y0.000000 Z0.000000
G1 F942.463456 X0.062831 Y0.000000 Z0.000000
G1 F942.454154 X0.078539 Y0.000000 Z0.000000
G1 F942.442527 X0.094246 Y0.000000 Z0.000000
G1 F942.428574 X0.109954 Y0.000000 Z0.000000
G1 F942.412296 X0.125660 Y0.000000 Z0.000000
G1 F942.393693 X0.141367 Y0.000000 Z0.000000
G1 F942.372764 X0.157073 Y0.000000 Z0.000000
G1 F942.349511 X0.172779 Y0.000000 Z0.000000
G1 F942.323932 X0.188484 Y0.000000 Z0.000000
G1 F942.296028 X0.204189 Y0.000000 Z0.000000
G1 F942.265799 X0.219894 Y0.000000 Z0.000000
G1 F942.233245 X0.235598 Y0.000000 Z0.000000
G1 F942.198366 X0.251301 Y0.000000 Z0.000000
G1 F942.161162 X0.267004 Y0.000000 Z0.000000
G1 F942.121634 X0.282706 Y0.000000 Z0.000000
G1 F942.079781 X0.298407 Y0.000000 Z0.000000
G1 F942.035604 X0.314108 Y0.000000 Z0.000000
G1 F941.989102 X0.329807 Y0.000000 Z0.000000
G1 F941.940276 X0.345506 Y0.000000 Z0.000000
G1 F941.889126 X0.361205 Y0.000000 Z0.000000
G1 F941.835652 X0.376902 Y0.000000 Z0.000000
G1 F941.779853 X0.392598 Y0.000000 Z0.000000
G1 F941.721732 X0.408294 Y0.000000 Z0.000000
G1 F941.661286 X0.423988 Y0.000000 Z0.000000
G1 F941.598517 X0.439681 Y0.000000 Z0.000000
G1 F941.533425 X0.455373 Y0.000000 Z0.000000
G1 F941.466010 X0.471065 Y0.000000 Z0.000000
G1 F941.396272 X0.486754 Y0.000000 Z0.000000
G1 F941.324210 X0.502443 Y0.000000 Z0.000000
G1 F941.249827 X0.518131 Y0.000000 Z0.000000
G1 F941.173121 X0.533817 Y0.000000 Z0.000000
G1 F941.094092 X0.549502 Y0.000000 Z0.000000
G1 F941.012742 X0.565185 Y0.000000 Z0.000000
G1 F940.929069 X0.580867 Y0.000000 Z0.000000
G1 F940.843075 X0.596548 Y0.000000 Z0.000000
G1 F940.754760 X0.612227 Y0.000000 Z0.000000
G1 F940.664123 X0.627905 Y0.000000 Z0.000000
G1 F940.571166 X0.643581 Y0.000000 Z0.000000
G1 F940.475887 X0.659256 Y0.000000 Z0.000000
G1 F940.378289 X0.674929 Y0.000000 Z0.000000
G1 F940.278369 X0.690600 Y0.000000 Z0.000000
G1 F940.176130 X0.706270 Y0.000000 Z0.000000
G1 F940.071571 X0.721938 Y0.000000 Z0.000000
G1 F939.964692 X0.737604 Y0.000000 Z0.000000
G1 F939.855495 X0.753268 Y0.000000 Z0.000000
G1 F939.743978 X0.768930 Y0.000000 Z0.000000
G1 F939.630142 X0.784591 Y0.000000 Z0.000000
G1 F939.513988 X0.800250 Y0.000000 Z0.000000
G1 F939.395516 X0.815906 Y0.000000 Z0.000000
G1 F939.274726 X0.831561 Y0.000000 Z0.000000
G1 F939.151618 X0.847213 Y0.000000 Z0.000000
G1 F939.026194 X0.862864 Y0.000000 Z0.000000
G1 F938.898452 X0.878512 Y0.000000 Z0.000000
G1 F938.768393 X0.894158 Y0.000000 Z0.000000
G1 F938.636018 X0.909802 Y0.000000 Z0.000000
G1 F938.501328 X0.925444 Y0.000000 Z0.000000
G1 F938.364321 X0.941083 Y0.000000 Z0.000000
G1 F938.225000 X0.956720 Y0.000000 Z0.000000
G1 F938.083363 X0.972355 Y0.000000 Z0.000000
G1 F937.939411 X0.987987 Y0.000000 Z0.000000
G1 F937.793146 X1.003617 Y0.000000 Z0.000000
G1 F937.644566 X1.019245 Y0.000000 Z0.000000
G1 F937.493673 X1.034869 Y0.000000 Z0.000000
G1 F937.340467 X1.050492 Y0.000000 Z0.000000
G1 F937.184948 X1.066112 Y0.000000 Z0.000000
G1 F937.027116 X1.081729 Y0.000000 Z0.000000
G1 F936.866973 X1.097343 Y0.000000 Z0.000000
G1 F936.704518 X1.112955 Y0.000000 Z0.000000
G1 F936.539752 X1.128564 Y0.000000 Z0.000000
G1 F936.372674 X1.144170 Y0.000000 Z0.000000
G1 F936.203287 X1.159773 Y0.000000 Z0.000000
G1 F936.031589 X1.175374 Y0.000000 Z0.000000
G1 F935.857582 X1.190972 Y0.000000 Z0.000000
G1 F935.681266 X1.206566 Y0.000000 Z0.000000
G1 F935.502641 X1.222158 Y0.000000 Z0.000000
G1 F935.321708 X1.237747 Y0.000000 Z0.000000
G1 F935.138467 X1.253332 Y0.000000 Z0.000000
G1 F934.952918 X1.268915 Y0.000000 Z0.000000
G1 F934.765063 X1.284494 Y0.000000 Z0.000000
G1 F934.574901 X1.300071 Y0.000000 Z0.000000
G1 F934.382434 X1.315644 Y0.000000 Z0.000000
G1 F934.187661 X1.331213 Y0.000000 Z0.000000
G1 F933.990582 X1.346780 Y0.000000 Z0.000000
G1 F933.791200 X1.362343 Y0.000000 Z0.000000
G1 F933.589513 X1.377903 Y0.000000 Z0.000000
G1 F933.385523 X1.393459 Y0.000000 Z0.000000
G1 F933.179229 X1.409012 Y0.000000 Z0.000000
G1 F932.970633 X1.424562 Y0.000000 Z0.000000
G1 F932.759735 X1.440108 Y0.000000 Z0.000000
G1 F932.546536 X1.455650 Y0.000000 Z0.000000
G1 F932.331036 X1.471189 Y0.000000 Z0.000000
G1 F932.113235 X1.486724 Y0.000000 Z0.000000
G1 F931.893134 X1.502256 Y0.000000 Z0.000000
G1 F931.670734 X1.517784 Y0.000000 Z0.000000
G1 F931.446035 X1.533308 Y0.000000 Z0.000000
G1 F931.219038 X1.548828 Y0.000000 Z0.000000
G1 F930.989744 X1.564345 Y0.000000 Z0.000000
G1 F930.758152 X1.579857 Y0.000000 Z0.000000
G1 F930.524263 X1.595366 Y0.000000 Z0.000000
G1 F930.288079 X1.610871 Y0.000000 Z0.000000
G1 F930.049599 X1.626372 Y0.000000 Z0.000000
G1 F929.808824 X1.641868 Y0.000000 Z0.000000
G1 F929.565756 X1.657361 Y0.000000 Z0.000000
G1 F929.320393 X1.672850 Y0.000000 Z0.000000
G1 F929.072738 X1.688334 Y0.000000 Z0.000000
G1 F928.822790 X1.703815 Y0.000000 Z0.000000
G1 F928.570550 X1.719291 Y0.000000 Z0.000000
G1 F928.316019 X1.734763 Y0.000000 Z0.000000
G1 F928.059198 X1.750231 Y0.000000 Z0.000000
G1 F927.800087 X1.765694 Y0.000000 Z0.000000
G1 F927.538686 X1.781153 Y0.000000 Z0.000000
G1 F927.274997 X1.796607 Y0.000000 Z0.000000
G1 F927.009020 X1.812058 Y0.000000 Z0.000000
G1 F926.740756 X1.827503 Y0.000000 Z0.000000
G1 F926.470205 X1.842944 Y0.000000 Z0.000000
G1 F926.197368 X1.858381 Y0.000000 Z0.000000
G1 F925.922246 X1.873813 Y0.000000 Z0.000000
G1 F925.644839 X1.889241 Y0.000000 Z0.000000
G1 F925.365148 X1.904663 Y0.000000 Z0.000000
G1 F925.083174 X1.920081 Y0.000000 Z0.000000
G1 F924.798918 X1.935495 Y0.000000 Z0.000000
G1 F924.512379 X1.950903 Y0.000000 Z0.000000
G1 F924.223560 X1.966307 Y0.000000 Z0.000000
G1 F923.932460 X1.981706 Y0.000000 Z0.000000
G1 F923.639080 X1.997100 Y0.000000 Z0.000000
G1 F923.343421 X2.012489 Y0.000000 Z0.000000
G1 F923.045484 X2.027873 Y0.000000 Z0.000000
G1 F922.745270 X2.043252 Y0.000000 Z0.000000
G1 F922.442778 X2.058626 Y0.000000 Z0.000000
G1 F922.138011 X2.073995 Y0.000000 Z0.000000
G1 F921.830968 X2.089359 Y0.000000 Z0.000000
G1 F921.521651 X2.104718 Y0.000000 Z0.000000
G1 F921.210060 X2.120071 Y0.000000 Z0.000000
G1 F920.896197 X2.135419 Y0.000000 Z0.000000
G1 F920.580060 X2.150762 Y0.000000 Z0.000000
G1 F920.261653 X2.166100 Y0.000000 Z0.000000
G1 F919.940975 X2.181432 Y0.000000 Z0.000000
G1 F919.618027 X2.196759 Y0.000000 Z0.000000
G1 F919.292810 X2.212081 Y0.000000 Z0.000000
G1 F918.965324 X2.227397 Y0.000000 Z0.000000
G1 F918.635571 X2.242708 Y0.000000 Z0.000000
G1 F918.303552 X2.258013 Y0.000000 Z0.000000
G1 F917.969267 X2.273312 Y0.000000 Z0.000000
G1 F917.632716 X2.288606 Y0.000000 Z0.000000
G1 F917.293902 X2.303894 Y0.000000 Z0.000000
G1 F916.952824 X2.319177 Y0.000000 Z0.000000
G1 F916.609484 X2.334454 Y0.000000 Z0.000000
G1 F916.263882 X2.349725 Y0.000000 Z0.000000
G1 F915.916019 X2.364990 Y0.000000 Z0.000000
G1 F915.565896 X2.380249 Y0.000000 Z0.000000
G1 F915.213515 X2.395503 Y0.000000 Z0.000000
G1 F914.858875 X2.410751 Y0.000000 Z0.000000
G1 F914.501977 X2.425992 Y0.000000 Z0.000000
G1 F914.142824 X2.441228 Y0.000000 Z0.000000
G1 F913.781414 X2.456458 Y0.000000 Z0.000000
G1 F913.417751 X2.471681 Y0.000000 Z0.000000
G1 F913.051833 X2.486899 Y0.000000 Z0.000000
G1 F912.683662 X2.502110 Y0.000000 Z0.000000
G1 F912.313240 X2.517315 Y0.000000 Z0.000000
G1 F911.940566 X2.532514 Y0.000000 Z0.000000
G1 F911.565643 X2.547707 Y0.000000 Z0.000000
G1 F911.188470 X2.562894 Y0.000000 Z0.000000
G1 F910.809049 X2.578074 Y0.000000 Z0.000000
G1 F910.427380 X2.593248 Y0.000000 Z0.000000
G1 F910.043465 X2.608415 Y0.000000 Z0.000000
G1 F909.657305 X2.623576 Y0.000000 Z0.000000
G1 F909.268900 X2.638730 Y0.000000 Z0.000000
G1 F908.878252 X2.653878 Y0.000000 Z0.000000
G1 F908.485361 X2.669020 Y0.000000 Z0.000000
G1 F908.090229 X2.684155 Y0.000000 Z0.000000
G1 F907.692855 X2.699283 Y0.000000 Z0.000000
G1 F907.293243 X2.714404 Y0.000000 Z0.000000
G1 F906.891391 X2.729519 Y0.000000 Z0.000000
G1 F906.487302 X2.744627 Y0.000000 Z0.000000
G1 F906.080977 X2.759729 Y0.000000 Z0.000000
G1 F905.672415 X2.774823 Y0.000000 Z0.000000
G1 F905.261619 X2.789911 Y0.000000 Z0.000000
G1 F904.848589 X2.804992 Y0.000000 Z0.000000
G1 F904.433327 X2.820066 Y0.000000 Z0.000000
G1 F904.015833 X2.835133 Y0.000000 Z0.000000
G1 F903.596109 X2.850193 Y0.000000 Z0.000000
G1 F903.174155 X2.865246 Y0.000000 Z0.000000
G1 F902.749972 X2.880291 Y0.000000 Z0.000000
G1 F902.323562 X2.895330 Y0.000000 Z0.000000
G1 F901.894926 X2.910362 Y0.000000 Z0.000000
G1 F901.464064 X2.925386 Y0.000000 Z0.000000
G1 F901.030978 X2.940403 Y0.000000 Z0.000000
G1 F900.595669 X2.955413 Y0.000000 Z0.000000
G1 F900.158138 X2.970416 Y0.000000 Z0.000000
G1 F899.718385 X2.985411 Y0.000000 Z0.000000
G1 F899.276413 X3.000399 Y0.000000 Z0.000000
G1 F898.832222 X3.015380 Y0.000000 Z0.000000
G1 F898.385813 X3.030353 Y0.000000 Z0.000000
G1 F897.937187 X3.045318 Y0.000000 Z0.000000
G1 F897.486346 X3.060276 Y0.000000 Z0.000000
G1 F897.033290 X3.075227 Y0.000000 Z0.000000
G1 F896.578021 X3.090170 Y0.000000 Z0.000000
G1 F896.120540 X3.105105 Y0.000000 Z0.000000
G1 F895.660848 X3.120033 Y0.000000 Z0.000000
G1 F895.198946 X3.134953 Y0.000000 Z0.000000
G1 F894.734835 X3.149865 Y0.000000 Z0.000000
G1 F894.268516 X3.164770 Y0.000000 Z0.000000
G1 F893.799990 X3.179666 Y0.000000 Z0.000000
G1 F893.329260 X3.194555 Y0.000000 Z0.000000
G1 F892.856325 X3.209436 Y0.000000 Z0.000000
G1 F892.381187 X3.224309 Y0.000000 Z0.000000
G1 F891.903847 X3.239174 Y0.000000 Z0.000000
G1 F891.424307 X3.254031 Y0.000000 Z0.000000
G1 F890.942567 X3.268880 Y0.000000 Z0.000000
G1 F890.458629 X3.283721 Y0.000000 Z0.000000
G1 F889.972493 X3.298554 Y0.000000 Z0.000000
G1 F889.484162 X3.313379 Y0.000000 Z0.000000
G1 F888.993636 X3.328195 Y0.000000 Z0.000000
G1 F888.500917 X3.343004 Y0.000000 Z0.000000
G1 F888.006005 X3.357804 Y0.000000 Z0.000000
G1 F887.508902 X3.372596 Y0.000000 Z0.000000
G1 F887.009609 X3.387379 Y0.000000 Z0.000000
G1 F886.508128 X3.402154 Y0.000000 Z0.000000
G1 F886.004460 X3.416921 Y0.000000 Z0.000000
G1 F885.498605 X3.431679 Y0.000000 Z0.000000
G1 F884.990565 X3.446429 Y0.000000 Z0.000000
G1 F884.480342 X3.461171 Y0.000000 Z0.000000
G1 F883.967936 X3.475903 Y0.000000 Z0.000000
G1 F883.453349 X3.490628 Y0.000000 Z0.000000
G1 F882.936583 X3.505343 Y0.000000 Z0.000000
G1 F882.417638 X3.520050 Y0.000000 Z0.000000
G1 F881.896515 X3.534748 Y0.000000 Z0.000000
G1 F881.373217 X3.549438 Y0.000000 Z0.000000
G1 F880.847744 X3.564119 Y0.000000 Z0.000000
G1 F880.320097 X3.578791 Y0.000000 Z0.000000
G1 F879.790278 X3.593454 Y0.000000 Z0.000000
G1 F879.258289 X3.608108 Y0.000000 Z0.000000
G1 F878.724130 X3.622754 Y0.000000 Z0.000000
G1 F878.187803 X3.637390 Y0.000000 Z0.000000
G1 F877.649309 X3.652018 Y0.000000 Z0.000000
G1 F877.108650 X3.666636 Y0.000000 Z0.000000
G1 F876.565826 X3.681246 Y0.000000 Z0.000000
G1 F876.020840 X3.695846 Y0.000000 Z0.000000
G1 F875.473692 X3.710437 Y0.000000 Z0.000000
G1 F874.924384 X3.725019 Y0.000000 Z0.000000
G1 F874.372917 X3.739592 Y0.000000 Z0.000000
G1 F873.819292 X3.754156 Y0.000000 Z0.000000
G1 F873.263512 X3.768710 Y0.000000 Z0.000000
G1 F872.705577 X3.783255 Y0.000000 Z0.000000
G1 F872.145489 X3.797791 Y0.000000 Z0.000000
G1 F871.583248 X3.812317 Y0.000000 Z0.000000
G1 F871.018858 X3.826834 Y0.000000 Z0.000000
G1 F870.452318 X3.841342 Y0.000000 Z0.000000
G1 F869.883630 X3.855840 Y0.000000 Z0.000000
G1 F869.312796 X3.870328 Y0.000000 Z0.000000
G1 F868.739817 X3.884807 Y0.000000 Z0.000000
G1 F868.164694 X3.899277 Y0.000000 Z0.000000
G1 F867.587429 X3.913737 Y0.000000 Z0.000000
G1 F867.008024 X3.928187 Y0.000000 Z0.000000
G1 F866.426479 X3.942627 Y0.000000 Z0.000000
G1 F865.842797 X3.957058 Y0.000000 Z0.000000
G1 F865.256978 X3.971479 Y0.000000 Z0.000000
G1 F864.669024 X3.985890 Y0.000000 Z0.000000
G1 F864.078937 X4.000291 Y0.000000 Z0.000000
G1 F863.486718 X4.014683 Y0.000000 Z0.000000
G1 F862.892368 X4.029064 Y0.000000 Z0.000000
G1 F862.295889 X4.043436 Y0.000000 Z0.000000
G1 F861.697282 X4.057798 Y0.000000 Z0.000000
G1 F861.096550 X4.072149 Y0.000000 Z0.000000
G1 F860.493692 X4.086491 Y0.000000 Z0.000000
G1 F859.888712 X4.100822 Y0.000000 Z0.000000
G1 F859.281609 X4.115144 Y0.000000 Z0.000000
G1 F858.672387 X4.129455 Y0.000000 Z0.000000
G1 F858.061046 X4.143756 Y0.000000 Z0.000000
G1 F857.447588 X4.158047 Y0.000000 Z0.000000
G1 F856.832014 X4.172327 Y0.000000 Z0.000000
G1 F856.214325 X4.186597 Y0.000000 Z0.000000
G1 F855.594525 X4.200857 Y0.000000 Z0.000000
G1 F854.972613 X4.215107 Y0.000000 Z0.000000
G1 F854.348591 X4.229346 Y0.000000 Z0.000000
G1 F853.722462 X4.243575 Y0.000000 Z0.000000
G1 F853.094226 X4.257793 Y0.000000 Z0.000000
G1 F852.463885 X4.272001 Y0.000000 Z0.000000
G1 F851.831441 X4.286198 Y0.000000 Z0.000000
G1 F851.196895 X4.300384 Y0.000000 Z0.000000
G1 F850.560249 X4.314560 Y0.000000 Z0.000000
G1 F849.921504 X4.328726 Y0.000000 Z0.000000
G1 F849.280662 X4.342880 Y0.000000 Z0.000000
G1 F848.637724 X4.357024 Y0.000000 Z0.000000
G1 F847.992693 X4.371158 Y0.000000 Z0.000000
G1 F847.345569 X4.385280 Y0.000000 Z0.000000
G1 F846.696354 X4.399392 Y0.000000 Z0.000000
G1 F846.045051 X4.413492 Y0.000000 Z0.000000
G1 F845.391659 X4.427582 Y0.000000 Z0.000000
G1 F844.736182 X4.441661 Y0.000000 Z0.000000
G1 F844.078621 X4.455729 Y0.000000 Z0.000000
G1 F843.418977 X4.469786 Y0.000000 Z0.000000
G1 F842.757251 X4.483832 Y0.000000 Z0.000000
G1 F842.093447 X4.497867 Y0.000000 Z0.000000
G1 F841.427564 X4.511891 Y0.000000 Z0.000000
G1 F840.759606 X4.525904 Y0.000000 Z0.000000
G1 F840.089573 X4.539905 Y0.000000 Z0.000000
G1 F839.417467 X4.553895 Y0.000000 Z0.000000
G1 F838.743290 X4.567874 Y0.000000 Z0.000000
G1 F838.067043 X4.581842 Y0.000000 Z0.000000
G1 F837.388729 X4.595799 Y0.000000 Z0.000000
G1 F836.708348 X4.609744 Y0.000000 Z0.000000
G1 F836.025903 X4.623678 Y0.000000 Z0.000000
G1 F835.341395 X4.637600 Y0.000000 Z0.000000
G1 F834.654826 X4.651511 Y0.000000 Z0.000000
G1 F833.966198 X4.665410 Y0.000000 Z0.000000
G1 F833.275512 X4.679298 Y0.000000 Z0.000000
G1 F832.582770 X4.693175 Y0.000000 Z0.000000
G1 F831.887973 X4.707039 Y0.000000 Z0.000000
G1 F831.191124 X4.720893 Y0.000000 Z0.000000
G1 F830.492224 X4.734734 Y0.000000 Z0.000000
G1 F829.791275 X4.748564 Y0.000000 Z0.000000
G1 F829.088278 X4.762382 Y0.000000 Z0.000000
G1 F828.383236 X4.776188 Y0.000000 Z0.000000
G1 F827.676150 X4.789983 Y0.000000 Z0.000000
G1 F826.967022 X4.803766 Y0.000000 Z0.000000
G1 F826.255853 X4.817537 Y0.000000 Z0.000000
G1 F825.542645 X4.831296 Y0.000000 Z0.000000
G1 F824.827401 X4.845043 Y0.000000 Z0.000000
G1 F824.110121 X4.858778 Y0.000000 Z0.000000
G1 F823.390808 X4.872501 Y0.000000 Z0.000000
G1 F822.669463 X4.886212 Y0.000000 Z0.000000
G1 F821.946088 X4.899912 Y0.000000 Z0.000000
G1 F821.220686 X4.913599 Y0.000000 Z0.000000
G1 F820.493257 X4.927273 Y0.000000 Z0.000000
G1 F819.763803 X4.940936 Y0.000000 Z0.000000
G1 F819.032327 X4.954587 Y0.000000 Z0.000000
G1 F818.298830 X4.968225 Y0.000000 Z0.000000
G1 F817.563314 X4.981851 Y0.000000 Z0.000000
G1 F816.825781 X4.995465 Y0.000000 Z0.000000
G1 F816.086232 X5.009066 Y0.000000 Z0.000000
G1 F815.344670 X5.022655 Y0.000000 Z0.000000
G1 F814.601095 X5.036232 Y0.000000 Z0.000000
G1 F813.855511 X5.049796 Y0.000000 Z0.000000
G1 F813.107919 X5.063348 Y0.000000 Z0.000000
G1 F812.358321 X5.076887 Y0.000000 Z0.000000
G1 F811.606718 X5.090414 Y0.000000 Z0.000000
G1 F810.853112 X5.103928 Y0.000000 Z0.000000
G1 F810.097506 X5.117430 Y0.000000 Z0.000000
G1 F809.339901 X5.130919 Y0.000000 Z0.000000
G1 F808.580299 X5.144395 Y0.000000 Z0.000000
G1 F807.818702 X5.157859 Y0.000000 Z0.000000
G1 F807.055112 X5.171310 Y0.000000 Z0.000000
G1 F806.289530 X5.184748 Y0.000000 Z0.000000
G1 F805.521959 X5.198173 Y0.000000 Z0.000000
G1 F804.752401 X5.211586 Y0.000000 Z0.000000
G1 F803.980856 X5.224986 Y0.000000 Z0.000000
G1 F803.207329 X5.238372 Y0.000000 Z0.000000
G1 F802.431819 X5.251746 Y0.000000 Z0.000000
G1 F801.654329 X5.265107 Y0.000000 Z0.000000
G1 F800.874861 X5.278455 Y0.000000 Z0.000000
G1 F800.093417 X5.291790 Y0.000000 Z0.000000
G1 F799.310000 X5.305112 Y0.000000 Z0.000000
G1 F798.524609 X5.318421 Y0.000000 Z0.000000
G1 F797.737249 X5.331716 Y0.000000 Z0.000000
G1 F796.947920 X5.344999 Y0.000000 Z0.000000
G1 F796.156625 X5.358268 Y0.000000 Z0.000000
G1 F795.363365 X5.371524 Y0.000000 Z0.000000
G1 F794.568143 X5.384767 Y0.000000 Z0.000000
G1 F793.770961 X5.397996 Y0.000000 Z0.000000
G1 F792.971819 X5.411213 Y0.000000 Z0.000000
G1 F792.170722 X5.424415 Y0.000000 Z0.000000
G1 F791.367669 X5.437605 Y0.000000 Z0.000000
G1 F790.562664 X5.450781 Y0.000000 Z0.000000
G1 F789.755709 X5.463943 Y0.000000 Z0.000000
G1 F788.946805 X5.477093 Y0.000000 Z0.000000
G1 F788.135954 X5.490228 Y0.000000 Z0.000000
G1 F787.323158 X5.503350 Y0.000000 Z0.000000
G1 F786.508420 X5.516459 Y0.000000 Z0.000000
G1 F785.691741 X5.529554 Y0.000000 Z0.000000
G1 F784.873124 X5.542635 Y0.000000 Z0.000000
G1 F784.052570 X5.555702 Y0.000000 Z0.000000
G1 F783.230081 X5.568756 Y0.000000 Z0.000000
G1 F782.405660 X5.581796 Y0.000000 Z0.000000
G1 F781.579308 X5.594823 Y0.000000 Z0.000000
G1 F780.751028 X5.607835 Y0.000000 Z0.000000
G1 F779.920822 X5.620834 Y0.000000 Z0.000000
G1 F779.088691 X5.633819 Y0.000000 Z0.000000
G1 F778.254638 X5.646790 Y0.000000 Z0.000000
G1 F777.418664 X5.659746 Y0.000000 Z0.000000
G1 F776.580772 X5.672689 Y0.000000 Z0.000000
G1 F775.740965 X5.685619 Y0.000000 Z0.000000
G1 F774.899243 X5.698533 Y0.000000 Z0.000000
G1 F774.055609 X5.711434 Y0.000000 Z0.000000
G1 F773.210065 X5.724321 Y0.000000 Z0.000000
G1 F772.362613 X5.737194 Y0.000000 Z0.000000
G1 F771.513256 X5.750053 Y0.000000 Z0.000000
G1 F770.661995 X5.762897 Y0.000000 Z0.000000
G1 F769.808832 X5.775727 Y0.000000 Z0.000000
G1 F768.953771 X5.788543 Y0.000000 Z0.000000
G1 F768.096811 X5.801345 Y0.000000 Z0.000000
G1 F767.237957 X5.814132 Y0.000000 Z0.000000
G1 F766.377209 X5.826905 Y0.000000 Z0.000000
G1 F765.514571 X5.839663 Y0.000000 Z0.000000
G1 F764.650043 X5.852408 Y0.000000 Z0.000000
G1 F763.783629 X5.865137 Y0.000000 Z0.000000
G1 F762.915331 X5.877853 Y0.000000 Z0.000000
G1 F762.045150 X5.890553 Y0.000000 Z0.000000
G1 F761.173089 X5.903239 Y0.000000 Z0.000000
G1 F760.299149 X5.915911 Y0.000000 Z0.000000
G1 F759.423334 X5.928568 Y0.000000 Z0.000000
G1 F758.545645 X5.941211 Y0.000000 Z0.000000
G1 F757.666084 X5.953838 Y0.000000 Z0.000000
G1 F756.784654 X5.966451 Y0.000000 Z0.000000
G1 F755.901356 X5.979050 Y0.000000 Z0.000000
G1 F755.016193 X5.991633 Y0.000000 Z0.000000
G1 F754.129168 X6.004202 Y0.000000 Z0.000000
G1 F753.240281 X6.016756 Y0.000000 Z0.000000
G1 F752.349537 X6.029295 Y0.000000 Z0.000000
G1 F751.456935 X6.041820 Y0.000000 Z0.000000
G1 F750.562480 X6.054329 Y0.000000 Z0.000000
G1 F749.666173 X6.066824 Y0.000000 Z0.000000
G1 F748.768016 X6.079303 Y0.000000 Z0.000000
G1 F747.868011 X6.091767 Y0.000000 Z0.000000
G1 F746.966161 X6.104217 Y0.000000 Z0.000000
G1 F746.062468 X6.116651 Y0.000000 Z0.000000
G1 F745.156935 X6.129071 Y0.000000 Z0.000000
G1 F744.249562 X6.141475 Y0.000000 Z0.000000
G1 F743.340354 X6.153864 Y0.000000 Z0.000000
G1 F742.429311 X6.166238 Y0.000000 Z0.000000
G1 F741.516436 X6.178596 Y0.000000 Z0.000000
G1 F740.601732 X6.190939 Y0.000000 Z0.000000
G1 F739.685200 X6.203268 Y0.000000 Z0.000000
G1 F738.766843 X6.215580 Y0.000000 Z0.000000
G1 F737.846664 X6.227878 Y0.000000 Z0.000000
G1 F736.924664 X6.240160 Y0.000000 Z0.000000
G1 F736.000845 X6.252427 Y0.000000 Z0.000000
G1 F735.075211 X6.264678 Y0.000000 Z0.000000
G1 F734.147762 X6.276914 Y0.000000 Z0.000000
G1 F733.218503 X6.289134 Y0.000000 Z0.000000
G1 F732.287434 X6.301339 Y0.000000 Z0.000000
G1 F731.354558 X6.313528 Y0.000000 Z0.000000
G1 F730.419878 X6.325702 Y0.000000 Z0.000000
G1 F729.483396 X6.337860 Y0.000000 Z0.000000
G1 F728.545114 X6.350002 Y0.000000 Z0.000000
G1 F727.605034 X6.362129 Y0.000000 Z0.000000
G1 F726.663158 X6.374240 Y0.000000 Z0.000000
G1 F725.719490 X6.386335 Y0.000000 Z0.000000
G1 F724.774031 X6.398415 Y0.000000 Z0.000000
G1 F723.826784 X6.410479 Y0.000000 Z0.000000
G1 F722.877751 X6.422527 Y0.000000 Z0.000000
G1 F721.926934 X6.434559 Y0.000000 Z0.000000
G1 F720.974336 X6.446575 Y0.000000 Z0.000000
G1 F720.019959 X6.458575 Y0.000000 Z0.000000
G1 F719.063806 X6.470560 Y0.000000 Z0.000000
G1 F718.105878 X6.482528 Y0.000000 Z0.000000
G1 F717.146178 X6.494480 Y0.000000 Z0.000000
G1 F716.184709 X6.506417 Y0.000000 Z0.000000
G1 F715.221473 X6.518337 Y0.000000 Z0.000000
G1 F714.256472 X6.530242 Y0.000000 Z0.000000
G1 F713.289709 X6.542130 Y0.000000 Z0.000000
G1 F712.321186 X6.554002 Y0.000000 Z0.000000
G1 F711.350905 X6.565858 Y0.000000 Z0.000000
G1 F710.378869 X6.577697 Y0.000000 Z0.000000
G1 F709.405080 X6.589521 Y0.000000 Z0.000000
G1 F708.429541 X6.601328 Y0.000000 Z0.000000
G1 F707.452253 X6.613119 Y0.000000 Z0.000000
G1 F706.473221 X6.624893 Y0.000000 Z0.000000
G1 F705.492445 X6.636651 Y0.000000 Z0.000000
G1 F704.509928 X6.648393 Y0.000000 Z0.000000
G1 F703.525673 X6.660119 Y0.000000 Z0.000000
G1 F702.539682 X6.671828 Y0.000000 Z0.000000
G1 F701.551958 X6.683520 Y0.000000 Z0.000000
G1 F700.562503 X6.695196 Y0.000000 Z0.000000
G1 F699.571319 X6.706856 Y0.000000 Z0.000000
G1 F698.578409 X6.718499 Y0.000000 Z0.000000
G1 F697.583775 X6.730125 Y0.000000 Z0.000000
G1 F696.587420 X6.741735 Y0.000000 Z0.000000
G1 F695.589347 X6.753328 Y0.000000 Z0.000000
G1 F694.589557 X6.764905 Y0.000000 Z0.000000
G1 F693.588053 X6.776464 Y0.000000 Z0.000000
G1 F692.584838 X6.788007 Y0.000000 Z0.000000
G1 F691.579914 X6.799534 Y0.000000 Z0.000000
G1 F690.573283 X6.811043 Y0.000000 Z0.000000
G1 F689.564949 X6.822536 Y0.000000 Z0.000000
G1 F688.554913 X6.834012 Y0.000000 Z0.000000
G1 F687.543178 X6.845471 Y0.000000 Z0.000000
G1 F686.529747 X6.856913 Y0.000000 Z0.000000
G1 F685.514622 X6.868338 Y0.000000 Z0.000000
G1 F684.497806 X6.879747 Y0.000000 Z0.000000
G1 F683.479300 X6.891138 Y0.000000 Z0.000000
G1 F682.459108 X6.902512 Y0.000000 Z0.000000
G1 F681.437232 X6.913870 Y0.000000 Z0.000000
G1 F680.413675 X6.925210 Y0.000000 Z0.000000
G1 F679.388439 X6.936533 Y0.000000 Z0.000000
G1 F678.361527 X6.947839 Y0.000000 Z0.000000
G1 F677.332941 X6.959128 Y0.000000 Z0.000000
G1 F676.302683 X6.970400 Y0.000000 Z0.000000
G1 F675.270757 X6.981654 Y0.000000 Z0.000000
G1 F674.237165 X6.992891 Y0.000000 Z0.000000
G1 F673.201909 X7.004112 Y0.000000 Z0.000000
G1 F672.164992 X7.015314 Y0.000000 Z0.000000
G1 F671.126417 X7.026500 Y0.000000 Z0.000000
G1 F670.086185 X7.037668 Y0.000000 Z0.000000
G1 F669.044301 X7.048819 Y0.000000 Z0.000000
G1 F668.000765 X7.059952 Y0.000000 Z0.000000
G1 F666.955581 X7.071068 Y0.000000 Z0.000000
G1 F665.908752 X7.082166 Y0.000000 Z0.000000
G1 F664.860279 X7.093247 Y0.000000 Z0.000000
G1 F663.810167 X7.104311 Y0.000000 Z0.000000
G1 F662.758416 X7.115357 Y0.000000 Z0.000000
G1 F661.705030 X7.126385 Y0.000000 Z0.000000
G1 F660.650011 X7.137396 Y0.000000 Z0.000000
G1 F659.593362 X7.148389 Y0.000000 Z0.000000
G1 F658.535085 X7.159365 Y0.000000 Z0.000000
G1 F657.475184 X7.170323 Y0.000000 Z0.000000
G1 F656.413661 X7.181263 Y0.000000 Z0.000000
G1 F655.350517 X7.192185 Y0.000000 Z0.000000
G1 F654.285757 X7.203090 Y0.000000 Z0.000000
G1 F653.219383 X7.213977 Y0.000000 Z0.000000
G1 F652.151396 X7.224846 Y0.000000 Z0.000000
G1 F651.081801 X7.235698 Y0.000000 Z0.000000
G1 F650.010599 X7.246531 Y0.000000 Z0.000000
G1 F648.937793 X7.257347 Y0.000000 Z0.000000
G1 F647.863386 X7.268145 Y0.000000 Z0.000000
G1 F646.787381 X7.278924 Y0.000000 Z0.000000
G1 F645.709780 X7.289686 Y0.000000 Z0.000000
G1 F644.630585 X7.300430 Y0.000000 Z0.000000
G1 F643.549800 X7.311156 Y0.000000 Z0.000000
G1 F642.467427 X7.321864 Y0.000000 Z0.000000
G1 F641.383469 X7.332553 Y0.000000 Z0.000000
G1 F640.297928 X7.343225 Y0.000000 Z0.000000
G1 F639.210807 X7.353879 Y0.000000 Z0.000000
G1 F638.122109 X7.364514 Y0.000000 Z0.000000
G1 F637.031837 X7.375131 Y0.000000 Z0.000000
G1 F635.939993 X7.385730 Y0.000000 Z0.000000
G1 F634.846579 X7.396311 Y0.000000 Z0.000000
G1 F633.751600 X7.406873 Y0.000000 Z0.000000
G1 F632.655056 X7.417418 Y0.000000 Z0.000000
G1 F631.556952 X7.427944 Y0.000000 Z0.000000
G1 F630.457289 X7.438451 Y0.000000 Z0.000000
G1 F629.356071 X7.448941 Y0.000000 Z0.000000
G1 F628.253300 X7.459411 Y0.000000 Z0.000000
G1 F627.148978 X7.469864 Y0.000000 Z0.000000
G1 F626.043109 X7.480298 Y0.000000 Z0.000000
G1 F624.935696 X7.490714 Y0.000000 Z0.000000
G1 F623.826740 X7.501111 Y0.000000 Z0.000000
G1 F622.716246 X7.511489 Y0.000000 Z0.000000
G1 F621.604214 X7.521849 Y0.000000 Z0.000000
G1 F620.490650 X7.532191 Y0.000000 Z0.000000
G1 F619.375554 X7.542514 Y0.000000 Z0.000000
G1 F618.258929 X7.552818 Y0.000000 Z0.000000
G1 F617.140780 X7.563104 Y0.000000 Z0.000000
G1 F616.021107 X7.573371 Y0.000000 Z0.000000
G1 F614.899915 X7.583619 Y0.000000 Z0.000000
G1 F613.777205 X7.593849 Y0.000000 Z0.000000
G1 F612.652981 X7.604060 Y0.000000 Z0.000000
G1 F611.527246 X7.614252 Y0.000000 Z0.000000
G1 F610.400001 X7.624425 Y0.000000 Z0.000000
G1 F609.271250 X7.634580 Y0.000000 Z0.000000
G1 F608.140997 X7.644715 Y0.000000 Z0.000000
G1 F607.009242 X7.654832 Y0.000000 Z0.000000
G1 F605.875990 X7.664930 Y0.000000 Z0.000000
G1 F604.741243 X7.675009 Y0.000000 Z0.000000
G1 F603.605003 X7.685069 Y0.000000 Z0.000000
G1 F602.467275 X7.695110 Y0.000000 Z0.000000
G1 F601.328059 X7.705132 Y0.000000 Z0.000000
G1 F600.187361 X7.715136 Y0.000000 Z0.000000
G1 F598.473352 X7.735085 Y0.000000 Z0.000000
G1 F596.183087 X7.754957 Y0.000000 Z0.000000
G1 F593.886938 X7.774754 Y0.000000 Z0.000000
G1 F591.584928 X7.794473 Y0.000000 Z0.000000
G1 F589.277078 X7.814116 Y0.000000 Z0.000000
G1 F586.963413 X7.833681 Y0.000000 Z0.000000
G1 F584.643955 X7.853169 Y0.000000 Z0.000000
G1 F582.318727 X7.872580 Y0.000000 Z0.000000
G1 F579.987751 X7.891913 Y0.000000 Z0.000000
G1 F577.651052 X7.911168 Y0.000000 Z0.000000
G1 F575.308651 X7.930345 Y0.000000 Z0.000000
G1 F572.960572 X7.949444 Y0.000000 Z0.000000
G1 F570.606838 X7.968464 Y0.000000 Z0.000000
G1 F568.247472 X7.987405 Y0.000000 Z0.000000
G1 F565.882498 X8.006268 Y0.000000 Z0.000000
G1 F563.511939 X8.025052 Y0.000000 Z0.000000
G1 F561.135818 X8.043756 Y0.000000 Z0.000000
G1 F558.754159 X8.062381 Y0.000000 Z0.000000
G1 F556.366986 X8.080927 Y0.000000 Z0.000000
G1 F553.974321 X8.099393 Y0.000000 Z0.000000
G1 F551.576189 X8.117779 Y0.000000 Z0.000000
G1 F549.172613 X8.136084 Y0.000000 Z0.000000
G1 F546.763617 X8.154310 Y0.000000 Z0.000000
G1 F544.349225 X8.172455 Y0.000000 Z0.000000
G1 F541.929460 X8.190519 Y0.000000 Z0.000000
G1 F539.504346 X8.208503 Y0.000000 Z0.000000
G1 F537.073908 X8.226405 Y0.000000 Z0.000000
G1 F534.638169 X8.244226 Y0.000000 Z0.000000
G1 F532.197153 X8.261966 Y0.000000 Z0.000000
G1 F529.750885 X8.279625 Y0.000000 Z0.000000
G1 F527.299389 X8.297201 Y0.000000 Z0.000000
G1 F524.842688 X8.314696 Y0.000000 Z0.000000
G1 F522.380807 X8.332109 Y0.000000 Z0.000000
G1 F519.913771 X8.349439 Y0.000000 Z0.000000
G1 F517.441603 X8.366687 Y0.000000 Z0.000000
G1 F514.964328 X8.383853 Y0.000000 Z0.000000
G1 F512.481971 X8.400936 Y0.000000 Z0.000000
G1 F509.994555 X8.417935 Y0.000000 Z0.000000
G1 F507.502107 X8.434852 Y0.000000 Z0.000000
G1 F505.004649 X8.451686 Y0.000000 Z0.000000
G1 F502.502207 X8.468436 Y0.000000 Z0.000000
G1 F499.994806 X8.485102 Y0.000000 Z0.000000
G1 F497.482470 X8.501685 Y0.000000 Z0.000000
G1 F494.965224 X8.518184 Y0.000000 Z0.000000
G1 F492.443093 X8.534599 Y0.000000 Z0.000000
G1 F489.916102 X8.550929 Y0.000000 Z0.000000
G1 F487.384275 X8.567175 Y0.000000 Z0.000000
G1 F484.847639 X8.583337 Y0.000000 Z0.000000
G1 F482.306217 X8.599414 Y0.000000 Z0.000000
G1 F479.760034 X8.615406 Y0.000000 Z0.000000
G1 F477.209117 X8.631313 Y0.000000 Z0.000000
G1 F474.653490 X8.647134 Y0.000000 Z0.000000
G1 F472.093178 X8.662871 Y0.000000 Z0.000000
G1 F469.528207 X8.678522 Y0.000000 Z0.000000
G1 F466.958602 X8.694087 Y0.000000 Z0.000000
G1 F464.384388 X8.709567 Y0.000000 Z0.000000
G1 F461.805591 X8.724960 Y0.000000 Z0.000000
G1 F459.222236 X8.740267 Y0.000000 Z0.000000
G1 F456.634348 X8.755489 Y0.000000 Z0.000000
G1 F454.041954 X8.770623 Y0.000000 Z0.000000
G1 F451.445079 X8.785672 Y0.000000 Z0.000000
G1 F448.843748 X8.800633 Y0.000000 Z0.000000
G1 F446.237987 X8.815508 Y0.000000 Z0.000000
G1 F443.627822 X8.830295 Y0.000000 Z0.000000
G1 F441.013279 X8.844996 Y0.000000 Z0.000000
G1 F438.394383 X8.859609 Y0.000000 Z0.000000
G1 F435.771160 X8.874134 Y0.000000 Z0.000000
G1 F433.143636 X8.888573 Y0.000000 Z0.000000
G1 F430.511837 X8.902923 Y0.000000 Z0.000000
G1 F427.875790 X8.917186 Y0.000000 Z0.000000
G1 F425.235519 X8.931360 Y0.000000 Z0.000000
G1 F422.591052 X8.945446 Y0.000000 Z0.000000
G1 F419.942413 X8.959444 Y0.000000 Z0.000000
G1 F417.289630 X8.973354 Y0.000000 Z0.000000
G1 F414.632729 X8.987175 Y0.000000 Z0.000000
G1 F411.971735 X9.000908 Y0.000000 Z0.000000
G1 F409.306675 X9.014551 Y0.000000 Z0.000000
G1 F406.637576 X9.028106 Y0.000000 Z0.000000
G1 F403.964463 X9.041571 Y0.000000 Z0.000000
G1 F401.287363 X9.054947 Y0.000000 Z0.000000
G1 F398.606303 X9.068234 Y0.000000 Z0.000000
G1 F395.921309 X9.081432 Y0.000000 Z0.000000
G1 F393.232407 X9.094539 Y0.000000 Z0.000000
G1 F390.539624 X9.107557 Y0.000000 Z0.000000
G1 F387.842986 X9.120486 Y0.000000 Z0.000000
G1 F385.142521 X9.133324 Y0.000000 Z0.000000
G1 F382.438254 X9.146072 Y0.000000 Z0.000000
G1 F379.730213 X9.158729 Y0.000000 Z0.000000
G1 F377.018425 X9.171297 Y0.000000 Z0.000000
G1 F374.302915 X9.183773 Y0.000000 Z0.000000
G1 F371.583711 X9.196159 Y0.000000 Z0.000000
G1 F368.860839 X9.208455 Y0.000000 Z0.000000
G1 F366.134327 X9.220659 Y0.000000 Z0.000000
G1 F363.404202 X9.232773 Y0.000000 Z0.000000
G1 F360.670490 X9.244795 Y0.000000 Z0.000000
G1 F357.933218 X9.256726 Y0.000000 Z0.000000
G1 F355.192413 X9.268566 Y0.000000 Z0.000000
G1 F352.448103 X9.280314 Y0.000000 Z0.000000
G1 F349.700314 X9.291971 Y0.000000 Z0.000000
G1 F346.949074 X9.303536 Y0.000000 Z0.000000
G1 F344.194410 X9.315009 Y0.000000 Z0.000000
G1 F341.436349 X9.326390 Y0.000000 Z0.000000
G1 F338.674918 X9.337679 Y0.000000 Z0.000000
G1 F335.910144 X9.348876 Y0.000000 Z0.000000
G1 F333.142055 X9.359981 Y0.000000 Z0.000000
G1 F330.370678 X9.370993 Y0.000000 Z0.000000
G1 F327.596040 X9.381913 Y0.000000 Z0.000000
G1 F324.818169 X9.392741 Y0.000000 Z0.000000
G1 F322.037092 X9.403475 Y0.000000 Z0.000000
G1 F319.252837 X9.414117 Y0.000000 Z0.000000
G1 F316.465431 X9.424666 Y0.000000 Z0.000000
G1 F313.674902 X9.435122 Y0.000000 Z0.000000
G1 F310.881277 X9.445484 Y0.000000 Z0.000000
G1 F308.084583 X9.455754 Y0.000000 Z0.000000
G1 F305.284849 X9.465930 Y0.000000 Z0.000000
G1 F302.482102 X9.476013 Y0.000000 Z0.000000
G1 F298.974319 X9.490961 Y0.000000 Z0.000000
G1 F294.759085 X9.505699 Y0.000000 Z0.000000
G1 F290.537306 X9.520226 Y0.000000 Z0.000000
G1 F286.309075 X9.534542 Y0.000000 Z0.000000
G1 F282.074486 X9.548645 Y0.000000 Z0.000000
G1 F277.833632 X9.562537 Y0.000000 Z0.000000
G1 F273.586610 X9.576216 Y0.000000 Z0.000000
G1 F269.333512 X9.589683 Y0.000000 Z0.000000
G1 F265.074432 X9.602937 Y0.000000 Z0.000000
G1 F260.809467 X9.615977 Y0.000000 Z0.000000
G1 F256.538710 X9.628804 Y0.000000 Z0.000000
G1 F252.262255 X9.641417 Y0.000000 Z0.000000
G1 F247.980199 X9.653816 Y0.000000 Z0.000000
G1 F243.692637 X9.666001 Y0.000000 Z0.000000
G1 F239.399662 X9.677971 Y0.000000 Z0.000000
G1 F235.101372 X9.689726 Y0.000000 Z0.000000
G1 F230.797860 X9.701266 Y0.000000 Z0.000000
G1 F226.489224 X9.712590 Y0.000000 Z0.000000
G1 F222.175558 X9.723699 Y0.000000 Z0.000000
G1 F217.856958 X9.734592 Y0.000000 Z0.000000
G1 F213.533520 X9.745269 Y0.000000 Z0.000000
G1 F209.205340 X9.755729 Y0.000000 Z0.000000
G1 F204.872515 X9.765973 Y0.000000 Z0.000000
G1 F200.535140 X9.775999 Y0.000000 Z0.000000
G1 F195.469107 X9.789031 Y0.000000 Z0.000000
G1 F189.672295 X9.801675 Y0.000000 Z0.000000
G1 F183.867994 X9.813933 Y0.000000 Z0.000000
G1 F178.056435 X9.825804 Y0.000000 Z0.000000
G1 F172.237846 X9.837286 Y0.000000 Z0.000000
G1 F166.412458 X9.848380 Y0.000000 Z0.000000
G1 F160.580500 X9.859086 Y0.000000 Z0.000000
G1 F154.742203 X9.869402 Y0.000000 Z0.000000
G1 F148.166690 X9.881749 Y0.000000 Z0.000000
G1 F140.852056 X9.893487 Y0.000000 Z0.000000
G1 F133.528734 X9.904614 Y0.000000 Z0.000000
G1 F126.197175 X9.915131 Y0.000000 Z0.000000
G1 F118.123353 X9.926943 Y0.000000 Z0.000000
G1 F109.305668 X9.937874 Y0.000000 Z0.000000
G1 F100.478274 X9.947921 Y0.000000 Z0.000000
G1 F90.905095 X9.958527 Y0.000000 Z0.000000
G1 F79.847440 X9.969173 Y0.000000 Z0.000000
G1 F67.302157 X9.979269 Y0.000000 Z0.000000
G1 F51.788558 X9.989626 Y0.000000 Z0.000000
G1 F25.163010 X9.999692 Y0.000000 Z0.000000
G1 F17.762125 X9.989626 Y0.000000 Z0.000000
G1 F51.788558 X9.979269 Y0.000000 Z0.000000
G1 F67.302157 X9.969173 Y0.000000 Z0.000000
G1 F79.847440 X9.958527 Y0.000000 Z0.000000
G1 F90.905095 X9.947921 Y0.000000 Z0.000000
G1 F100.478274 X9.937874 Y0.000000 Z0.000000
G1 F109.305668 X9.926943 Y0.000000 Z0.000000
G1 F118.123353 X9.915131 Y0.000000 Z0.000000
G1 F126.197175 X9.904614 Y0.000000 Z0.000000
G1 F133.528734 X9.893487 Y0.000000 Z0.000000
G1 F140.852056 X9.881749 Y0.000000 Z0.000000
G1 F148.166690 X9.869402 Y0.000000 Z0.000000
G1 F154.742203 X9.859086 Y0.000000 Z0.000000
G1 F160.580500 X9.848380 Y0.000000 Z0.000000
G1 F166.412458 X9.837286 Y0.000000 Z0.000000
G1 F172.237846 X9.825804 Y0.000000 Z0.000000
G1 F178.056435 X9.813933 Y0.000000 Z0.000000
G1 F183.867994 X9.801675 Y0.000000 Z0.000000
G1 F189.672295 X9.789031 Y0.000000 Z0.000000
G1 F195.469107 X9.775999 Y0.000000 Z0.000000
G1 F200.535140 X9.765973 Y0.000000 Z0.000000
G1 F204.872515 X9.755729 Y0.000000 Z0.000000
G1 F209.205340 X9.745269 Y0.000000 Z0.000000
G1 F213.533520 X9.734592 Y0.000000 Z0.000000
G1 F217.856958 X9.723699 Y0.000000 Z0.000000
G1 F222.175558 X9.712590 Y0.000000 Z0.000000
G1 F226.489224 X9.701266 Y0.000000 Z0.000000
G1 F230.797860 X9.689726 Y0.000000 Z0.000000
G1 F235.101372 X9.677971 Y0.000000 Z0.000000
G1 F239.399662 X9.666001 Y0.000000 Z0.000000
G1 F243.692637 X9.653816 Y0.000000 Z0.000000
G1 F247.980199 X9.641417 Y0.000000 Z0.000000
G1 F252.262255 X9.628804 Y0.000000 Z0.000000
G1 F256.538710 X9.615977 Y0.000000 Z0.000000
G1 F260.809467 X9.602937 Y0.000000 Z0.000000
G1 F265.074432 X9.589683 Y0.000000 Z0.000000
G1 F269.333512 X9.576216 Y0.000000 Z0.000000
G1 F273.586610 X9.562537 Y0.000000 Z0.000000
G1 F277.833632 X9.548645 Y0.000000 Z0.000000
G1 F282.074486 X9.534542 Y0.000000 Z0.000000
G1 F286.309075 X9.520226 Y0.000000 Z0.000000
G1 F290.537306 X9.505699 Y0.000000 Z0.000000
G1 F294.759085 X9.490961 Y0.000000 Z0.000000
G1 F298.974319 X9.476013 Y0.000000 Z0.000000
G1 F302.482102 X9.465930 Y0.000000 Z0.000000
G1 F305.284849 X9.455754 Y0.000000 Z0.000000
G1 F308.084583 X9.445484 Y0.000000 Z0.000000
G1 F310.881277 X9.435122 Y0.000000 Z0.000000
G1 F313.674902 X9.424666 Y0.000000 Z0.000000
G1 F316.465431 X9.414117 Y0.000000 Z0.000000
G1 F319.252837 X9.403475 Y0.000000 Z0.000000
G1 F322.037092 X9.392741 Y0.000000 Z0.000000
G1 F324.818169 X9.381913 Y0.000000 Z0.000000
G1 F327.596040 X9.370993 Y0.000000 Z0.000000
G1 F330.370678 X9.359981 Y0.000000 Z0.000000
G1 F333.142055 X9.348876 Y0.000000 Z0.000000
G1 F335.910144 X9.337679 Y0.000000 Z0.000000
G1 F338.674918 X9.326390 Y0.000000 Z0.000000
G1 F341.436349 X9.315009 Y0.000000 Z0.000000
G1 F344.194410 X9.303536 Y0.000000 Z0.000000
G1 F346.949074 X9.291971 Y0.000000 Z0.000000
G1 F349.700314 X9.280314 Y0.000000 Z0.000000
G1 F352.448103 X9.268566 Y0.000000 Z0.000000
G1 F355.192413 X9.256726 Y0.000000 Z0.000000
G1 F357.933218 X9.244795 Y0.000000 Z0.000000
G1 F360.670490 X9.232773 Y0.000000 Z0.000000
G1 F363.404202 X9.220659 Y0.000000 Z0.000000
G1 F366.134327 X9.208455 Y0.000000 Z0.000000
G1 F368.860839 X9.196159 Y0.000000 Z0.000000
G1 F371.583711 X9.183773 Y0.000000 Z0.000000
G1 F374.302915 X9.171297 Y0.000000 Z0.000000
G1 F377.018425 X9.158729 Y0.000000 Z0.000000
G1 F379.730213 X9.146072 Y0.000000 Z0.000000
G1 F382.438254 X9.133324 Y0.000000 Z0.000000
G1 F385.142521 X9.120486 Y0.000000 Z0.000000
G1 F387.842986 X9.107557 Y0.000000 Z0.000000
G1 F390.539624 X9.094539 Y0.000000 Z0.000000
G1 F393.232407 X9.081432 Y0.000000 Z0.000000
G1 F395.921309 X9.068234 Y0.000000 Z0.000000
G1 F398.606303 X9.054947 Y0.000000 Z0.000000
G1 F401.287363 X9.041571 Y0.000000 Z0.000000
G1 F403.964463 X9.028106 Y0.000000 Z0.000000
G1 F406.637576 X9.014551 Y0.000000 Z0.000000
G1 F409.306675 X9.000908 Y0.000000 Z0.000000
G1 F411.971735 X8.987175 Y0.000000 Z0.000000
G1 F414.632729 X8.973354 Y0.000000 Z0.000000
G1 F417.289630 X8.959444 Y0.000000 Z0.000000
G1 F419.942413 X8.945446 Y0.000000 Z0.000000
G1 F422.591052 X8.931360 Y0.000000 Z0.000000
G1 F425.235519 X8.917186 Y0.000000 Z0.000000
G1 F427.875790 X8.902923 Y0.000000 Z0.000000
G1 F430.511837 X8.888573 Y0.000000 Z0.000000
G1 F433.143636 X8.874134 Y0.000000 Z0.000000
G1 F435.771160 X8.859609 Y0.000000 Z0.000000
G1 F438.394383 X8.844996 Y0.000000 Z0.000000
G1 F441.013279 X8.830295 Y0.000000 Z0.000000
G1 F443.627822 X8.815508 Y0.000000 Z0.000000
G1 F446.237987 X8.800633 Y0.000000 Z0.000000
G1 F448.843748 X8.785672 Y0.000000 Z0.000000
G1 F451.445079 X8.770623 Y0.000000 Z0.000000
G1 F454.041954 X8.755489 Y0.000000 Z0.000000
G1 F456.634348 X8.740267 Y0.000000 Z0.000000
G1 F459.222236 X8.724960 Y0.000000 Z0.000000
G1 F461.805591 X8.709567 Y0.000000 Z0.000000
G1 F464.384388 X8.694087 Y0.000000 Z0.000000
G1 F466.958602 X8.678522 Y0.000000 Z0.000000
G1 F469.528207 X8.662871 Y0.000000 Z0.000000
G1 F472.093178 X8.647134 Y0.000000 Z0.000000
G1 F474.653490 X8.631313 Y0.000000 Z0.000000
G1 F477.209117 X8.615406 Y0.000000 Z0.000000
G1 F479.760034 X8.599414 Y0.000000 Z0.000000
G1 F482.306217 X8.583337 Y0.000000 Z0.000000
G1 F484.847639 X8.567175 Y0.000000 Z0.000000
G1 F487.384275 X8.550929 Y0.000000 Z0.000000
G1 F489.916102 X8.534599 Y0.000000 Z0.000000
G1 F492.443093 X8.518184 Y0.000000 Z0.000000
G1 F494.965224 X8.501685 Y0.000000 Z0.000000
G1 F497.482470 X8.485102 Y0.000000 Z0.000000
G1 F499.994806 X8.468436 Y0.000000 Z0.000000
G1 F502.502207 X8.451686 Y0.000000 Z0.000000
G1 F505.004649 X8.434852 Y0.000000 Z0.000000
G1 F507.502107 X8.417935 Y0.000000 Z0.000000
G1 F509.994555 X8.400936 Y0.000000 Z0.000000
G1 F512.481971 X8.383853 Y0.000000 Z0.000000
G1 F514.964328 X8.366687 Y0.000000 Z0.000000
G1 F517.441603 X8.349439 Y0.000000 Z0.000000
G1 F519.913771 X8.332109 Y0.000000 Z0.000000
G1 F522.380807 X8.314696 Y0.000000 Z0.000000
G1 F524.842688 X8.297201 Y0.000000 Z0.000000
G1 F527.299389 X8.279625 Y0.000000 Z0.000000
G1 F529.750885 X8.261966 Y0.000000 Z0.000000
G1 F532.197153 X8.244226 Y0.000000 Z0.000000
G1 F534.638169 X8.226405 Y0.000000 Z0.000000
G1 F537.073908 X8.208503 Y0.000000 Z0.000000
G1 F539.504346 X8.190519 Y0.000000 Z0.000000
G1 F541.929460 X8.172455 Y0.000000 Z0.000000
G1 F544.349225 X8.154310 Y0.000000 Z0.000000
G1 F546.763617 X8.136084 Y0.000000 Z0.000000
G1 F549.172613 X8.117779 Y0.000000 Z0.000000
G1 F551.576189 X8.099393 Y0.000000 Z0.000000
G1 F553.974321 X8.080927 Y0.000000 Z0.000000
G1 F556.366986 X8.062381 Y0.000000 Z0.000000
G1 F558.754159 X8.043756 Y0.000000 Z0.000000
G1 F561.135818 X8.025052 Y0.000000 Z0.000000
G1 F563.511939 X8.006268 Y0.000000 Z0.000000
G1 F565.882498 X7.987405 Y0.000000 Z0.000000
G1 F568.247472 X7.968464 Y0.000000 Z0.000000
G1 F570.606838 X7.949444 Y0.000000 Z0.000000
G1 F572.960572 X7.930345 Y0.000000 Z0.000000
G1 F575.308651 X7.911168 Y0.000000 Z0.000000
G1 F577.651052 X7.891913 Y0.000000 Z0.000000
G1 F579.987751 X7.872580 Y0.000000 Z0.000000
G1 F582.318727 X7.853169 Y0.000000 Z0.000000
G1 F584.643955 X7.833681 Y0.000000 Z0.000000
G1 F586.963413 X7.814116 Y0.000000 Z0.000000
G1 F589.277078 X7.794473 Y0.000000 Z0.000000
G1 F591.584928 X7.774754 Y0.000000 Z0.000000
G1 F593.886938 X7.754957 Y0.000000 Z0.000000
G1 F596.183087 X7.735085 Y0.000000 Z0.000000
G1 F598.473352 X7.715136 Y0.000000 Z0.000000
G1 F600.187361 X7.705132 Y0.000000 Z0.000000
G1 F601.328059 X7.695110 Y0.000000 Z0.000000
G1 F602.467275 X7.685069 Y0.000000 Z0.000000
G1 F603.605003 X7.675009 Y0.000000 Z0.000000
G1 F604.741243 X7.664930 Y0.000000 Z0.000000
G1 F605.875990 X7.654832 Y0.000000 Z0.000000
G1 F607.009242 X7.644715 Y0.000000 Z0.000000
G1 F608.140997 X7.634580 Y0.000000 Z0.000000
G1 F609.271250 X7.624425 Y0.000000 Z0.000000
G1 F610.400001 X7.614252 Y0.000000 Z0.000000
G1 F611.527246 X7.604060 Y0.000000 Z0.000000
G1 F612.652981 X7.593849 Y0.000000 Z0.000000
G1 F613.777205 X7.583619 Y0.000000 Z0.000000
G1 F614.899915 X7.573371 Y0.000000 Z0.000000
G1 F616.021107 X7.563104 Y0.000000 Z0.000000
G1 F617.140780 X7.552818 Y0.000000 Z0.000000
G1 F618.258929 X7.542514 Y0.000000 Z0.000000
G1 F619.375554 X7.532191 Y0.000000 Z0.000000
G1 F620.490650 X7.521849 Y0.000000 Z0.000000
G1 F621.604214 X7.511489 Y0.000000 Z0.000000
G1 F622.716246 X7.501111 Y0.000000 Z0.000000
G1 F623.826740 X7.490714 Y0.000000 Z0.000000
G1 F624.935696 X7.480298 Y0.000000 Z0.000000
G1 F626.043109 X7.469864 Y0.000000 Z0.000000
G1 F627.148978 X7.459411 Y0.000000 Z0.000000
G1 F628.253300 X7.448941 Y0.000000 Z0.000000
G1 F629.356071 X7.438451 Y0.000000 Z0.000000
G1 F630.457289 X7.427944 Y0.000000 Z0.000000
G1 F631.556952 X7.417418 Y0.000000 Z0.000000
G1 F632.655056 X7.406873 Y0.000000 Z0.000000
G1 F633.751600 X7.396311 Y0.000000 Z0.000000
G1 F634.846579 X7.385730 Y0.000000 Z0.000000
G1 F635.939993 X7.375131 Y0.000000 Z0.000000
G1 F637.031837 X7.364514 Y0.000000 Z0.000000
G1 F638.122109 X7.353879 Y0.000000 Z0.000000
G1 F639.210807 X7.343225 Y0.000000 Z0.000000
G1 F640.297928 X7.332553 Y0.000000 Z0.000000
G1 F641.383469 X7.321864 Y0.000000 Z0.000000
G1 F642.467427 X7.311156 Y0.000000 Z0.000000
G1 F643.549800 X7.300430 Y0.000000 Z0.000000
G1 F644.630585 X7.289686 Y0.000000 Z0.000000
G1 F645.709780 X7.278924 Y0.000000 Z0.000000
G1 F646.787381 X7.268145 Y0.000000 Z0.000000
G1 F647.863386 X7.257347 Y0.000000 Z0.000000
G1 F648.937793 X7.246531 Y0.000000 Z0.000000
G1 F650.010599 X7.235698 Y0.000000 Z0.000000
G1 F651.081801 X7.224846 Y0.000000 Z0.000000
G1 F652.151396 X7.213977 Y0.000000 Z0.000000
G1 F653.219383 X7.203090 Y0.000000 Z0.000000
G1 F654.285757 X7.192185 Y0.000000 Z0.000000
G1 F655.350517 X7.181263 Y0.000000 Z0.000000
G1 F656.413661 X7.170323 Y0.000000 Z0.000000
G1 F657.475184 X7.159365 Y0.000000 Z0.000000
G1 F658.535085 X7.148389 Y0.000000 Z0.000000
G1 F659.593362 X7.137396 Y0.000000 Z0.000000
G1 F660.650011 X7.126385 Y0.000000 Z0.000000
G1 F661.705030 X7.115357 Y0.000000 Z0.000000
G1 F662.758416 X7.104311 Y0.000000 Z0.000000
G1 F663.810167 X7.093247 Y0.000000 Z0.000000
G1 F664.860279 X7.082166 Y0.000000 Z0.000000
G1 F665.908752 X7.071068 Y0.000000 Z0.000000
G1 F666.955581 X7.059952 Y0.000000 Z0.000000
G1 F668.000765 X7.048819 Y0.000000 Z0.000000
G1 F669.044301 X7.037668 Y0.000000 Z0.000000
G1 F670.086185 X7.026500 Y0.000000 Z0.000000
G1 F671.126417 X7.015314 Y0.000000 Z0.000000
G1 F672.164992 X7.004112 Y0.000000 Z0.000000
G1 F673.201909 X6.992891 Y0.000000 Z0.000000
G1 F674.237165 X6.981654 Y0.000000 Z0.000000
G1 F675.270757 X6.970400 Y0.000000 Z0.000000
G1 F676.302683 X6.959128 Y0.000000 Z0.000000
G1 F677.332941 X6.947839 Y0.000000 Z0.000000
G1 F678.361527 X6.936533 Y0.000000 Z0.000000
G1 F679.388439 X6.925210 Y0.000000 Z0.000000
G1 F680.413675 X6.913870 Y0.000000 Z0.000000
G1 F681.437232 X6.902512 Y0.000000 Z0.000000
G1 F682.459108 X6.891138 Y0.000000 Z0.000000
G1 F683.479300 X6.879747 Y0.000000 Z0.000000
G1 F684.497806 X6.868338 Y0.000000 Z0.000000
G1 F685.514622 X6.856913 Y0.000000 Z0.000000
G1 F686.529747 X6.845471 Y0.000000 Z0.000000
G1 F687.543178 X6.834012 Y0.000000 Z0.000000
G1 F688.554913 X6.822536 Y0.000000 Z0.000000
G1 F689.564949 X6.811043 Y0.000000 Z0.000000
G1 F690.573283 X6.799534 Y0.000000 Z0.000000
G1 F691.579914 X6.788007 Y0.000000 Z0.000000
G1 F692.584838 X6.776464 Y0.000000 Z0.000000
G1 F693.588053 X6.764905 Y0.000000 Z0.000000
G1 F694.589557 X6.753328 Y0.000000 Z0.000000
G1 F695.589347 X6.741735 Y0.000000 Z0.000000
G1 F696.587420 X6.730125 Y0.000000 Z0.000000
G1 F697.583775 X6.718499 Y0.000000 Z0.000000
G1 F698.578409 X6.706856 Y0.000000 Z0.000000
G1 F699.571319 X6.695196 Y0.000000 Z0.000000
G1 F700.562503 X6.683520 Y0.000000 Z0.000000
G1 F701.551958 X6.671828 Y0.000000 Z0.000000
G1 F702.539682 X6.660119 Y0.000000 Z0.000000
G1 F703.525673 X6.648393 Y0.000000 Z0.000000
G1 F704.509928 X6.636651 Y0.000000 Z0.000000
G1 F705.492445 X6.624893 Y0.000000 Z0.000000
G1 F706.473221 X6.613119 Y0.000000 Z0.000000
G1 F707.452253 X6.601328 Y0.000000 Z0.000000
G1 F708.429541 X6.589521 Y0.000000 Z0.000000
G1 F709.405080 X6.577697 Y0.000000 Z0.000000
G1 F710.378869 X6.565858 Y0.000000 Z0.000000
G1 F711.350905 X6.554002 Y0.000000 Z0.000000
G1 F712.321186 X6.542130 Y0.000000 Z0.000000
G1 F713.289709 X6.530242 Y0.000000 Z0.000000
G1 F714.256472 X6.518337 Y0.000000 Z0.000000
G1 F715.221473 X6.506417 Y0.000000 Z0.000000
G1 F716.184709 X6.494480 Y0.000000 Z0.000000
G1 F717.146178 X6.482528 Y0.000000 Z0.000000
G1 F718.105878 X6.470560 Y0.000000 Z0.000000
G1 F719.063806 X6.458575 Y0.000000 Z0.000000
G1 F720.019959 X6.446575 Y0.000000 Z0.000000
G1 F720.974336 X6.434559 Y0.000000 Z0.000000
G1 F721.926934 X6.422527 Y0.000000 Z0.000000
G1 F722.877751 X6.410479 Y0.000000 Z0.000000
G1 F723.826784 X6.398415 Y0.000000 Z0.000000
G1 F724.774031 X6.386335 Y0.000000 Z0.000000
G1 F725.719490 X6.374240 Y0.000000 Z0.000000
G1 F726.663158 X6.362129 Y0.000000 Z0.000000
G1 F727.605034 X6.350002 Y0.000000 Z0.000000
G1 F728.545114 X6.337860 Y0.000000 Z0.000000
G1 F729.483396 X6.325702 Y0.000000 Z0.000000
G1 F730.419878 X6.313528 Y0.000000 Z0.000000
G1 F731.354558 X6.301339 Y0.000000 Z0.000000
G1 F732.287434 X6.289134 Y0.000000 Z0.000000
G1 F733.218503 X6.276914 Y0.000000 Z0.000000
G1 F734.147762 X6.264678 Y0.000000 Z0.000000
G1 F735.075211 X6.252427 Y0.000000 Z0.000000
G1 F736.000845 X6.240160 Y0.000000 Z0.000000
G1 F736.924664 X6.227878 Y0.000000 Z0.000000
G1 F737.846664 X6.215580 Y0.000000 Z0.000000
G1 F738.766843 X6.203268 Y0.000000 Z0.000000
G1 F739.685200 X6.190939 Y0.000000 Z0.000000
G1 F740.601732 X6.178596 Y0.000000 Z0.000000
G1 F741.516436 X6.166238 Y0.000000 Z0.000000
G1 F742.429311 X6.153864 Y0.000000 Z0.000000
G1 F743.340354 X6.141475 Y0.000000 Z0.000000
G1 F744.249562 X6.129071 Y0.000000 Z0.000000
G1 F745.156935 X6.116651 Y0.000000 Z0.000000
G1 F746.062468 X6.104217 Y0.000000 Z0.000000
G1 F746.966161 X6.091767 Y0.000000 Z0.000000
G1 F747.868011 X6.079303 Y0.000000 Z0.000000
G1 F748.768016 X6.066824 Y0.000000 Z0.000000
G1 F749.666173 X6.054329 Y0.000000 Z0.000000
G1 F750.562480 X6.041820 Y0.000000 Z0.000000
G1 F751.456935 X6.029295 Y0.000000 Z0.000000
G1 F752.349537 X6.016756 Y0.000000 Z0.000000
G1 F753.240281 X6.004202 Y0.000000 Z0.000000
G1 F754.129168 X5.991633 Y0.000000 Z0.000000
G1 F755.016193 X5.979050 Y0.000000 Z0.000000
G1 F755.901356 X5.966451 Y0.000000 Z0.000000
G1 F756.784654 X5.953838 Y0.000000 Z0.000000
G1 F757.666084 X5.941211 Y0.000000 Z0.000000
G1 F758.545645 X5.928568 Y0.000000 Z0.000000
G1 F759.423334 X5.915911 Y0.000000 Z0.000000
G1 F760.299149 X5.903239 Y0.000000 Z0.000000
G1 F761.173089 X5.890553 Y0.000000 Z0.000000
G1 F762.045150 X5.877853 Y0.000000 Z0.000000
G1 F762.915331 X5.865137 Y0.000000 Z0.000000
G1 F763.783629 X5.852408 Y0.000000 Z0.000000
G1 F764.650043 X5.839663 Y0.000000 Z0.000000
G1 F765.514571 X5.826905 Y0.000000 Z0.000000
G1 F766.377209 X5.814132 Y0.000000 Z0.000000
G1 F767.237957 X5.801345 Y0.000000 Z0.000000
G1 F768.096811 X5.788543 Y0.000000 Z0.000000
G1 F768.953771 X5.775727 Y0.000000 Z0.000000
G1 F769.808832 X5.762897 Y0.000000 Z0.000000
G1 F770.661995 X5.750053 Y0.000000 Z0.000000
G1 F771.513256 X5.737194 Y0.000000 Z0.000000
G1 F772.362613 X5.724321 Y0.000000 Z0.000000
G1 F773.210065 X5.711434 Y0.000000 Z0.000000
G1 F774.055609 X5.698533 Y0.000000 Z0.000000
G1 F774.899243 X5.685619 Y0.000000 Z0.000000
G1 F775.740965 X5.672689 Y0.000000 Z0.000000
G1 F776.580772 X5.659746 Y0.000000 Z0.000000
G1 F777.418664 X5.646790 Y0.000000 Z0.000000
G1 F778.254638 X5.633819 Y0.000000 Z0.000000
G1 F779.088691 X5.620834 Y0.000000 Z0.000000
G1 F779.920822 X5.607835 Y0.000000 Z0.000000
G1 F780.751028 X5.594823 Y0.000000 Z0.000000
G1 F781.579308 X5.581796 Y0.000000 Z0.000000
G1 F782.405660 X5.568756 Y0.000000 Z0.000000
G1 F783.230081 X5.555702 Y0.000000 Z0.000000
G1 F784.052570 X5.542635 Y0.000000 Z0.000000
G1 F784.873124 X5.529554 Y0.000000 Z0.000000
G1 F785.691741 X5.516459 Y0.000000 Z0.000000
G1 F786.508420 X5.503350 Y0.000000 Z0.000000
G1 F787.323158 X5.490228 Y0.000000 Z0.000000
G1 F788.135954 X5.477093 Y0.000000 Z0.000000
G1 F788.946805 X5.463943 Y0.000000 Z0.000000
G1 F789.755709 X5.450781 Y0.000000 Z0.000000
G1 F790.562664 X5.437605 Y0.000000 Z0.000000
G1 F791.367669 X5.424415 Y0.000000 Z0.000000
G1 F792.170722 X5.411213 Y0.000000 Z0.000000
G1 F792.971819 X5.397996 Y0.000000 Z0.000000
G1 F793.770961 X5.384767 Y0.000000 Z0.000000
G1 F794.568143 X5.371524 Y0.000000 Z0.000000
G1 F795.363365 X5.358268 Y0.000000 Z0.000000
G1 F796.156625 X5.344999 Y0.000000 Z0.000000
G1 F796.947920 X5.331716 Y0.000000 Z0.000000
G1 F797.737249 X5.318421 Y0.000000 Z0.000000
G1 F798.524609 X5.305112 Y0.000000 Z0.000000
G1 F799.310000 X5.291790 Y0.000000 Z0.000000
G1 F800.093417 X5.278455 Y0.000000 Z0.000000
G1 F800.874861 X5.265107 Y0.000000 Z0.000000
G1 F801.654329 X5.251746 Y0.000000 Z0.000000
G1 F802.431819 X5.238372 Y0.000000 Z0.000000
G1 F803.207329 X5.224986 Y0.000000 Z0.000000
G1 F803.980856 X5.211586 Y0.000000 Z0.000000
G1 F804.752401 X5.198173 Y0.000000 Z0.000000
G1 F805.521959 X5.184748 Y0.000000 Z0.000000
G1 F806.289530 X5.171310 Y0.000000 Z0.000000
G1 F807.055112 X5.157859 Y0.000000 Z0.000000
G1 F807.818702 X5.144395 Y0.000000 Z0.000000
G1 F808.580299 X5.130919 Y0.000000 Z0.000000
G1 F809.339901 X5.117430 Y0.000000 Z0.000000
G1 F810.097506 X5.103928 Y0.000000 Z0.000000
G1 F810.853112 X5.090414 Y0.000000 Z0.000000
G1 F811.606718 X5.076887 Y0.000000 Z0.000000
G1 F812.358321 X5.063348 Y0.000000 Z0.000000
G1 F813.107919 X5.049796 Y0.000000 Z0.000000
G1 F813.855511 X5.036232 Y0.000000 Z0.000000
G1 F814.601095 X5.022655 Y0.000000 Z0.000000
G1 F815.344670 X5.009066 Y0.000000 Z0.000000
G1 F816.086232 X4.995465 Y0.000000 Z0.000000
G1 F816.825781 X4.981851 Y0.000000 Z0.000000
G1 F817.563314 X4.968225 Y0.000000 Z0.000000
G1 F818.298830 X4.954587 Y0.000000 Z0.000000
G1 F819.032327 X4.940936 Y0.000000 Z0.000000
G1 F819.763803 X4.927273 Y0.000000 Z0.000000
G1 F820.493257 X4.913599 Y0.000000 Z0.000000
G1 F821.220686 X4.899912 Y0.000000 Z0.000000
G1 F821.946088 X4.886212 Y0.000000 Z0.000000
G1 F822.669463 X4.872501 Y0.000000 Z0.000000
G1 F823.390808 X4.858778 Y0.000000 Z0.000000
G1 F824.110121 X4.845043 Y0.000000 Z0.000000
G1 F824.827401 X4.831296 Y0.000000 Z0.000000
G1 F825.542645 X4.817537 Y0.000000 Z0.000000
G1 F826.255853 X4.803766 Y0.000000 Z0.000000
G1 F826.967022 X4.789983 Y0.000000 Z0.000000
G1 F827.676150 X4.776188 Y0.000000 Z0.000000
G1 F828.383236 X4.762382 Y0.000000 Z0.000000
G1 F829.088278 X4.748564 Y0.000000 Z0.000000
G1 F829.791275 X4.734734 Y0.000000 Z0.000000
G1 F830.492224 X4.720893 Y0.000000 Z0.000000
G1 F831.191124 X4.707039 Y0.000000 Z0.000000
G1 F831.887973 X4.693175 Y0.000000 Z0.000000
G1 F832.582770 X4.679298 Y0.000000 Z0.000000
G1 F833.275512 X4.665410 Y0.000000 Z0.000000
G1 F833.966198 X4.651511 Y0.000000 Z0.000000
G1 F834.654826 X4.637600 Y0.000000 Z0.000000
G1 F835.341395 X4.623678 Y0.000000 Z0.000000
G1 F836.025903 X4.609744 Y0.000000 Z0.000000
G1 F836.708348 X4.595799 Y0.000000 Z0.000000
G1 F837.388729 X4.581842 Y0.000000 Z0.000000
G1 F838.067043 X4.567874 Y0.000000 Z0.000000
G1 F838.743290 X4.553895 Y0.000000 Z0.000000
G1 F839.417467 X4.539905 Y0.000000 Z0.000000
G1 F840.089573 X4.525904 Y0.000000 Z0.000000
G1 F840.759606 X4.511891 Y0.000000 Z0.000000
G1 F841.427564 X4.497867 Y0.000000 Z0.000000
G1 F842.093447 X4.483832 Y0.000000 Z0.000000
G1 F842.757251 X4.469786 Y0.000000 Z0.000000
G1 F843.418977 X4.455729 Y0.000000 Z0.000000
G1 F844.078621 X4.441661 Y0.000000 Z0.000000
G1 F844.736182 X4.427582 Y0.000000 Z0.000000
G1 F845.391659 X4.413492 Y0.000000 Z0.000000
G1 F846.045051 X4.399392 Y0.000000 Z0.000000
G1 F846.696354 X4.385280 Y0.000000 Z0.000000
G1 F847.345569 X4.371158 Y0.000000 Z0.000000
G1 F847.992693 X4.357024 Y0.000000 Z0.000000
G1 F848.637724 X4.342880 Y0.000000 Z0.000000
G1 F849.280662 X4.328726 Y0.000000 Z0.000000
G1 F849.921504 X4.314560 Y0.000000 Z0.000000
G1 F850.560249 X4.300384 Y0.000000 Z0.000000
G1 F851.196895 X4.286198 Y0.000000 Z0.000000
G1 F851.831441 X4.272001 Y0.000000 Z0.000000
G1 F852.463885 X4.257793 Y0.000000 Z0.000000
G1 F853.094226 X4.243575 Y0.000000 Z0.000000
G1 F853.722462 X4.229346 Y0.000000 Z0.000000
G1 F854.348591 X4.215107 Y0.000000 Z0.000000
G1 F854.972613 X4.200857 Y0.000000 Z0.000000
G1 F855.594525 X4.186597 Y0.000000 Z0.000000
G1 F856.214325 X4.172327 Y0.000000 Z0.000000
G1 F856.832014 X4.158047 Y0.000000 Z0.000000
G1 F857.447588 X4.143756 Y0.000000 Z0.000000
G1 F858.061046 X4.129455 Y0.000000 Z0.000000
G1 F858.672387 X4.115144 Y0.000000 Z0.000000
G1 F859.281609 X4.100822 Y0.000000 Z0.000000
G1 F859.888712 X4.086491 Y0.000000 Z0.000000
G1 F860.493692 X4.072149 Y0.000000 Z0.000000
G1 F861.096550 X4.057798 Y0.000000 Z0.000000
G1 F861.697282 X4.043436 Y0.000000 Z0.000000
G1 F862.295889 X4.029064 Y0.000000 Z0.000000
G1 F862.892368 X4.014683 Y0.000000 Z0.000000
G1 F863.486718 X4.000291 Y0.000000 Z0.000000
G1 F864.078937 X3.985890 Y0.000000 Z0.000000
G1 F864.669024 X3.971479 Y0.000000 Z0.000000
G1 F865.256978 X3.957058 Y0.000000 Z0.000000
G1 F865.842797 X3.942627 Y0.000000 Z0.000000
G1 F866.426479 X3.928187 Y0.000000 Z0.000000
G1 F867.008024 X3.913737 Y0.000000 Z0.000000
G1 F867.587429 X3.899277 Y0.000000 Z0.000000
G1 F868.164694 X3.884807 Y0.000000 Z0.000000
G1 F868.739817 X3.870328 Y0.000000 Z0.000000
G1 F869.312796 X3.855840 Y0.000000 Z0.000000
G1 F869.883630 X3.841342 Y0.000000 Z0.000000
G1 F870.452318 X3.826834 Y0.000000 Z0.000000
G1 F871.018858 X3.812317 Y0.000000 Z0.000000
G1 F871.583248 X3.797791 Y0.000000 Z0.000000
G1 F872.145489 X3.783255 Y0.000000 Z0.000000
G1 F872.705577 X3.768710 Y0.000000 Z0.000000
G1 F873.263512 X3.754156 Y0.000000 Z0.000000
G1 F873.819292 X3.739592 Y0.000000 Z0.000000
G1 F874.372917 X3.725019 Y0.000000 Z0.000000
G1 F874.924384 X3.710437 Y0.000000 Z0.000000
G1 F875.473692 X3.695846 Y0.000000 Z0.000000
G1 F876.020840 X3.681246 Y0.000000 Z0.000000
G1 F876.565826 X3.666636 Y0.000000 Z0.000000
G1 F877.108650 X3.652018 Y0.000000 Z0.000000
G1 F877.649309 X3.637390 Y0.000000 Z0.000000
G1 F878.187803 X3.622754 Y0.000000 Z0.000000
G1 F878.724130 X3.608108 Y0.000000 Z0.000000
G1 F879.258289 X3.593454 Y0.000000 Z0.000000
G1 F879.790278 X3.578791 Y0.000000 Z0.000000
G1 F880.320097 X3.564119 Y0.000000 Z0.000000
G1 F880.847744 X3.549438 Y0.000000 Z0.000000
G1 F881.373217 X3.534748 Y0.000000 Z0.000000
G1 F881.896515 X3.520050 Y0.000000 Z0.000000
G1 F882.417638 X3.505343 Y0.000000 Z0.000000
G1 F882.936583 X3.490628 Y0.000000 Z0.000000
G1 F883.453349 X3.475903 Y0.000000 Z0.000000
G1 F883.967936 X3.461171 Y0.000000 Z0.000000
G1 F884.480342 X3.446429 Y0.000000 Z0.000000
G1 F884.990565 X3.431679 Y0.000000 Z0.000000
G1 F885.498605 X3.416921 Y0.000000 Z0.000000
G1 F886.004460 X3.402154 Y0.000000 Z0.000000
G1 F886.508128 X3.387379 Y0.000000 Z0.000000
G1 F887.009609 X3.372596 Y0.000000 Z0.000000
G1 F887.508902 X3.357804 Y0.000000 Z0.000000
G1 F888.006005 X3.343004 Y0.000000 Z0.000000
G1 F888.500917 X3.328195 Y0.000000 Z0.000000
G1 F888.993636 X3.313379 Y0.000000 Z0.000000
G1 F889.484162 X3.298554 Y0.000000 Z0.000000
G1 F889.972493 X3.283721 Y0.000000 Z0.000000
G1 F890.458629 X3.268880 Y0.000000 Z0.000000
G1 F890.942567 X3.254031 Y0.000000 Z0.000000
G1 F891.424307 X3.239174 Y0.000000 Z0.000000
G1 F891.903847 X3.224309 Y0.000000 Z0.000000
G1 F892.381187 X3.209436 Y0.000000 Z0.000000
G1 F892.856325 X3.194555 Y0.000000 Z0.000000
G1 F893.329260 X3.179666 Y0.000000 Z0.000000
G1 F893.799990 X3.164770 Y0.000000 Z0.000000
G1 F894.268516 X3.149865 Y0.000000 Z0.000000
G1 F894.734835 X3.134953 Y0.000000 Z0.000000
G1 F895.198946 X3.120033 Y0.000000 Z0.000000
G1 F895.660848 X3.105105 Y0.000000 Z0.000000
G1 F896.120540 X3.090170 Y0.000000 Z0.000000
G1 F896.578021 X3.075227 Y0.000000 Z0.000000
G1 F897.033290 X3.060276 Y0.000000 Z0.000000
G1 F897.486346 X3.045318 Y0.000000 Z0.000000
G1 F897.937187 X3.030353 Y0.000000 Z0.000000
G1 F898.385813 X3.015380 Y0.000000 Z0.000000
G1 F898.832222 X3.000399 Y0.000000 Z0.000000
G1 F899.276413 X2.985411 Y0.000000 Z0.000000
G1 F899.718385 X2.970416 Y0.000000 Z0.000000
G1 F900.158138 X2.955413 Y0.000000 Z0.000000
G1 F900.595669 X2.940403 Y0.000000 Z0.000000
G1 F901.030978 X2.925386 Y0.000000 Z0.000000
G1 F901.464064 X2.910362 Y0.000000 Z0.000000
G1 F901.894926 X2.895330 Y0.000000 Z0.000000
G1 F902.323562 X2.880291 Y0.000000 Z0.000000
G1 F902.749972 X2.865246 Y0.000000 Z0.000000
G1 F903.174155 X2.850193 Y0.000000 Z0.000000
G1 F903.596109 X2.835133 Y0.000000 Z0.000000
G1 F904.015833 X2.820066 Y0.000000 Z0.000000
G1 F904.433327 X2.804992 Y0.000000 Z0.000000
G1 F904.848589 X2.789911 Y0.000000 Z0.000000
G1 F905.261619 X2.774823 Y0.000000 Z0.000000
G1 F905.672415 X2.759729 Y0.000000 Z0.000000
G1 F906.080977 X2.744627 Y0.000000 Z0.000000
G1 F906.487302 X2.729519 Y0.000000 Z0.000000
G1 F906.891391 X2.714404 Y0.000000 Z0.000000
G1 F907.293243 X2.699283 Y0.000000 Z0.000000
G1 F907.692855 X2.684155 Y0.000000 Z0.000000
G1 F908.090229 X2.669020 Y0.000000 Z0.000000
G1 F908.485361 X2.653878 Y0.000000 Z0.000000
G1 F908.878252 X2.638730 Y0.000000 Z0.000000
G1 F909.268900 X2.623576 Y0.000000 Z0.000000
G1 F909.657305 X2.608415 Y0.000000 Z0.000000
G1 F910.043465 X2.593248 Y0.000000 Z0.000000
G1 F910.427380 X2.578074 Y0.000000 Z0.000000
G1 F910.809049 X2.562894 Y0.000000 Z0.000000
G1 F911.188470 X2.547707 Y0.000000 Z0.000000
G1 F911.565643 X2.532514 Y0.000000 Z0.000000
G1 F911.940566 X2.517315 Y0.000000 Z0.000000
G1 F912.313240 X2.502110 Y0.000000 Z0.000000
G1 F912.683662 X2.486899 Y0.000000 Z0.000000
G1 F913.051833 X2.471681 Y0.000000 Z0.000000
G1 F913.417751 X2.456458 Y0.000000 Z0.000000
G1 F913.781414 X2.441228 Y0.000000 Z0.000000
G1 F914.142824 X2.425992 Y0.000000 Z0.000000
G1 F914.501977 X2.410751 Y0.000000 Z0.000000
G1 F914.858875 X2.395503 Y0.000000 Z0.000000
G1 F915.213515 X2.380249 Y0.000000 Z0.000000
G1 F915.565896 X2.364990 Y0.000000 Z0.000000
G1 F915.916019 X2.349725 Y0.000000 Z0.000000
G1 F916.263882 X2.334454 Y0.000000 Z0.000000
G1 F916.609484 X2.319177 Y0.000000 Z0.000000
G1 F916.952824 X2.303894 Y0.000000 Z0.000000
G1 F917.293902 X2.288606 Y0.000000 Z0.000000
G1 F917.632716 X2.273312 Y0.000000 Z0.000000
G1 F917.969267 X2.258013 Y0.000000 Z0.000000
G1 F918.303552 X2.242708 Y0.000000 Z0.000000
G1 F918.635571 X2.227397 Y0.000000 Z0.000000
G1 F918.965324 X2.212081 Y0.000000 Z0.000000
G1 F919.292810 X2.196759 Y0.000000 Z0.000000
G1 F919.618027 X2.181432 Y0.000000 Z0.000000
G1 F919.940975 X2.166100 Y0.000000 Z0.000000
G1 F920.261653 X2.150762 Y0.000000 Z0.000000
G1 F920.580060 X2.135419 Y0.000000 Z0.000000
G1 F920.896197 X2.120071 Y0.000000 Z0.000000
G1 F921.210060 X2.104718 Y0.000000 Z0.000000
G1 F921.521651 X2.089359 Y0.000000 Z0.000000
G1 F921.830968 X2.073995 Y0.000000 Z0.000000
G1 F922.138011 X2.058626 Y0.000000 Z0.000000
G1 F922.442778 X2.043252 Y0.000000 Z0.000000
G1 F922.745270 X2.027873 Y0.000000 Z0.000000
G1 F923.045484 X2.012489 Y0.000000 Z0.000000
G1 F923.343421 X1.997100 Y0.000000 Z0.000000
G1 F923.639080 X1.981706 Y0.000000 Z0.000000
G1 F923.932460 X1.966307 Y0.000000 Z0.000000
G1 F924.223560 X1.950903 Y0.000000 Z0.000000
G1 F924.512379 X1.935495 Y0.000000 Z0.000000
G1 F924.798918 X1.920081 Y0.000000 Z0.000000
G1 F925.083174 X1.904663 Y0.000000 Z0.000000
G1 F925.365148 X1.889241 Y0.000000 Z0.000000
G1 F925.644839 X1.873813 Y0.000000 Z0.000000
G1 F925.922246 X1.858381 Y0.000000 Z0.000000
G1 F926.197368 X1.842944 Y0.000000 Z0.000000
G1 F926.470205 X1.827503 Y0.000000 Z0.000000
G1 F926.740756 X1.812058 Y0.000000 Z0.000000
G1 F927.009020 X1.796607 Y0.000000 Z0.000000
G1 F927.274997 X1.781153 Y0.000000 Z0.000000
G1 F927.538686 X1.765694 Y0.000000 Z0.000000
G1 F927.800087 X1.750231 Y0.000000 Z0.000000
G1 F928.059198 X1.734763 Y0.000000 Z0.000000
G1 F928.316019 X1.719291 Y0.000000 Z0.000000
G1 F928.570550 X1.703815 Y0.000000 Z0.000000
G1 F928.822790 X1.688334 Y0.000000 Z0.000000
G1 F929.072738 X1.672850 Y0.000000 Z0.000000
G1 F929.320393 X1.657361 Y0.000000 Z0.000000
G1 F929.565756 X1.641868 Y0.000000 Z0.000000
G1 F929.808824 X1.626372 Y0.000000 Z0.000000
G1 F930.049599 X1.610871 Y0.000000 Z0.000000
G1 F930.288079 X1.595366 Y0.000000 Z0.000000
G1 F930.524263 X1.579857 Y0.000000 Z0.000000
G1 F930.758152 X1.564345 Y0.000000 Z0.000000
G1 F930.989744 X1.548828 Y0.000000 Z0.000000
G1 F931.219038 X1.533308 Y0.000000 Z0.000000
G1 F931.446035 X1.517784 Y0.000000 Z0.000000
G1 F931.670734 X1.502256 Y0.000000 Z0.000000
G1 F931.893134 X1.486724 Y0.000000 Z0.000000
G1 F932.113235 X1.471189 Y0.000000 Z0.000000
G1 F932.331036 X1.455650 Y0.000000 Z0.000000
G1 F932.546536 X1.440108 Y0.000000 Z0.000000
G1 F932.759735 X1.424562 Y0.000000 Z0.000000
G1 F932.970633 X1.409012 Y0.000000 Z0.000000
G1 F933.179229 X1.393459 Y0.000000 Z0.000000
G1 F933.385523 X1.377903 Y0.000000 Z0.000000
G1 F933.589513 X1.362343 Y0.000000 Z0.000000
G1 F933.791200 X1.346780 Y0.000000 Z0.000000
G1 F933.990582 X1.331213 Y0.000000 Z0.000000
G1 F934.187661 X1.315644 Y0.000000 Z0.000000
G1 F934.382434 X1.300071 Y0.000000 Z0.000000
G1 F934.574901 X1.284494 Y0.000000 Z0.000000
G1 F934.765063 X1.268915 Y0.000000 Z0.000000
G1 F934.952918 X1.253332 Y0.000000 Z0.000000
G1 F935.138467 X1.237747 Y0.000000 Z0.000000
G1 F935.321708 X1.222158 Y0.000000 Z0.000000
G1 F935.502641 X1.206566 Y0.000000 Z0.000000
G1 F935.681266 X1.190972 Y0.000000 Z0.000000
G1 F935.857582 X1.175374 Y0.000000 Z0.000000
G1 F936.031589 X1.159773 Y0.000000 Z0.000000
G1 F936.203287 X1.144170 Y0.000000 Z0.000000
G1 F936.372674 X1.128564 Y0.000000 Z0.000000
G1 F936.539752 X1.112955 Y0.000000 Z0.000000
G1 F936.704518 X1.097343 Y0.000000 Z0.000000
G1 F936.866973 X1.081729 Y0.000000 Z0.000000
G1 F937.027116 X1.066112 Y0.000000 Z0.000000
G1 F937.184948 X1.050492 Y0.000000 Z0.000000
G1 F937.340467 X1.034869 Y0.000000 Z0.000000
G1 F937.493673 X1.019245 Y0.000000 Z0.000000
G1 F937.644566 X1.003617 Y0.000000 Z0.000000
G1 F937.793146 X0.987987 Y0.000000 Z0.000000
G1 F937.939411 X0.972355 Y0.000000 Z0.000000
G1 F938.083363 X0.956720 Y0.000000 Z0.000000
G1 F938.225000 X0.941083 Y0.000000 Z0.000000
G1 F938.364321 X0.925444 Y0.000000 Z0.000000
G1 F938.501328 X0.909802 Y0.000000 Z0.000000
G1 F938.636018 X0.894158 Y0.000000 Z0.000000
G1 F938.768393 X0.878512 Y0.000000 Z0.000000
G1 F938.898452 X0.862864 Y0.000000 Z0.000000
G1 F939.026194 X0.847213 Y0.000000 Z0.000000
G1 F939.151618 X0.831561 Y0.000000 Z0.000000
G1 F939.274726 X0.815906 Y0.000000 Z0.000000
G1 F939.395516 X0.800250 Y0.000000 Z0.000000
G1 F939.513988 X0.784591 Y0.000000 Z0.000000
G1 F939.630142 X0.768930 Y0.000000 Z0.000000
G1 F939.743978 X0.753268 Y0.000000 Z0.000000
G1 F939.855495 X0.737604 Y0.000000 Z0.000000
G1 F939.964692 X0.721938 Y0.000000 Z0.000000
G1 F940.071571 X0.706270 Y0.000000 Z0.000000
G1 F940.176130 X0.690600 Y0.000000 Z0.000000
G1 F940.278369 X0.674929 Y0.000000 Z0.000000
G1 F940.378289 X0.659256 Y0.000000 Z0.000000
G1 F940.475887 X0.643581 Y0.000000 Z0.000000
G1 F940.571166 X0.627905 Y0.000000 Z0.000000
G1 F940.664123 X0.612227 Y0.000000 Z0.000000
G1 F940.754760 X0.596548 Y0.000000 Z0.000000
G1 F940.843075 X0.580867 Y0.000000 Z0.000000
G1 F940.929069 X0.565185 Y0.000000 Z0.000000
G1 F941.012742 X0.549502 Y0.000000 Z0.000000
G1 F941.094092 X0.533817 Y0.000000 Z0.000000
G1 F941.173121 X0.518131 Y0.000000 Z0.000000
G1 F941.249827 X0.502443 Y0.000000 Z0.000000
G1 F941.324210 X0.486754 Y0.000000 Z0.000000
G1 F941.396272 X0.471065 Y0.000000 Z0.000000
G1 F941.466010 X0.455373 Y0.000000 Z0.000000
G1 F941.533425 X0.439681 Y0.000000 Z0.000000
G1 F941.598517 X0.423988 Y0.000000 Z0.000000
G1 F941.661286 X0.408294 Y0.000000 Z0.000000
G1 F941.721732 X0.392598 Y0.000000 Z0.000000
G1 F941.779853 X0.376902 Y0.000000 Z0.000000
G1 F941.835652 X0.361205 Y0.000000 Z0.000000
G1 F941.889126 X0.345506 Y0.000000 Z0.000000
G1 F941.940276 X0.329807 Y0.000000 Z0.000000
G1 F941.989102 X0.314108 Y0.000000 Z0.000000
G1 F942.035604 X0.298407 Y0.000000 Z0.000000
G1 F942.079781 X0.282706 Y0.000000 Z0.000000
G1 F942.121634 X0.267004 Y0.000000 Z0.000000
G1 F942.161162 X0.251301 Y0.000000 Z0.000000
G1 F942.198366 X0.235598 Y0.000000 Z0.000000
G1 F942.233245 X0.219894 Y0.000000 Z0.000000
G1 F942.265799 X0.204189 Y0.000000 Z0.000000
G1 F942.296028 X0.188484 Y0.000000 Z0.000000
G1 F942.323932 X0.172779 Y0.000000 Z0.000000
G1 F942.349511 X0.157073 Y0.000000 Z0.000000
G1 F942.372764 X0.141367 Y0.000000 Z0.000000
G1 F942.393693 X0.125660 Y0.000000 Z0.000000
G1 F942.412296 X0.109954 Y0.000000 Z0.000000
G1 F942.428574 X0.094246 Y0.000000 Z0.000000
G1 F942.442527 X0.078539 Y0.000000 Z0.000000
G1 F942.454154 X0.062831 Y0.000000 Z0.000000
G1 F942.463456 X0.047124 Y0.000000 Z0.000000
G1 F942.470432 X0.031416 Y0.000000 Z0.000000
G1 F942.475083 X0.015708 Y0.000000 Z0.000000
G1 F942.477408 X0.000000 Y0.000000 Z0.000000
G1 F942.477408 X-0.015708 Y0.000000 Z0.000000
G1 F942.475083 X-0.031416 Y0.000000 Z0.000000
G1 F942.470432 X-0.047124 Y0.000000 Z0.000000
G1 F942.463456 X-0.062831 Y0.000000 Z0.000000
G1 F942.454154 X-0.078539 Y0.000000 Z0.000000
G1 F942.442527 X-0.094246 Y0.000000 Z0.000000
G1 F942.428574 X-0.109954 Y0.000000 Z0.000000
G1 F942.412296 X-0.125660 Y0.000000 Z0.000000
G1 F942.393693 X-0.141367 Y0.000000 Z0.000000
G1 F942.372764 X-0.157073 Y0.000000 Z0.000000
G1 F942.349511 X-0.172779 Y0.000000 Z0.000000
G1 F942.323932 X-0.188484 Y0.000000 Z0.000000
G1 F942.296028 X-0.204189 Y0.000000 Z0.000000
G1 F942.265799 X-0.219894 Y0.000000 Z0.000000
G1 F942.233245 X-0.235598 Y0.000000 Z0.000000
G1 F942.198366 X-0.251301 Y0.000000 Z0.000000
G1 F942.161162 X-0.267004 Y0.000000 Z0.000000
G1 F942.121634 X-0.282706 Y0.000000 Z0.000000
G1 F942.079781 X-0.298407 Y0.000000 Z0.000000
G1 F942.035604 X-0.314108 Y0.000000 Z0.000000
G1 F941.989102 X-0.329807 Y0.000000 Z0.000000
G1 F941.940276 X-0.345506 Y0.000000 Z0.000000
G1 F941.889126 X-0.361205 Y0.000000 Z0.000000
G1 F941.835652 X-0.376902 Y0.000000 Z0.000000
G1 F941.779853 X-0.392598 Y0.000000 Z0.000000
G1 F941.721732 X-0.408294 Y0.000000 Z0.000000
G1 F941.661286 X-0.423988 Y0.000000 Z0.000000
G1 F941.598517 X-0.439681 Y0.000000 Z0.000000
G1 F941.533425 X-0.455373 Y0.000000 Z0.000000
G1 F941.466010 X-0.471065 Y0.000000 Z0.000000
G1 F941.396272 X-0.486754 Y0.000000 Z0.000000
G1 F941.324210 X-0.502443 Y0.000000 Z0.000000
G1 F941.249827 X-0.518131 Y0.000000 Z0.000000
G1 F941.173121 X-0.533817 Y0.000000 Z0.000000
G1 F941.094092 X-0.549502 Y0.000000 Z0.000000
G1 F941.012742 X-0.565185 Y0.000000 Z0.000000
G1 F940.929069 X-0.580867 Y0.000000 Z0.000000
G1 F940.843075 X-0.596548 Y0.000000 Z0.000000
G1 F940.754760 X-0.612227 Y0.000000 Z0.000000
G1 F940.664123 X-0.627905 Y0.000000 Z0.000000
G1 F940.571166 X-0.643581 Y0.000000 Z0.000000
G1 F940.475887 X-0.659256 Y0.000000 Z0.000000
G1 F940.378289 X-0.674929 Y0.000000 Z0.000000
G1 F940.278369 X-0.690600 Y0.000000 Z0.000000
G1 F940.176130 X-0.706270 Y0.000000 Z0.000000
G1 F940.071571 X-0.721938 Y0.000000 Z0.000000
G1 F939.964692 X-0.737604 Y0.000000 Z0.000000
G1 F939.855495 X-0.753268 Y0.000000 Z0.000000
G1 F939.743978 X-0.768930 Y0.000000 Z0.000000
G1 F939.630142 X-0.784591 Y0.000000 Z0.000000
G1 F939.513988 X-0.800250 Y0.000000 Z0.000000
G1 F939.395516 X-0.815906 Y0.000000 Z0.000000
G1 F939.274726 X-0.831561 Y0.000000 Z0.000000
G1 F939.151618 X-0.847213 Y0.000000 Z0.000000
G1 F939.026194 X-0.862864 Y0.000000 Z0.000000
G1 F938.898452 X-0.878512 Y0.000000 Z0.000000
G1 F938.768393 X-0.894158 Y0.000000 Z0.000000
G1 F938.636018 X-0.909802 Y0.000000 Z0.000000
G1 F938.501328 X-0.925444 Y0.000000 Z0.000000
G1 F938.364321 X-0.941083 Y0.000000 Z0.000000
G1 F938.225000 X-0.956720 Y0.000000 Z0.000000
G1 F938.083363 X-0.972355 Y0.000000 Z0.000000
G1 F937.939411 X-0.987987 Y0.000000 Z0.000000
G1 F937.793146 X-1.003617 Y0.000000 Z0.000000
G1 F937.644566 X-1.019245 Y0.000000 Z0.000000
G1 F937.493673 X-1.034869 Y0.000000 Z0.000000
G1 F937.340467 X-1.050492 Y0.000000 Z0.000000
G1 F937.184948 X-1.066112 Y0.000000 Z0.000000
G1 F937.027116 X-1.081729 Y0.000000 Z0.000000
G1 F936.866973 X-1.097343 Y0.000000 Z0.000000
G1 F936.704518 X-1.112955 Y0.000000 Z0.000000
G1 F936.539752 X-1.128564 Y0.000000 Z0.000000
G1 F936.372674 X-1.144170 Y0.000000 Z0.000000
G1 F936.203287 X-1.159773 Y0.000000 Z0.000000
G1 F936.031589 X-1.175374 Y0.000000 Z0.000000
G1 F935.857582 X-1.190972 Y0.000000 Z0.000000
G1 F935.681266 X-1.206566 Y0.000000 Z0.000000
G1 F935.502641 X-1.222158 Y0.000000 Z0.000000
G1 F935.321708 X-1.237747 Y0.000000 Z0.000000
G1 F935.138467 X-1.253332 Y0.000000 Z0.000000
G1 F934.952918 X-1.268915 Y0.000000 Z0.000000
G1 F934.765063 X-1.284494 Y0.000000 Z0.000000
G1 F934.574901 X-1.300071 Y0.000000 Z0.000000
G1 F934.382434 X-1.315644 Y0.000000 Z0.000000
G1 F934.187661 X-1.331213 Y0.000000 Z0.000000
G1 F933.990582 X-1.346780 Y0.000000 Z0.000000
G1 F933.791200 X-1.362343 Y0.000000 Z0.000000
G1 F933.589513 X-1.377903 Y0.000000 Z0.000000
G1 F933.385523 X-1.393459 Y0.000000 Z0.000000
G1 F933.179229 X-1.409012 Y0.000000 Z0.000000
G1 F932.970633 X-1.424562 Y0.000000 Z0.000000
G1 F932.759735 X-1.440108 Y0.000000 Z0.000000
G1 F932.546536 X-1.455650 Y0.000000 Z0.000000
G1 F932.331036 X-1.471189 Y0.000000 Z0.000000
G1 F932.113235 X-1.486724 Y0.000000 Z0.000000
G1 F931.893134 X-1.502256 Y0.000000 Z0.000000
G1 F931.670734 X-1.517784 Y0.000000 Z0.000000
G1 F931.446035 X-1.533308 Y0.000000 Z0.000000
G1 F931.219038 X-1.548828 Y0.000000 Z0.000000
G1 F930.989744 X-1.564345 Y0.000000 Z0.000000
G1 F930.758152 X-1.579857 Y0.000000 Z0.000000
G1 F930.524263 X-1.595366 Y0.000000 Z0.000000
G1 F930.288079 X-1.610871 Y0.000000 Z0.000000
G1 F930.049599 X-1.626372 Y0.000000 Z0.000000
G1 F929.808824 X-1.641868 Y0.000000 Z0.000000
G1 F929.565756 X-1.657361 Y0.000000 Z0.000000
G1 F929.320393 X-1.672850 Y0.000000 Z0.000000
G1 F929.072738 X-1.688334 Y0.000000 Z0.000000
G1 F928.822790 X-1.703815 Y0.000000 Z0.000000
G1 F928.570550 X-1.719291 Y0.000000 Z0.000000
G1 F928.316019 X-1.734763 Y0.000000 Z0.000000
G1 F928.059198 X-1.750231 Y0.000000 Z0.000000
G1 F927.800087 X-1.765694 Y0.000000 Z0.000000
G1 F927.538686 X-1.781153 Y0.000000 Z0.000000
G1 F927.274997 X-1.796607 Y0.000000 Z0.000000
G1 F927.009020 X-1.812058 Y0.000000 Z0.000000
G1 F926.740756 X-1.827503 Y0.000000 Z0.000000
G1 F926.470205 X-1.842944 Y0.000000 Z0.000000
G1 F926.197368 X-1.858381 Y0.000000 Z0.000000
G1 F925.922246 X-1.873813 Y0.000000 Z0.000000
G1 F925.644839 X-1.889241 Y0.000000 Z0.000000
G1 F925.365148 X-1.904663 Y0.000000 Z0.000000
G1 F925.083174 X-1.920081 Y0.000000 Z0.000000
G1 F924.798918 X-1.935495 Y0.000000 Z0.000000
G1 F924.512379 X-1.950903 Y0.000000 Z0.000000
G1 F924.223560 X-1.966307 Y0.000000 Z0.000000
G1 F923.932460 X-1.981706 Y0.000000 Z0.000000
G1 F923.639080 X-1.997100 Y0.000000 Z0.000000
G1 F923.343421 X-2.012489 Y0.000000 Z0.000000
G1 F923.045484 X-2.027873 Y0.000000 Z0.000000
G1 F922.745270 X-2.043252 Y0.000000 Z0.000000
G1 F922.442778 X-2.058626 Y0.000000 Z0.000000
G1 F922.138011 X-2.073995 Y0.000000 Z0.000000
G1 F921.830968 X-2.089359 Y0.000000 Z0.000000
G1 F921.521651 X-2.104718 Y0.000000 Z0.000000
G1 F921.210060 X-2.120071 Y0.000000 Z0.000000
G1 F920.896197 X-2.135419 Y0.000000 Z0.000000
G1 F920.580060 X-2.150762 Y0.000000 Z0.000000
G1 F920.261653 X-2.166100 Y0.000000 Z0.000000
G1 F919.940975 X-2.181432 Y0.000000 Z0.000000
G1 F919.618027 X-2.196759 Y0.000000 Z0.000000
G1 F919.292810 X-2.212081 Y0.000000 Z0.000000
G1 F918.965324 X-2.227397 Y0.000000 Z0.000000
G1 F918.635571 X-2.242708 Y0.000000 Z0.000000
G1 F918.303552 X-2.258013 Y0.000000 Z0.000000
G1 F917.969267 X-2.273312 Y0.000000 Z0.000000
G1 F917.632716 X-2.288606 Y0.000000 Z0.000000
G1 F917.293902 X-2.303894 Y0.000000 Z0.000000
G1 F916.952824 X-2.319177 Y0.000000 Z0.000000
G1 F916.609484 X-2.334454 Y0.000000 Z0.000000
G1 F916.263882 X-2.349725 Y0.000000 Z0.000000
G1 F915.916019 X-2.364990 Y0.000000 Z0.000000
G1 F915.565896 X-2.380249 Y0.000000 Z0.000000
G1 F915.213515 X-2.395503 Y0.000000 Z0.000000
G1 F914.858875 X-2.410751 Y0.000000 Z0.000000
G1 F914.501977 X-2.425992 Y0.000000 Z0.000000
G1 F914.142824 X-2.441228 Y0.000000 Z0.000000
G1 F913.781414 X-2.456458 Y0.000000 Z0.000000
G1 F913.417751 X-2.471681 Y0.000000 Z0.000000
G1 F913.051833 X-2.486899 Y0.000000 Z0.000000
G1 F912.683662 X-2.502110 Y0.000000 Z0.000000
G1 F912.313240 X-2.517315 Y0.000000 Z0.000000
G1 F911.940566 X-2.532514 Y0.000000 Z0.000000
G1 F911.565643 X-2.547707 Y0.000000 Z0.000000
G1 F911.188470 X-2.562894 Y0.000000 Z0.000000
G1 F910.809049 X-2.578074 Y0.000000 Z0.000000
G1 F910.427380 X-2.593248 Y0.000000 Z0.000000
G1 F910.043465 X-2.608415 Y0.000000 Z0.000000
G1 F909.657305 X-2.623576 Y0.000000 Z0.000000
G1 F909.268900 X-2.638730 Y0.000000 Z0.000000
G1 F908.878252 X-2.653878 Y0.000000 Z0.000000
G1 F908.485361 X-2.669020 Y0.000000 Z0.000000
G1 F908.090229 X-2.684155 Y0.000000 Z0.000000
G1 F907.692855 X-2.699283 Y0.000000 Z0.000000
G1 F907.293243 X-2.714404 Y0.000000 Z0.000000
G1 F906.891391 X-2.729519 Y0.000000 Z0.000000
G1 F906.487302 X-2.744627 Y0.000000 Z0.000000
G1 F906.080977 X-2.759729 Y0.000000 Z0.000000
G1 F905.672415 X-2.774823 Y0.000000 Z0.000000
G1 F905.261619 X-2.789911 Y0.000000 Z0.000000
G1 F904.848589 X-2.804992 Y0.000000 Z0.000000
G1 F904.433327 X-2.820066 Y0.000000 Z0.000000
G1 F904.015833 X-2.835133 Y0.000000 Z0.000000
G1 F903.596109 X-2.850193 Y0.000000 Z0.000000
G1 F903.174155 X-2.865246 Y0.000000 Z0.000000
G1 F902.749972 X-2.880291 Y0.000000 Z0.000000
G1 F902.323562 X-2.895330 Y0.000000 Z0.000000
G1 F901.894926 X-2.910362 Y0.000000 Z0.000000
G1 F901.464064 X-2.925386 Y0.000000 Z0.000000
G1 F901.030978 X-2.940403 Y0.000000 Z0.000000
G1 F900.595669 X-2.955413 Y0.000000 Z0.000000
G1 F900.158138 X-2.970416 Y0.000000 Z0.000000
G1 F899.718385 X-2.985411 Y0.000000 Z0.000000
G1 F899.276413 X-3.000399 Y0.000000 Z0.000000
G1 F898.832222 X-3.015380 Y0.000000 Z0.000000
G1 F898.385813 X-3.030353 Y0.000000 Z0.000000
G1 F897.937187 X-3.045318 Y0.000000 Z0.000000
G1 F897.486346 X-3.060276 Y0.000000 Z0.000000
G1 F897.033290 X-3.075227 Y0.000000 Z0.000000
G1 F896.578021 X-3.090170 Y0.000000 Z0.000000
G1 F896.120540 X-3.105105 Y0.000000 Z0.000000
G1 F895.660848 X-3.120033 Y0.000000 Z0.000000
G1 F895.198946 X-3.134953 Y0.000000 Z0.000000
G1 F894.734835 X-3.149865 Y0.000000 Z0.000000
G1 F894.268516 X-3.164770 Y0.000000 Z0.000000
G1 F893.799990 X-3.179666 Y0.000000 Z0.000000
G1 F893.329260 X-3.194555 Y0.000000 Z0.000000
G1 F892.856325 X-3.209436 Y0.000000 Z0.000000
G1 F892.381187 X-3.224309 Y0.000000 Z0.000000
G1 F891.903847 X-3.239174 Y0.000000 Z0.000000
G1 F891.424307 X-3.254031 Y0.000000 Z0.000000
G1 F890.942567 X-3.268880 Y0.000000 Z0.000000
G1 F890.458629 X-3.283721 Y0.000000 Z0.000000
G1 F889.972493 X-3.298554 Y0.000000 Z0.000000
G1 F889.484162 X-3.313379 Y0.000000 Z0.000000
G1 F888.993636 X-3.328195 Y0.000000 Z0.000000
G1 F888.500917 X-3.343004 Y0.000000 Z0.000000
G1 F888.006005 X-3.357804 Y0.000000 Z0.000000
G1 F887.508902 X-3.372596 Y0.000000 Z0.000000
G1 F887.009609 X-3.387379 Y0.000000 Z0.000000
G1 F886.508128 X-3.402154 Y0.000000 Z0.000000
G1 F886.004460 X-3.416921 Y0.000000 Z0.000000
G1 F885.498605 X-3.431679 Y0.000000 Z0.000000
G1 F884.990565 X-3.446429 Y0.000000 Z0.000000
G1 F884.480342 X-3.461171 Y0.000000 Z0.000000
G1 F883.967936 X-3.475903 Y0.000000 Z0.000000
G1 F883.453349 X-3.490628 Y0.000000 Z0.000000
G1 F882.936583 X-3.505343 Y0.000000 Z0.000000
G1 F882.417638 X-3.520050 Y0.000000 Z0.000000
G1 F881.896515 X-3.534748 Y0.000000 Z0.000000
G1 F881.373217 X-3.549438 Y0.000000 Z0.000000
G1 F880.847744 X-3.564119 Y0.000000 Z0.000000
G1 F880.320097 X-3.578791 Y0.000000 Z0.000000
G1 F879.790278 X-3.593454 Y0.000000 Z0.000000
G1 F879.258289 X-3.608108 Y0.000000 Z0.000000
G1 F878.724130 X-3.622754 Y0.000000 Z0.000000
G1 F878.187803 X-3.637390 Y0.000000 Z0.000000
G1 F877.649309 X-3.652018 Y0.000000 Z0.000000
G1 F877.108650 X-3.666636 Y0.000000 Z0.000000
G1 F876.565826 X-3.681246 Y0.000000 Z0.000000
G1 F876.020840 X-3.695846 Y0.000000 Z0.000000
G1 F875.473692 X-3.710437 Y0.000000 Z0.000000
G1 F874.924384 X-3.725019 Y0.000000 Z0.000000
G1 F874.372917 X-3.739592 Y0.000000 Z0.000000
G1 F873.819292 X-3.754156 Y0.000000 Z0.000000
G1 F873.263512 X-3.768710 Y0.000000 Z0.000000
G1 F872.705577 X-3.783255 Y0.000000 Z0.000000
G1 F872.145489 X-3.797791 Y0.000000 Z0.000000
G1 F871.583248 X-3.812317 Y0.000000 Z0.000000
G1 F871.018858 X-3.826834 Y0.000000 Z0.000000
G1 F870.452318 X-3.841342 Y0.000000 Z0.000000
G1 F869.883630 X-3.855840 Y0.000000 Z0.000000
G1 F869.312796 X-3.870328 Y0.000000 Z0.000000
G1 F868.739817 X-3.884807 Y0.000000 Z0.000000
G1 F868.164694 X-3.899277 Y0.000000 Z0.000000
G1 F867.587429 X-3.913737 Y0.000000 Z0.000000
G1 F867.008024 X-3.928187 Y0.000000 Z0.000000
G1 F866.426479 X-3.942627 Y0.000000 Z0.000000
G1 F865.842797 X-3.957058 Y0.000000 Z0.000000
G1 F865.256978 X-3.971479 Y0.000000 Z0.000000
G1 F864.669024 X-3.985890 Y0.000000 Z0.000000
G1 F864.078937 X-4.000291 Y0.000000 Z0.000000
G1 F863.486718 X-4.014683 Y0.000000 Z0.000000
G1 F862.892368 X-4.029064 Y0.000000 Z0.000000
G1 F862.295889 X-4.043436 Y0.000000 Z0.000000
G1 F861.697282 X-4.057798 Y0.000000 Z0.000000
G1 F861.096550 X-4.072149 Y0.000000 Z0.000000
G1 F860.493692 X-4.086491 Y0.000000 Z0.000000
G1 F859.888712 X-4.100822 Y0.000000 Z0.000000
G1 F859.281609 X-4.115144 Y0.000000 Z0.000000
G1 F858.672387 X-4.129455 Y0.000000 Z0.000000
G1 F858.061046 X-4.143756 Y0.000000 Z0.000000
G1 F857.447588 X-4.158047 Y0.000000 Z0.000000
G1 F856.832014 X-4.172327 Y0.000000 Z0.000000
G1 F856.214325 X-4.186597 Y0.000000 Z0.000000
G1 F855.594525 X-4.200857 Y0.000000 Z0.000000
G1 F854.972613 X-4.215107 Y0.000000 Z0.000000
G1 F854.348591 X-4.229346 Y0.000000 Z0.000000
G1 F853.722462 X-4.243575 Y0.000000 Z0.000000
G1 F853.094226 X-4.257793 Y0.000000 Z0.000000
G1 F852.463885 X-4.272001 Y0.000000 Z0.000000
G1 F851.831441 X-4.286198 Y0.000000 Z0.000000
G1 F851.196895 X-4.300384 Y0.000000 Z0.000000
G1 F850.560249 X-4.314560 Y0.000000 Z0.000000
G1 F849.921504 X-4.328726 Y0.000000 Z0.000000
G1 F849.280662 X-4.342880 Y0.000000 Z0.000000
G1 F848.637724 X-4.357024 Y0.000000 Z0.000000
G1 F847.992693 X-4.371158 Y0.000000 Z0.000000
G1 F847.345569 X-4.385280 Y0.000000 Z0.000000
G1 F846.696354 X-4.399392 Y0.000000 Z0.000000
G1 F846.045051 X-4.413492 Y0.000000 Z0.000000
G1 F845.391659 X-4.427582 Y0.000000 Z0.000000
G1 F844.736182 X-4.441661 Y0.000000 Z0.000000
G1 F844.078621 X-4.455729 Y0.000000 Z0.000000
G1 F843.418977 X-4.469786 Y0.000000 Z0.000000
G1 F842.757251 X-4.483832 Y0.000000 Z0.000000
G1 F842.093447 X-4.497867 Y0.000000 Z0.000000
G1 F841.427564 X-4.511891 Y0.000000 Z0.000000
G1 F840.759606 X-4.525904 Y0.000000 Z0.000000
G1 F840.089573 X-4.539905 Y0.000000 Z0.000000
G1 F839.417467 X-4.553895 Y0.000000 Z0.000000
G1 F838.743290 X-4.567874 Y0.000000 Z0.000000
G1 F838.067043 X-4.581842 Y0.000000 Z0.000000
G1 F837.388729 X-4.595799 Y0.000000 Z0.000000
G1 F836.708348 X-4.609744 Y0.000000 Z0.000000
G1 F836.025903 X-4.623678 Y0.000000 Z0.000000
G1 F835.341395 X-4.637600 Y0.000000 Z0.000000
G1 F834.654826 X-4.651511 Y0.000000 Z0.000000
G1 F833.966198 X-4.665410 Y0.000000 Z0.000000
G1 F833.275512 X-4.679298 Y0.000000 Z0.000000
G1 F832.582770 X-4.693175 Y0.000000 Z0.000000
G1 F831.887973 X-4.707039 Y0.000000 Z0.000000
G1 F831.191124 X-4.720893 Y0.000000 Z0.000000
G1 F830.492224 X-4.734734 Y0.000000 Z0.000000
G1 F829.791275 X-4.748564 Y0.000000 Z0.000000
G1 F829.088278 X-4.762382 Y0.000000 Z0.000000
G1 F828.383236 X-4.776188 Y0.000000 Z0.000000
G1 F827.676150 X-4.789983 Y0.000000 Z0.000000
G1 F826.967022 X-4.803766 Y0.000000 Z0.000000
G1 F826.255853 X-4.817537 Y0.000000 Z0.000000
G1 F825.542645 X-4.831296 Y0.000000 Z0.000000
G1 F824.827401 X-4.845043 Y0.000000 Z0.000000
G1 F824.110121 X-4.858778 Y0.000000 Z0.000000
G1 F823.390808 X-4.872501 Y0.000000 Z0.000000
G1 F822.669463 X-4.886212 Y0.000000 Z0.000000
G1 F821.946088 X-4.899912 Y0.000000 Z0.000000
G1 F821.220686 X-4.913599 Y0.000000 Z0.000000
G1 F820.493257 X-4.927273 Y0.000000 Z0.000000
G1 F819.763803 X-4.940936 Y0.000000 Z0.000000
G1 F819.032327 X-4.954587 Y0.000000 Z0.000000
G1 F818.298830 X-4.968225 Y0.000000 Z0.000000
G1 F817.563314 X-4.981851 Y0.000000 Z0.000000
G1 F816.825781 X-4.995465 Y0.000000 Z0.000000
G1 F816.086232 X-5.009066 Y0.000000 Z0.000000
G1 F815.344670 X-5.022655 Y0.000000 Z0.000000
G1 F814.601095 X-5.036232 Y0.000000 Z0.000000
G1 F813.855511 X-5.049796 Y0.000000 Z0.000000
G1 F813.107919 X-5.063348 Y0.000000 Z0.000000
G1 F812.358321 X-5.076887 Y0.000000 Z0.000000
G1 F811.606718 X-5.090414 Y0.000000 Z0.000000
G1 F810.853112 X-5.103928 Y0.000000 Z0.000000
G1 F810.097506 X-5.117430 Y0.000000 Z0.000000
G1 F809.339901 X-5.130919 Y0.000000 Z0.000000
G1 F808.580299 X-5.144395 Y0.000000 Z0.000000
G1 F807.818702 X-5.157859 Y0.000000 Z0.000000
G1 F807.055112 X-5.171310 Y0.000000 Z0.000000
G1 F806.289530 X-5.184748 Y0.000000 Z0.000000
G1 F805.521959 X-5.198173 Y0.000000 Z0.000000
G1 F804.752401 X-5.211586 Y0.000000 Z0.000000
G1 F803.980856 X-5.224986 Y0.000000 Z0.000000
G1 F803.207329 X-5.238372 Y0.000000 Z0.000000
G1 F802.431819 X-5.251746 Y0.000000 Z0.000000
G1 F801.654329 X-5.265107 Y0.000000 Z0.000000
G1 F800.874861 X-5.278455 Y0.000000 Z0.000000
G1 F800.093417 X-5.291790 Y0.000000 Z0.000000
G1 F799.310000 X-5.305112 Y0.000000 Z0.000000
G1 F798.524609 X-5.318421 Y0.000000 Z0.000000
G1 F797.737249 X-5.331716 Y0.000000 Z0.000000
G1 F796.947920 X-5.344999 Y0.000000 Z0.000000
G1 F796.156625 X-5.358268 Y0.000000 Z0.000000
G1 F795.363365 X-5.371524 Y0.000000 Z0.000000
G1 F794.568143 X-5.384767 Y0.000000 Z0.000000
G1 F793.770961 X-5.397996 Y0.000000 Z0.000000
G1 F792.971819 X-5.411213 Y0.000000 Z0.000000
G1 F792.170722 X-5.424415 Y0.000000 Z0.000000
G1 F791.367669 X-5.437605 Y0.000000 Z0.000000
G1 F790.562664 X-5.450781 Y0.000000 Z0.000000
G1 F789.755709 X-5.463943 Y0.000000 Z0.000000
G1 F788.946805 X-5.477093 Y0.000000 Z0.000000
G1 F788.135954 X-5.490228 Y0.000000 Z0.000000
G1 F787.323158 X-5.503350 Y0.000000 Z0.000000
G1 F786.508420 X-5.516459 Y0.000000 Z0.000000
G1 F785.691741 X-5.529554 Y0.000000 Z0.000000
G1 F784.873124 X-5.542635 Y0.000000 Z0.000000
G1 F784.052570 X-5.555702 Y0.000000 Z0.000000
G1 F783.230081 X-5.568756 Y0.000000 Z0.000000
G1 F782.405660 X-5.581796 Y0.000000 Z0.000000
G1 F781.579308 X-5.594823 Y0.000000 Z0.000000
G1 F780.751028 X-5.607835 Y0.000000 Z0.000000
G1 F779.920822 X-5.620834 Y0.000000 Z0.000000
G1 F779.088691 X-5.633819 Y0.000000 Z0.000000
G1 F778.254638 X-5.646790 Y0.000000 Z0.000000
G1 F777.418664 X-5.659746 Y0.000000 Z0.000000
G1 F776.580772 X-5.672689 Y0.000000 Z0.000000
G1 F775.740965 X-5.685619 Y0.000000 Z0.000000
G1 F774.899243 X-5.698533 Y0.000000 Z0.000000
G1 F774.055609 X-5.711434 Y0.000000 Z0.000000
G1 F773.210065 X-5.724321 Y0.000000 Z0.000000
G1 F772.362613 X-5.737194 Y0.000000 Z0.000000
G1 F771.513256 X-5.750053 Y0.000000 Z0.000000
G1 F770.661995 X-5.762897 Y0.000000 Z0.000000
G1 F769.808832 X-5.775727 Y0.000000 Z0.000000
G1 F768.953771 X-5.788543 Y0.000000 Z0.000000
G1 F768.096811 X-5.801345 Y0.000000 Z0.000000
G1 F767.237957 X-5.814132 Y0.000000 Z0.000000
G1 F766.377209 X-5.826905 Y0.000000 Z0.000000
G1 F765.514571 X-5.839663 Y0.000000 Z0.000000
G1 F764.650043 X-5.852408 Y0.000000 Z0.000000
G1 F763.783629 X-5.865137 Y0.000000 Z0.000000
G1 F762.915331 X-5.877853 Y0.000000 Z0.000000
G1 F762.045150 X-5.890553 Y0.000000 Z0.000000
G1 F761.173089 X-5.903239 Y0.000000 Z0.000000
G1 F760.299149 X-5.915911 Y0.000000 Z0.000000
G1 F759.423334 X-5.928568 Y0.000000 Z0.000000
G1 F758.545645 X-5.941211 Y0.000000 Z0.000000
G1 F757.666084 X-5.953838 Y0.000000 Z0.000000
G1 F756.784654 X-5.966451 Y0.000000 Z0.000000
G1 F755.901356 X-5.979050 Y0.000000 Z0.000000
G1 F755.016193 X-5.991633 Y0.000000 Z0.000000
G1 F754.129168 X-6.004202 Y0.000000 Z0.000000
G1 F753.240281 X-6.016756 Y0.000000 Z0.000000
G1 F752.349537 X-6.029295 Y0.000000 Z0.000000
G1 F751.456935 X-6.041820 Y0.000000 Z0.000000
G1 F750.562480 X-6.054329 Y0.000000 Z0.000000
G1 F749.666173 X-6.066824 Y0.000000 Z0.000000
G1 F748.768016 X-6.079303 Y0.000000 Z0.000000
G1 F747.868011 X-6.091767 Y0.000000 Z0.000000
G1 F746.966161 X-6.104217 Y0.000000 Z0.000000
G1 F746.062468 X-6.116651 Y0.000000 Z0.000000
G1 F745.156935 X-6.129071 Y0.000000 Z0.000000
G1 F744.249562 X-6.141475 Y0.000000 Z0.000000
G1 F743.340354 X-6.153864 Y0.000000 Z0.000000
G1 F742.429311 X-6.166238 Y0.000000 Z0.000000
G1 F741.516436 X-6.178596 Y0.000000 Z0.000000
G1 F740.601732 X-6.190939 Y0.000000 Z0.000000
G1 F739.685200 X-6.203268 Y0.000000 Z0.000000
G1 F738.766843 X-6.215580 Y0.000000 Z0.000000
G1 F737.846664 X-6.227878 Y0.000000 Z0.000000
G1 F736.924664 X-6.240160 Y0.000000 Z0.000000
G1 F736.000845 X-6.252427 Y0.000000 Z0.000000
G1 F735.075211 X-6.264678 Y0.000000 Z0.000000
G1 F734.147762 X-6.276914 Y0.000000 Z0.000000
G1 F733.218503 X-6.289134 Y0.000000 Z0.000000
G1 F732.287434 X-6.301339 Y0.000000 Z0.000000
G1 F731.354558 X-6.313528 Y0.000000 Z0.000000
G1 F730.419878 X-6.325702 Y0.000000 Z0.000000
G1 F729.483396 X-6.337860 Y0.000000 Z0.000000
G1 F728.545114 X-6.350002 Y0.000000 Z0.000000
G1 F727.605034 X-6.362129 Y0.000000 Z0.000000
G1 F726.663158 X-6.374240 Y0.000000 Z0.000000
G1 F725.719490 X-6.386335 Y0.000000 Z0.000000
G1 F724.774031 X-6.398415 Y0.000000 Z0.000000
G1 F723.826784 X-6.410479 Y0.000000 Z0.000000
G1 F722.877751 X-6.422527 Y0.000000 Z0.000000
G1 F721.926934 X-6.434559 Y0.000000 Z0.000000
G1 F720.974336 X-6.446575 Y0.000000 Z0.000000
G1 F720.019959 X-6.458575 Y0.000000 Z0.000000
G1 F719.063806 X-6.470560 Y0.000000 Z0.000000
G1 F718.105878 X-6.482528 Y0.000000 Z0.000000
G1 F717.146178 X-6.494480 Y0.000000 Z0.000000
G1 F716.184709 X-6.506417 Y0.000000 Z0.000000
G1 F715.221473 X-6.518337 Y0.000000 Z0.000000
G1 F714.256472 X-6.530242 Y0.000000 Z0.000000
G1 F713.289709 X-6.542130 Y0.000000 Z0.000000
G1 F712.321186 X-6.554002 Y0.000000 Z0.000000
G1 F711.350905 X-6.565858 Y0.000000 Z0.000000
G1 F710.378869 X-6.577697 Y0.000000 Z0.000000
G1 F709.405080 X-6.589521 Y0.000000 Z0.000000
G1 F708.429541 X-6.601328 Y0.000000 Z0.000000
G1 F707.452253 X-6.613119 Y0.000000 Z0.000000
G1 F706.473221 X-6.624893 Y0.000000 Z0.000000
G1 F705.492445 X-6.636651 Y0.000000 Z0.000000
G1 F704.509928 X-6.648393 Y0.000000 Z0.000000
G1 F703.525673 X-6.660119 Y0.000000 Z0.000000
G1 F702.539682 X-6.671828 Y0.000000 Z0.000000
G1 F701.551958 X-6.683520 Y0.000000 Z0.000000
G1 F700.562503 X-6.695196 Y0.000000 Z0.000000
G1 F699.571319 X-6.706856 Y0.000000 Z0.000000
G1 F698.578409 X-6.718499 Y0.000000 Z0.000000
G1 F697.583775 X-6.730125 Y0.000000 Z0.000000
G1 F696.587420 X-6.741735 Y0.000000 Z0.000000
G1 F695.589347 X-6.753328 Y0.000000 Z0.000000
G1 F694.589557 X-6.764905 Y0.000000 Z0.000000
G1 F693.588053 X-6.776464 Y0.000000 Z0.000000
G1 F692.584838 X-6.788007 Y0.000000 Z0.000000
G1 F691.579914 X-6.799534 Y0.000000 Z0.000000
G1 F690.573283 X-6.811043 Y0.000000 Z0.000000
G1 F689.564949 X-6.822536 Y0.000000 Z0.000000
G1 F688.554913 X-6.834012 Y0.000000 Z0.000000
G1 F687.543178 X-6.845471 Y0.000000 Z0.000000
G1 F686.529747 X-6.856913 Y0.000000 Z0.000000
G1 F685.514622 X-6.868338 Y0.000000 Z0.000000
G1 F684.497806 X-6.879747 Y0.000000 Z0.000000
G1 F683.479300 X-6.891138 Y0.000000 Z0.000000
G1 F682.459108 X-6.902512 Y0.000000 Z0.000000
G1 F681.437232 X-6.913870 Y0.000000 Z0.000000
G1 F680.413675 X-6.925210 Y0.000000 Z0.000000
G1 F679.388439 X-6.936533 Y0.000000 Z0.000000
G1 F678.361527 X-6.947839 Y0.000000 Z0.000000
G1 F677.332941 X-6.959128 Y0.000000 Z0.000000
G1 F676.302683 X-6.970400 Y0.000000 Z0.000000
G1 F675.270757 X-6.981654 Y0.000000 Z0.000000
G1 F674.237165 X-6.992891 Y0.000000 Z0.000000
G1 F673.201909 X-7.004112 Y0.000000 Z0.000000
G1 F672.164992 X-7.015314 Y0.000000 Z0.000000
G1 F671.126417 X-7.026500 Y0.000000 Z0.000000
G1 F670.086185 X-7.037668 Y0.000000 Z0.000000
G1 F669.044301 X-7.048819 Y0.000000 Z0.000000
G1 F668.000765 X-7.059952 Y0.000000 Z0.000000
G1 F666.955581 X-7.071068 Y0.000000 Z0.000000
G1 F665.908752 X-7.082166 Y0.000000 Z0.000000
G1 F664.860279 X-7.093247 Y0.000000 Z0.000000
G1 F663.810167 X-7.104311 Y0.000000 Z0.000000
G1 F662.758416 X-7.115357 Y0.000000 Z0.000000
G1 F661.705030 X-7.126385 Y0.000000 Z0.000000
G1 F660.650011 X-7.137396 Y0.000000 Z0.000000
G1 F659.593362 X-7.148389 Y0.000000 Z0.000000
G1 F658.535085 X-7.159365 Y0.000000 Z0.000000
G1 F657.475184 X-7.170323 Y0.000000 Z0.000000
G1 F656.413661 X-7.181263 Y0.000000 Z0.000000
G1 F655.350517 X-7.192185 Y0.000000 Z0.000000
G1 F654.285757 X-7.203090 Y0.000000 Z0.000000
G1 F653.219383 X-7.213977 Y0.000000 Z0.000000
G1 F652.151396 X-7.224846 Y0.000000 Z0.000000
G1 F651.081801 X-7.235698 Y0.000000 Z0.000000
G1 F650.010599 X-7.246531 Y0.000000 Z0.000000
G1 F648.937793 X-7.257347 Y0.000000 Z0.000000
G1 F647.863386 X-7.268145 Y0.000000 Z0.000000
G1 F646.787381 X-7.278924 Y0.000000 Z0.000000
G1 F645.709780 X-7.289686 Y0.000000 Z0.000000
G1 F644.630585 X-7.300430 Y0.000000 Z0.000000
G1 F643.549800 X-7.311156 Y0.000000 Z0.000000
G1 F642.467427 X-7.321864 Y0.000000 Z0.000000
G1 F641.383469 X-7.332553 Y0.000000 Z0.000000
G1 F640.297928 X-7.343225 Y0.000000 Z0.000000
G1 F639.210807 X-7.353879 Y0.000000 Z0.000000
G1 F638.122109 X-7.364514 Y0.000000 Z0.000000
G1 F637.031837 X-7.375131 Y0.000000 Z0.000000
G1 F635.939993 X-7.385730 Y0.000000 Z0.000000
G1 F634.846579 X-7.396311 Y0.000000 Z0.000000
G1 F633.751600 X-7.406873 Y0.000000 Z0.000000
G1 F632.655056 X-7.417418 Y0.000000 Z0.000000
G1 F631.556952 X-7.427944 Y0.000000 Z0.000000
G1 F630.457289 X-7.438451 Y0.000000 Z0.000000
G1 F629.356071 X-7.448941 Y0.000000 Z0.000000
G1 F628.253300 X-7.459411 Y0.000000 Z0.000000
G1 F627.148978 X-7.469864 Y0.000000 Z0.000000
G1 F626.043109 X-7.480298 Y0.000000 Z0.000000
G1 F624.935696 X-7.490714 Y0.000000 Z0.000000
G1 F623.826740 X-7.501111 Y0.000000 Z0.000000
G1 F622.716246 X-7.511489 Y0.000000 Z0.000000
G1 F621.604214 X-7.521849 Y0.000000 Z0.000000
G1 F620.490650 X-7.532191 Y0.000000 Z0.000000
G1 F619.375554 X-7.542514 Y0.000000 Z0.000000
G1 F618.258929 X-7.552818 Y0.000000 Z0.000000
G1 F617.140780 X-7.563104 Y0.000000 Z0.000000
G1 F616.021107 X-7.573371 Y0.000000 Z0.000000
G1 F614.899915 X-7.583619 Y0.000000 Z0.000000
G1 F613.777205 X-7.593849 Y0.000000 Z0.000000
G1 F612.652981 X-7.604060 Y0.000000 Z0.000000
G1 F611.527246 X-7.614252 Y0.000000 Z0.000000
G1 F610.400001 X-7.624425 Y0.000000 Z0.000000
G1 F609.271250 X-7.634580 Y0.000000 Z0.000000
G1 F608.140997 X-7.644715 Y0.000000 Z0.000000
G1 F607.009242 X-7.654832 Y0.000000 Z0.000000
G1 F605.875990 X-7.664930 Y0.000000 Z0.000000
G1 F604.741243 X-7.675009 Y0.000000 Z0.000000
G1 F603.605003 X-7.685069 Y0.000000 Z0.000000
G1 F602.467275 X-7.695110 Y0.000000 Z0.000000
G1 F601.328059 X-7.705132 Y0.000000 Z0.000000
G1 F600.187361 X-7.715136 Y0.000000 Z0.000000
G1 F598.473352 X-7.735085 Y0.000000 Z0.000000
G1 F596.183087 X-7.754957 Y0.000000 Z0.000000
G1 F593.886938 X-7.774754 Y0.000000 Z0.000000
G1 F591.584928 X-7.794473 Y0.000000 Z0.000000
G1 F589.277078 X-7.814116 Y0.000000 Z0.000000
G1 F586.963413 X-7.833681 Y0.000000 Z0.000000
G1 F584.643955 X-7.853169 Y0.000000 Z0.000000
G1 F582.318727 X-7.872580 Y0.000000 Z0.000000
G1 F579.987751 X-7.891913 Y0.000000 Z0.000000
G1 F577.651052 X-7.911168 Y0.000000 Z0.000000
G1 F575.308651 X-7.930345 Y0.000000 Z0.000000
G1 F572.960572 X-7.949444 Y0.000000 Z0.000000
G1 F570.606838 X-7.968464 Y0.000000 Z0.000000
G1 F568.247472 X-7.987405 Y0.000000 Z0.000000
G1 F565.882498 X-8.006268 Y0.000000 Z0.000000
G1 F563.511939 X-8.025052 Y0.000000 Z0.000000
G1 F561.135818 X-8.043756 Y0.000000 Z0.000000
G1 F558.754159 X-8.062381 Y0.000000 Z0.000000
G1 F556.366986 X-8.080927 Y0.000000 Z0.000000
G1 F553.974321 X-8.099393 Y0.000000 Z0.000000
G1 F551.576189 X-8.117779 Y0.000000 Z0.000000
G1 F549.172613 X-8.136084 Y0.000000 Z0.000000
G1 F546.763617 X-8.154310 Y0.000000 Z0.000000
G1 F544.349225 X-8.172455 Y0.000000 Z0.000000
G1 F541.929460 X-8.190519 Y0.000000 Z0.000000
G1 F539.504346 X-8.208503 Y0.000000 Z0.000000
G1 F537.073908 X-8.226405 Y0.000000 Z0.000000
G1 F534.638169 X-8.244226 Y0.000000 Z0.000000
G1 F532.197153 X-8.261966 Y0.000000 Z0.000000
G1 F529.750885 X-8.279625 Y0.000000 Z0.000000
G1 F527.299389 X-8.297201 Y0.000000 Z0.000000
G1 F524.842688 X-8.314696 Y0.000000 Z0.000000
G1 F522.380807 X-8.332109 Y0.000000 Z0.000000
G1 F519.913771 X-8.349439 Y0.000000 Z0.000000
G1 F517.441603 X-8.366687 Y0.000000 Z0.000000
G1 F514.964328 X-8.383853 Y0.000000 Z0.000000
G1 F512.481971 X-8.400936 Y0.000000 Z0.000000
G1 F509.994555 X-8.417935 Y0.000000 Z0.000000
G1 F507.502107 X-8.434852 Y0.000000 Z0.000000
G1 F505.004649 X-8.451686 Y0.000000 Z0.000000
G1 F502.502207 X-8.468436 Y0.000000 Z0.000000
G1 F499.994806 X-8.485102 Y0.000000 Z0.000000
G1 F497.482470 X-8.501685 Y0.000000 Z0.000000
G1 F494.965224 X-8.518184 Y0.000000 Z0.000000
G1 F492.443093 X-8.534599 Y0.000000 Z0.000000
G1 F489.916102 X-8.550929 Y0.000000 Z0.000000
G1 F487.384275 X-8.567175 Y0.000000 Z0.000000
G1 F484.847639 X-8.583337 Y0.000000 Z0.000000
G1 F482.306217 X-8.599414 Y0.000000 Z0.000000
G1 F479.760034 X-8.615406 Y0.000000 Z0.000000
G1 F477.209117 X-8.631313 Y0.000000 Z0.000000
G1 F474.653490 X-8.647134 Y0.000000 Z0.000000
G1 F472.093178 X-8.662871 Y0.000000 Z0.000000
G1 F469.528207 X-8.678522 Y0.000000 Z0.000000
G1 F466.958602 X-8.694087 Y0.000000 Z0.000000
G1 F464.384388 X-8.709567 Y0.000000 Z0.000000
G1 F461.805591 X-8.724960 Y0.000000 Z0.000000
G1 F459.222236 X-8.740267 Y0.000000 Z0.000000
G1 F456.634348 X-8.755489 Y0.000000 Z0.000000
G1 F454.041954 X-8.770623 Y0.000000 Z0.000000
G1 F451.445079 X-8.785672 Y0.000000 Z0.000000
G1 F448.843748 X-8.800633 Y0.000000 Z0.000000
G1 F446.237987 X-8.815508 Y0.000000 Z0.000000
G1 F443.627822 X-8.830295 Y0.000000 Z0.000000
G1 F441.013279 X-8.844996 Y0.000000 Z0.000000
G1 F438.394383 X-8.859609 Y0.000000 Z0.000000
G1 F435.771160 X-8.874134 Y0.000000 Z0.000000
G1 F433.143636 X-8.888573 Y0.000000 Z0.000000
G1 F430.511837 X-8.902923 Y0.000000 Z0.000000
G1 F427.875790 X-8.917186 Y0.000000 Z0.000000
G1 F425.235519 X-8.931360 Y0.000000 Z0.000000
G1 F422.591052 X-8.945446 Y0.000000 Z0.000000
G1 F419.942413 X-8.959444 Y0.000000 Z0.000000
G1 F417.289630 X-8.973354 Y0.000000 Z0.000000
G1 F414.632729 X-8.987175 Y0.000000 Z0.000000
G1 F411.971735 X-9.000908 Y0.000000 Z0.000000
G1 F409.306675 X-9.014551 Y0.000000 Z0.000000
G1 F406.637576 X-9.028106 Y0.000000 Z0.000000
G1 F403.964463 X-9.041571 Y0.000000 Z0.000000
G1 F401.287363 X-9.054947 Y0.000000 Z0.000000
G1 F398.606303 X-9.068234 Y0.000000 Z0.000000
G1 F395.921309 X-9.081432 Y0.000000 Z0.000000
G1 F393.232407 X-9.094539 Y0.000000 Z0.000000
G1 F390.539624 X-9.107557 Y0.000000 Z0.000000
G1 F387.842986 X-9.120486 Y0.000000 Z0.000000
G1 F385.142521 X-9.133324 Y0.000000 Z0.000000
G1 F382.438254 X-9.146072 Y0.000000 Z0.000000
G1 F379.730213 X-9.158729 Y0.000000 Z0.000000
G1 F377.018425 X-9.171297 Y0.000000 Z0.000000
G1 F374.302915 X-9.183773 Y0.000000 Z0.000000
G1 F371.583711 X-9.196159 Y0.000000 Z0.000000
G1 F368.860839 X-9.208455 Y0.000000 Z0.000000
G1 F366.134327 X-9.220659 Y0.000000 Z0.000000
G1 F363.404202 X-9.232773 Y0.000000 Z0.000000
G1 F360.670490 X-9.244795 Y0.000000 Z0.000000
G1 F357.933218 X-9.256726 Y0.000000 Z0.000000
G1 F355.192413 X-9.268566 Y0.000000 Z0.000000
G1 F352.448103 X-9.280314 Y0.000000 Z0.000000
G1 F349.700314 X-9.291971 Y0.000000 Z0.000000
G1 F346.949074 X-9.303536 Y0.000000 Z0.000000
G1 F344.194410 X-9.315009 Y0.000000 Z0.000000
G1 F341.436349 X-9.326390 Y0.000000 Z0.000000
G1 F338.674918 X-9.337679 Y0.000000 Z0.000000
G1 F335.910144 X-9.348876 Y0.000000 Z0.000000
G1 F333.142055 X-9.359981 Y0.000000 Z0.000000
G1 F330.370678 X-9.370993 Y0.000000 Z0.000000
G1 F327.596040 X-9.381913 Y0.000000 Z0.000000
G1 F324.818169 X-9.392741 Y0.000000 Z0.000000
G1 F322.037092 X-9.403475 Y0.000000 Z0.000000
G1 F319.252837 X-9.414117 Y0.000000 Z0.000000
G1 F316.465431 X-9.424666 Y0.000000 Z0.000000
G1 F313.674902 X-9.435122 Y0.000000 Z0.000000
G1 F310.881277 X-9.445484 Y0.000000 Z0.000000
G1 F308.084583 X-9.455754 Y0.000000 Z0.000000
G1 F305.284849 X-9.465930 Y0.000000 Z0.000000
G1 F302.482102 X-9.476013 Y0.000000 Z0.000000
G1 F298.974319 X-9.490961 Y0.000000 Z0.000000
G1 F294.759085 X-9.505699 Y0.000000 Z0.000000
G1 F290.537306 X-9.520226 Y0.000000 Z0.000000
G1 F286.309075 X-9.534542 Y0.000000 Z0.000000
G1 F282.074486 X-9.548645 Y0.000000 Z0.000000
G1 F277.833632 X-9.562537 Y0.000000 Z0.000000
G1 F273.586610 X-9.576216 Y0.000000 Z0.000000
G1 F269.333512 X-9.589683 Y0.000000 Z0.000000
G1 F265.074432 X-9.602937 Y0.000000 Z0.000000
G1 F260.809467 X-9.615977 Y0.000000 Z0.000000
G1 F256.538710 X-9.628804 Y0.000000 Z0.000000
G1 F252.262255 X-9.641417 Y0.000000 Z0.000000
G1 F247.980199 X-9.653816 Y0.000000 Z0.000000
G1 F243.692637 X-9.666001 Y0.000000 Z0.000000
G1 F239.399662 X-9.677971 Y0.000000 Z0.000000
G1 F235.101372 X-9.689726 Y0.000000 Z0.000000
G1 F230.797860 X-9.701266 Y0.000000 Z0.000000
G1 F226.489224 X-9.712590 Y0.000000 Z0.000000
G1 F222.175558 X-9.723699 Y0.000000 Z0.000000
G1 F217.856958 X-9.734592 Y0.000000 Z0.000000
G1 F213.533520 X-9.745269 Y0.000000 Z0.000000
G1 F209.205340 X-9.755729 Y0.000000 Z0.000000
G1 F204.872515 X-9.765973 Y0.000000 Z0.000000
G1 F200.535140 X-9.775999 Y0.000000 Z0.000000
G1 F195.469107 X-9.789031 Y0.000000 Z0.000000
G1 F189.672295 X-9.801675 Y0.000000 Z0.000000
G1 F183.867994 X-9.813933 Y0.000000 Z0.000000
G1 F178.056435 X-9.825804 Y0.000000 Z0.000000
G1 F172.237846 X-9.837286 Y0.000000 Z0.000000
G1 F166.412458 X-9.848380 Y0.000000 Z0.000000
G1 F160.580500 X-9.859086 Y0.000000 Z0.000000
G1 F154.742203 X-9.869402 Y0.000000 Z0.000000
G1 F148.166690 X-9.881749 Y0.000000 Z0.000000
G1 F140.852056 X-9.893487 Y0.000000 Z0.000000
G1 F133.528734 X-9.904614 Y0.000000 Z0.000000
G1 F126.197175 X-9.915131 Y0.000000 Z0.000000
G1 F118.123353 X-9.926943 Y0.000000 Z0.000000
G1 F109.305668 X-9.937874 Y0.000000 Z0.000000
G1 F100.478274 X-9.947921 Y0.000000 Z0.000000
G1 F90.905095 X-9.958527 Y0.000000 Z0.000000
G1 F79.847440 X-9.969173 Y0.000000 Z0.000000
G1 F67.302157 X-9.979269 Y0.000000 Z0.000000
G1 F51.788558 X-9.989626 Y0.000000 Z0.000000
G1 F25.163010 X-9.999692 Y0.000000 Z0.000000
G1 F17.762125 X-9.989626 Y0.000000 Z0.000000
G1 F51.788558 X-9.979269 Y0.000000 Z0.000000
G1 F67.302157 X-9.969173 Y0.000000 Z0.000000
G1 F79.847440 X-9.958527 Y0.000000 Z0.000000
G1 F90.905095 X-9.947921 Y0.000000 Z0.000000
G1 F100.478274 X-9.937874 Y0.000000 Z0.000000
G1 F109.305668 X-9.926943 Y0.000000 Z0.000000
G1 F118.123353 X-9.915131 Y0.000000 Z0.000000
G1 F126.197175 X-9.904614 Y0.000000 Z0.000000
G1 F133.528734 X-9.893487 Y0.000000 Z0.000000
G1 F140.852056 X-9.881749 Y0.000000 Z0.000000
G1 F148.166690 X-9.869402 Y0.000000 Z0.000000
G1 F154.742203 X-9.859086 Y0.000000 Z0.000000
G1 F160.580500 X-9.848380 Y0.000000 Z0.000000
G1 F166.412458 X-9.837286 Y0.000000 Z0.000000
G1 F172.237846 X-9.825804 Y0.000000 Z0.000000
G1 F178.056435 X-9.813933 Y0.000000 Z0.000000
G1 F183.867994 X-9.801675 Y0.000000 Z0.000000
G1 F189.672295 X-9.789031 Y0.000000 Z0.000000
G1 F195.469107 X-9.775999 Y0.000000 Z0.000000
G1 F200.535140 X-9.765973 Y0.000000 Z0.000000
G1 F204.872515 X-9.755729 Y0.000000 Z0.000000
G1 F209.205340 X-9.745269 Y0.000000 Z0.000000
G1 F213.533520 X-9.734592 Y0.000000 Z0.000000
G1 F217.856958 X-9.723699 Y0.000000 Z0.000000
G1 F222.175558 X-9.712590 Y0.000000 Z0.000000
G1 F226.489224 X-9.701266 Y0.000000 Z0.000000
G1 F230.797860 X-9.689726 Y0.000000 Z0.000000
G1 F235.101372 X-9.677971 Y0.000000 Z0.000000
G1 F239.399662 X-9.666001 Y0.000000 Z0.000000
G1 F243.692637 X-9.653816 Y0.000000 Z0.000000
G1 F247.980199 X-9.641417 Y0.000000 Z0.000000
G1 F252.262255 X-9.628804 Y0.000000 Z0.000000
G1 F256.538710 X-9.615977 Y0.000000 Z0.000000
G1 F260.809467 X-9.602937 Y0.000000 Z0.000000
G1 F265.074432 X-9.589683 Y0.000000 Z0.000000
G1 F269.333512 X-9.576216 Y0.000000 Z0.000000
G1 F273.586610 X-9.562537 Y0.000000 Z0.000000
G1 F277.833632 X-9.548645 Y0.000000 Z0.000000
G1 F282.074486 X-9.534542 Y0.000000 Z0.000000
G1 F286.309075 X-9.520226 Y0.000000 Z0.000000
G1 F290.537306 X-9.505699 Y0.000000 Z0.000000
G1 F294.759085 X-9.490961 Y0.000000 Z0.000000
G1 F298.974319 X-9.476013 Y0.000000 Z0.000000
G1 F302.482102 X-9.465930 Y0.000000 Z0.000000
G1 F305.284849 X-9.455754 Y0.000000 Z0.000000
G1 F308.084583 X-9.445484 Y0.000000 Z0.000000
G1 F310.881277 X-9.435122 Y0.000000 Z0.000000
G1 F313.674902 X-9.424666 Y0.000000 Z0.000000
G1 F316.465431 X-9.414117 Y0.000000 Z0.000000
G1 F319.252837 X-9.403475 Y0.000000 Z0.000000
G1 F322.037092 X-9.392741 Y0.000000 Z0.000000
G1 F324.818169 X-9.381913 Y0.000000 Z0.000000
G1 F327.596040 X-9.370993 Y0.000000 Z0.000000
G1 F330.370678 X-9.359981 Y0.000000 Z0.000000
G1 F333.142055 X-9.348876 Y0.000000 Z0.000000
G1 F335.910144 X-9.337679 Y0.000000 Z0.000000
G1 F338.674918 X-9.326390 Y0.000000 Z0.000000
G1 F341.436349 X-9.315009 Y0.000000 Z0.000000
G1 F344.194410 X-9.303536 Y0.000000 Z0.000000
G1 F346.949074 X-9.291971 Y0.000000 Z0.000000
G1 F349.700314 X-9.280314 Y0.000000 Z0.000000
G1 F352.448103 X-9.268566 Y0.000000 Z0.000000
G1 F355.192413 X-9.256726 Y0.000000 Z0.000000
G1 F357.933218 X-9.244795 Y0.000000 Z0.000000
G1 F360.670490 X-9.232773 Y0.000000 Z0.000000
G1 F363.404202 X-9.220659 Y0.000000 Z0.000000
G1 F366.134327 X-9.208455 Y0.000000 Z0.000000
G1 F368.860839 X-9.196159 Y0.000000 Z0.000000
G1 F371.583711 X-9.183773 Y0.000000 Z0.000000
G1 F374.302915 X-9.171297 Y0.000000 Z0.000000
G1 F377.018425 X-9.158729 Y0.000000 Z0.000000
G1 F379.730213 X-9.146072 Y0.000000 Z0.000000
G1 F382.438254 X-9.133324 Y0.000000 Z0.000000
G1 F385.142521 X-9.120486 Y0.000000 Z0.000000
G1 F387.842986 X-9.107557 Y0.000000 Z0.000000
G1 F390.539624 X-9.094539 Y0.000000 Z0.000000
G1 F393.232407 X-9.081432 Y0.000000 Z0.000000
G1 F395.921309 X-9.068234 Y0.000000 Z0.000000
G1 F398.606303 X-9.054947 Y0.000000 Z0.000000
G1 F401.287363 X-9.041571 Y0.000000 Z0.000000
G1 F403.964463 X-9.028106 Y0.000000 Z0.000000
G1 F406.637576 X-9.014551 Y0.000000 Z0.000000
G1 F409.306675 X-9.000908 Y0.000000 Z0.000000
G1 F411.971735 X-8.987175 Y0.000000 Z0.000000
G1 F414.632729 X-8.973354 Y0.000000 Z0.000000
G1 F417.289630 X-8.959444 Y0.000000 Z0.000000
G1 F419.942413 X-8.945446 Y0.000000 Z0.000000
G1 F422.591052 X-8.931360 Y0.000000 Z0.000000
G1 F425.235519 X-8.917186 Y0.000000 Z0.000000
G1 F427.875790 X-8.902923 Y0.000000 Z0.000000
G1 F430.511837 X-8.888573 Y0.000000 Z0.000000
G1 F433.143636 X-8.874134 Y0.000000 Z0.000000
G1 F435.771160 X-8.859609 Y0.000000 Z0.000000
G1 F438.394383 X-8.844996 Y0.000000 Z0.000000
G1 F441.013279 X-8.830295 Y0.000000 Z0.000000
G1 F443.627822 X-8.815508 Y0.000000 Z0.000000
G1 F446.237987 X-8.800633 Y0.000000 Z0.000000
G1 F448.843748 X-8.785672 Y0.000000 Z0.000000
G1 F451.445079 X-8.770623 Y0.000000 Z0.000000
G1 F454.041954 X-8.755489 Y0.000000 Z0.000000
G1 F456.634348 X-8.740267 Y0.000000 Z0.000000
G1 F459.222236 X-8.724960 Y0.000000 Z0.000000
G1 F461.805591 X-8.709567 Y0.000000 Z0.000000
G1 F464.384388 X-8.694087 Y0.000000 Z0.000000
G1 F466.958602 X-8.678522 Y0.000000 Z0.000000
G1 F469.528207 X-8.662871 Y0.000000 Z0.000000
G1 F472.093178 X-8.647134 Y0.000000 Z0.000000
G1 F474.653490 X-8.631313 Y0.000000 Z0.000000
G1 F477.209117 X-8.615406 Y0.000000 Z0.000000
G1 F479.760034 X-8.599414 Y0.000000 Z0.000000
G1 F482.306217 X-8.583337 Y0.000000 Z0.000000
G1 F484.847639 X-8.567175 Y0.000000 Z0.000000
G1 F487.384275 X-8.550929 Y0.000000 Z0.000000
G1 F489.916102 X-8.534599 Y0.000000 Z0.000000
G1 F492.443093 X-8.518184 Y0.000000 Z0.000000
G1 F494.965224 X-8.501685 Y0.000000 Z0.000000
G1 F497.482470 X-8.485102 Y0.000000 Z0.000000
G1 F499.994806 X-8.468436 Y0.000000 Z0.000000
G1 F502.502207 X-8.451686 Y0.000000 Z0.000000
G1 F505.004649 X-8.434852 Y0.000000 Z0.000000
G1 F507.502107 X-8.417935 Y0.000000 Z0.000000
G1 F509.994555 X-8.400936 Y0.000000 Z0.000000
G1 F512.481971 X-8.383853 Y0.000000 Z0.000000
G1 F514.964328 X-8.366687 Y0.000000 Z0.000000
G1 F517.441603 X-8.349439 Y0.000000 Z0.000000
G1 F519.913771 X-8.332109 Y0.000000 Z0.000000
G1 F522.380807 X-8.314696 Y0.000000 Z0.000000
G1 F524.842688 X-8.297201 Y0.000000 Z0.000000
G1 F527.299389 X-8.279625 Y0.000000 Z0.000000
G1 F529.750885 X-8.261966 Y0.000000 Z0.000000
G1 F532.197153 X-8.244226 Y0.000000 Z0.000000
G1 F534.638169 X-8.226405 Y0.000000 Z0.000000
G1 F537.073908 X-8.208503 Y0.000000 Z0.000000
G1 F539.504346 X-8.190519 Y0.000000 Z0.000000
G1 F541.929460 X-8.172455 Y0.000000 Z0.000000
G1 F544.349225 X-8.154310 Y0.000000 Z0.000000
G1 F546.763617 X-8.136084 Y0.000000 Z0.000000
G1 F549.172613 X-8.117779 Y0.000000 Z0.000000
G1 F551.576189 X-8.099393 Y0.000000 Z0.000000
G1 F553.974321 X-8.080927 Y0.000000 Z0.000000
G1 F556.366986 X-8.062381 Y0.000000 Z0.000000
G1 F558.754159 X-8.043756 Y0.000000 Z0.000000
G1 F561.135818 X-8.025052 Y0.000000 Z0.000000
G1 F563.511939 X-8.006268 Y0.000000 Z0.000000
G1 F565.882498 X-7.987405 Y0.000000 Z0.000000
G1 F568.247472 X-7.968464 Y0.000000 Z0.000000
G1 F570.606838 X-7.949444 Y0.000000 Z0.000000
G1 F572.960572 X-7.930345 Y0.000000 Z0.000000
G1 F575.308651 X-7.911168 Y0.000000 Z0.000000
G1 F577.651052 X-7.891913 Y0.000000 Z0.000000
G1 F579.987751 X-7.872580 Y0.000000 Z0.000000
G1 F582.318727 X-7.853169 Y0.000000 Z0.000000
G1 F584.643955 X-7.833681 Y0.000000 Z0.000000
G1 F586.963413 X-7.814116 Y0.000000 Z0.000000
G1 F589.277078 X-7.794473 Y0.000000 Z0.000000
G1 F591.584928 X-7.774754 Y0.000000 Z0.000000
G1 F593.886938 X-7.754957 Y0.000000 Z0.000000
G1 F596.183087 X-7.735085 Y0.000000 Z0.000000
G1 F598.473352 X-7.715136 Y0.000000 Z0.000000
G1 F600.187361 X-7.705132 Y0.000000 Z0.000000
G1 F601.328059 X-7.695110 Y0.000000 Z0.000000
G1 F602.467275 X-7.685069 Y0.000000 Z0.000000
G1 F603.605003 X-7.675009 Y0.000000 Z0.000000
G1 F604.741243 X-7.664930 Y0.000000 Z0.000000
G1 F605.875990 X-7.654832 Y0.000000 Z0.000000
G1 F607.009242 X-7.644715 Y0.000000 Z0.000000
G1 F608.140997 X-7.634580 Y0.000000 Z0.000000
G1 F609.271250 X-7.624425 Y0.000000 Z0.000000
G1 F610.400001 X-7.614252 Y0.000000 Z0.000000
G1 F611.527246 X-7.604060 Y0.000000 Z0.000000
G1 F612.652981 X-7.593849 Y0.000000 Z0.000000
G1 F613.777205 X-7.583619 Y0.000000 Z0.000000
G1 F614.899915 X-7.573371 Y0.000000 Z0.000000
G1 F616.021107 X-7.563104 Y0.000000 Z0.000000
G1 F617.140780 X-7.552818 Y0.000000 Z0.000000
G1 F618.258929 X-7.542514 Y0.000000 Z0.000000
G1 F619.375554 X-7.532191 Y0.000000 Z0.000000
G1 F620.490650 X-7.521849 Y0.000000 Z0.000000
G1 F621.604214 X-7.511489 Y0.000000 Z0.000000
G1 F622.716246 X-7.501111 Y0.000000 Z0.000000
G1 F623.826740 X-7.490714 Y0.000000 Z0.000000
G1 F624.935696 X-7.480298 Y0.000000 Z0.000000
G1 F626.043109 X-7.469864 Y0.000000 Z0.000000
G1 F627.148978 X-7.459411 Y0.000000 Z0.000000
G1 F628.253300 X-7.448941 Y0.000000 Z0.000000
G1 F629.356071 X-7.438451 Y0.000000 Z0.000000
G1 F630.457289 X-7.427944 Y0.000000 Z0.000000
G1 F631.556952 X-7.417418 Y0.000000 Z0.000000
G1 F632.655056 X-7.406873 Y0.000000 Z0.000000
G1 F633.751600 X-7.396311 Y0.000000 Z0.000000
G1 F634.846579 X-7.385730 Y0.000000 Z0.000000
G1 F635.939993 X-7.375131 Y0.000000 Z0.000000
G1 F637.031837 X-7.364514 Y0.000000 Z0.000000
G1 F638.122109 X-7.353879 Y0.000000 Z0.000000
G1 F639.210807 X-7.343225 Y0.000000 Z0.000000
G1 F640.297928 X-7.332553 Y0.000000 Z0.000000
G1 F641.383469 X-7.321864 Y0.000000 Z0.000000
G1 F642.467427 X-7.311156 Y0.000000 Z0.000000
G1 F643.549800 X-7.300430 Y0.000000 Z0.000000
G1 F644.630585 X-7.289686 Y0.000000 Z0.000000
G1 F645.709780 X-7.278924 Y0.000000 Z0.000000
G1 F646.787381 X-7.268145 Y0.000000 Z0.000000
G1 F647.863386 X-7.257347 Y0.000000 Z0.000000
G1 F648.937793 X-7.246531 Y0.000000 Z0.000000
G1 F650.010599 X-7.235698 Y0.000000 Z0.000000
G1 F651.081801 X-7.224846 Y0.000000 Z0.000000
G1 F652.151396 X-7.213977 Y0.000000 Z0.000000
G1 F653.219383 X-7.203090 Y0.000000 Z0.000000
G1 F654.285757 X-7.192185 Y0.000000 Z0.000000
G1 F655.350517 X-7.181263 Y0.000000 Z0.000000
G1 F656.413661 X-7.170323 Y0.000000 Z0.000000
G1 F657.475184 X-7.159365 Y0.000000 Z0.000000
G1 F658.535085 X-7.148389 Y0.000000 Z0.000000
G1 F659.593362 X-7.137396 Y0.000000 Z0.000000
G1 F660.650011 X-7.126385 Y0.000000 Z0.000000
G1 F661.705030 X-7.115357 Y0.000000 Z0.000000
G1 F662.758416 X-7.104311 Y0.000000 Z0.000000
G1 F663.810167 X-7.093247 Y0.000000 Z0.000000
G1 F664.860279 X-7.082166 Y0.000000 Z0.000000
G1 F665.908752 X-7.071068 Y0.000000 Z0.000000
G1 F666.955581 X-7.059952 Y0.000000 Z0.000000
G1 F668.000765 X-7.048819 Y0.000000 Z0.000000
G1 F669.044301 X-7.037668 Y0.000000 Z0.000000
G1 F670.086185 X-7.026500 Y0.000000 Z0.000000
G1 F671.126417 X-7.015314 Y0.000000 Z0.000000
G1 F672.164992 X-7.004112 Y0.000000 Z0.000000
G1 F673.201909 X-6.992891 Y0.000000 Z0.000000
G1 F674.237165 X-6.981654 Y0.000000 Z0.000000
G1 F675.270757 X-6.970400 Y0.000000 Z0.000000
G1 F676.302683 X-6.959128 Y0.000000 Z0.000000
G1 F677.332941 X-6.947839 Y0.000000 Z0.000000
G1 F678.361527 X-6.936533 Y0.000000 Z0.000000
G1 F679.388439 X-6.925210 Y0.000000 Z0.000000
G1 F680.413675 X-6.913870 Y0.000000 Z0.000000
G1 F681.437232 X-6.902512 Y0.000000 Z0.000000
G1 F682.459108 X-6.891138 Y0.000000 Z0.000000
G1 F683.479300 X-6.879747 Y0.000000 Z0.000000
G1 F684.497806 X-6.868338 Y0.000000 Z0.000000
G1 F685.514622 X-6.856913 Y0.000000 Z0.000000
G1 F686.529747 X-6.845471 Y0.000000 Z0.000000
G1 F687.543178 X-6.834012 Y0.000000 Z0.000000
G1 F688.554913 X-6.822536 Y0.000000 Z0.000000
G1 F689.564949 X-6.811043 Y0.000000 Z0.000000
G1 F690.573283 X-6.799534 Y0.000000 Z0.000000
G1 F691.579914 X-6.788007 Y0.000000 Z0.000000
G1 F692.584838 X-6.776464 Y0.000000 Z0.000000
G1 F693.588053 X-6.764905 Y0.000000 Z0.000000
G1 F694.589557 X-6.753328 Y0.000000 Z0.000000
G1 F695.589347 X-6.741735 Y0.000000 Z0.000000
G1 F696.587420 X-6.730125 Y0.000000 Z0.000000
G1 F697.583775 X-6.718499 Y0.000000 Z0.000000
G1 F698.578409 X-6.706856 Y0.000000 Z0.000000
G1 F699.571319 X-6.695196 Y0.000000 Z0.000000
G1 F700.562503 X-6.683520 Y0.000000 Z0.000000
G1 F701.551958 X-6.671828 Y0.000000 Z0.000000
G1 F702.539682 X-6.660119 Y0.000000 Z0.000000
G1 F703.525673 X-6.648393 Y0.000000 Z0.000000
G1 F704.509928 X-6.636651 Y0.000000 Z0.000000
G1 F705.492445 X-6.624893 Y0.000000 Z0.000000
G1 F706.473221 X-6.613119 Y0.000000 Z0.000000
G1 F707.452253 X-6.601328 Y0.000000 Z0.000000
G1 F708.429541 X-6.589521 Y0.000000 Z0.000000
G1 F709.405080 X-6.577697 Y0.000000 Z0.000000
G1 F710.378869 X-6.565858 Y0.000000 Z0.000000
G1 F711.350905 X-6.554002 Y0.000000 Z0.000000
G1 F712.321186 X-6.542130 Y0.000000 Z0.000000
G1 F713.289709 X-6.530242 Y0.000000 Z0.000000
G1 F714.256472 X-6.518337 Y0.000000 Z0.000000
G1 F715.221473 X-6.506417 Y0.000000 Z0.000000
G1 F716.184709 X-6.494480 Y0.000000 Z0.000000
G1 F717.146178 X-6.482528 Y0.000000 Z0.000000
G1 F718.105878 X-6.470560 Y0.000000 Z0.000000
G1 F719.063806 X-6.458575 Y0.000000 Z0.000000
G1 F720.019959 X-6.446575 Y0.000000 Z0.000000
G1 F720.974336 X-6.434559 Y0.000000 Z0.000000
G1 F721.926934 X-6.422527 Y0.000000 Z0.000000
G1 F722.877751 X-6.410479 Y0.000000 Z0.000000
G1 F723.826784 X-6.398415 Y0.000000 Z0.000000
G1 F724.774031 X-6.386335 Y0.000000 Z0.000000
G1 F725.719490 X-6.374240 Y0.000000 Z0.000000
G1 F726.663158 X-6.362129 Y0.000000 Z0.000000
G1 F727.605034 X-6.350002 Y0.000000 Z0.000000
G1 F728.545114 X-6.337860 Y0.000000 Z0.000000
G1 F729.483396 X-6.325702 Y0.000000 Z0.000000
G1 F730.419878 X-6.313528 Y0.000000 Z0.000000
G1 F731.354558 X-6.301339 Y0.000000 Z0.000000
G1 F732.287434 X-6.289134 Y0.000000 Z0.000000
G1 F733.218503 X-6.276914 Y0.000000 Z0.000000
G1 F734.147762 X-6.264678 Y0.000000 Z0.000000
G1 F735.075211 X-6.252427 Y0.000000 Z0.000000
G1 F736.000845 X-6.240160 Y0.000000 Z0.000000
G1 F736.924664 X-6.227878 Y0.000000 Z0.000000
G1 F737.846664 X-6.215580 Y0.000000 Z0.000000
G1 F738.766843 X-6.203268 Y0.000000 Z0.000000
G1 F739.685200 X-6.190939 Y0.000000 Z0.000000
G1 F740.601732 X-6.178596 Y0.000000 Z0.000000
G1 F741.516436 X-6.166238 Y0.000000 Z0.000000
G1 F742.429311 X-6.153864 Y0.000000 Z0.000000
G1 F743.340354 X-6.141475 Y0.000000 Z0.000000
G1 F744.249562 X-6.129071 Y0.000000 Z0.000000
G1 F745.156935 X-6.116651 Y0.000000 Z0.000000
G1 F746.062468 X-6.104217 Y0.000000 Z0.000000
G1 F746.966161 X-6.091767 Y0.000000 Z0.000000
G1 F747.868011 X-6.079303 Y0.000000 Z0.000000
G1 F748.768016 X-6.066824 Y0.000000 Z0.000000
G1 F749.666173 X-6.054329 Y0.000000 Z0.000000
G1 F750.562480 X-6.041820 Y0.000000 Z0.000000
G1 F751.456935 X-6.029295 Y0.000000 Z0.000000
G1 F752.349537 X-6.016756 Y0.000000 Z0.000000
G1 F753.240281 X-6.004202 Y0.000000 Z0.000000
G1 F754.129168 X-5.991633 Y0.000000 Z0.000000
G1 F755.016193 X-5.979050 Y0.000000 Z0.000000
G1 F755.901356 X-5.966451 Y0.000000 Z0.000000
G1 F756.784654 X-5.953838 Y0.000000 Z0.000000
G1 F757.666084 X-5.941211 Y0.000000 Z0.000000
G1 F758.545645 X-5.928568 Y0.000000 Z0.000000
G1 F759.423334 X-5.915911 Y0.000000 Z0.000000
G1 F760.299149 X-5.903239 Y0.000000 Z0.000000
G1 F761.173089 X-5.890553 Y0.000000 Z0.000000
G1 F762.045150 X-5.877853 Y0.000000 Z0.000000
G1 F762.915331 X-5.865137 Y0.000000 Z0.000000
G1 F763.783629 X-5.852408 Y0.000000 Z0.000000
G1 F764.650043 X-5.839663 Y0.000000 Z0.000000
G1 F765.514571 X-5.826905 Y0.000000 Z0.000000
G1 F766.377209 X-5.814132 Y0.000000 Z0.000000
G1 F767.237957 X-5.801345 Y0.000000 Z0.000000
G1 F768.096811 X-5.788543 Y0.000000 Z0.000000
G1 F768.953771 X-5.775727 Y0.000000 Z0.000000
G1 F769.808832 X-5.762897 Y0.000000 Z0.000000
G1 F770.661995 X-5.750053 Y0.000000 Z0.000000
G1 F771.513256 X-5.737194 Y0.000000 Z0.000000
G1 F772.362613 X-5.724321 Y0.000000 Z0.000000
G1 F773.210065 X-5.711434 Y0.000000 Z0.000000
G1 F774.055609 X-5.698533 Y0.000000 Z0.000000
G1 F774.899243 X-5.685619 Y0.000000 Z0.000000
G1 F775.740965 X-5.672689 Y0.000000 Z0.000000
G1 F776.580772 X-5.659746 Y0.000000 Z0.000000
G1 F777.418664 X-5.646790 Y0.000000 Z0.000000
G1 F778.254638 X-5.633819 Y0.000000 Z0.000000
G1 F779.088691 X-5.620834 Y0.000000 Z0.000000
G1 F779.920822 X-5.607835 Y0.000000 Z0.000000
G1 F780.751028 X-5.594823 Y0.000000 Z0.000000
G1 F781.579308 X-5.581796 Y0.000000 Z0.000000
G1 F782.405660 X-5.568756 Y0.000000 Z0.000000
G1 F783.230081 X-5.555702 Y0.000000 Z0.000000
G1 F784.052570 X-5.542635 Y0.000000 Z0.000000
G1 F784.873124 X-5.529554 Y0.000000 Z0.000000
G1 F785.691741 X-5.516459 Y0.000000 Z0.000000
G1 F786.508420 X-5.503350 Y0.000000 Z0.000000
G1 F787.323158 X-5.490228 Y0.000000 Z0.000000
G1 F788.135954 X-5.477093 Y0.000000 Z0.000000
G1 F788.946805 X-5.463943 Y0.000000 Z0.000000
G1 F789.755709 X-5.450781 Y0.000000 Z0.000000
G1 F790.562664 X-5.437605 Y0.000000 Z0.000000
G1 F791.367669 X-5.424415 Y0.000000 Z0.000000
G1 F792.170722 X-5.411213 Y0.000000 Z0.000000
G1 F792.971819 X-5.397996 Y0.000000 Z0.000000
G1 F793.770961 X-5.384767 Y0.000000 Z0.000000
G1 F794.568143 X-5.371524 Y0.000000 Z0.000000
G1 F795.363365 X-5.358268 Y0.000000 Z0.000000
G1 F796.156625 X-5.344999 Y0.000000 Z0.000000
G1 F796.947920 X-5.331716 Y0.000000 Z0.000000
G1 F797.737249 X-5.318421 Y0.000000 Z0.000000
G1 F798.524609 X-5.305112 Y0.000000 Z0.000000
G1 F799.310000 X-5.291790 Y0.000000 Z0.000000
G1 F800.093417 X-5.278455 Y0.000000 Z0.000000
G1 F800.874861 X-5.265107 Y0.000000 Z0.000000
G1 F801.654329 X-5.251746 Y0.000000 Z0.000000
G1 F802.431819 X-5.238372 Y0.000000 Z0.000000
G1 F803.207329 X-5.224986 Y0.000000 Z0.000000
G1 F803.980856 X-5.211586 Y0.000000 Z0.000000
G1 F804.752401 X-5.198173 Y0.000000 Z0.000000
G1 F805.521959 X-5.184748 Y0.000000 Z0.000000
G1 F806.289530 X-5.171310 Y0.000000 Z0.000000
G1 F807.055112 X-5.157859 Y0.000000 Z0.000000
G1 F807.818702 X-5.144395 Y0.000000 Z0.000000
G1 F808.580299 X-5.130919 Y0.000000 Z0.000000
G1 F809.339901 X-5.117430 Y0.000000 Z0.000000
G1 F810.097506 X-5.103928 Y0.000000 Z0.000000
G1 F810.853112 X-5.090414 Y0.000000 Z0.000000
G1 F811.606718 X-5.076887 Y0.000000 Z0.000000
G1 F812.358321 X-5.063348 Y0.000000 Z0.000000
G1 F813.107919 X-5.049796 Y0.000000 Z0.000000
G1 F813.855511 X-5.036232 Y0.000000 Z0.000000
G1 F814.601095 X-5.022655 Y0.000000 Z0.000000
G1 F815.344670 X-5.009066 Y0.000000 Z0.000000
G1 F816.086232 X-4.995465 Y0.000000 Z0.000000
G1 F816.825781 X-4.981851 Y0.000000 Z0.000000
G1 F817.563314 X-4.968225 Y0.000000 Z0.000000
G1 F818.298830 X-4.954587 Y0.000000 Z0.000000
G1 F819.032327 X-4.940936 Y0.000000 Z0.000000
G1 F819.763803 X-4.927273 Y0.000000 Z0.000000
G1 F820.493257 X-4.913599 Y0.000000 Z0.000000
G1 F821.220686 X-4.899912 Y0.000000 Z0.000000
G1 F821.946088 X-4.886212 Y0.000000 Z0.000000
G1 F822.669463 X-4.872501 Y0.000000 Z0.000000
G1 F823.390808 X-4.858778 Y0.000000 Z0.000000
G1 F824.110121 X-4.845043 Y0.000000 Z0.000000
G1 F824.827401 X-4.831296 Y0.000000 Z0.000000
G1 F825.542645 X-4.817537 Y0.000000 Z0.000000
G1 F826.255853 X-4.803766 Y0.000000 Z0.000000
G1 F826.967022 X-4.789983 Y0.000000 Z0.000000
G1 F827.676150 X-4.776188 Y0.000000 Z0.000000
G1 F828.383236 X-4.762382 Y0.000000 Z0.000000
G1 F829.088278 X-4.748564 Y0.000000 Z0.000000
G1 F829.791275 X-4.734734 Y0.000000 Z0.000000
G1 F830.492224 X-4.720893 Y0.000000 Z0.000000
G1 F831.191124 X-4.707039 Y0.000000 Z0.000000
G1 F831.887973 X-4.693175 Y0.000000 Z0.000000
G1 F832.582770 X-4.679298 Y0.000000 Z0.000000
G1 F833.275512 X-4.665410 Y0.000000 Z0.000000
G1 F833.966198 X-4.651511 Y0.000000 Z0.000000
G1 F834.654826 X-4.637600 Y0.000000 Z0.000000
G1 F835.341395 X-4.623678 Y0.000000 Z0.000000
G1 F836.025903 X-4.609744 Y0.000000 Z0.000000
G1 F836.708348 X-4.595799 Y0.000000 Z0.000000
G1 F837.388729 X-4.581842 Y0.000000 Z0.000000
G1 F838.067043 X-4.567874 Y0.000000 Z0.000000
G1 F838.743290 X-4.553895 Y0.000000 Z0.000000
G1 F839.417467 X-4.539905 Y0.000000 Z0.000000
G1 F840.089573 X-4.525904 Y0.000000 Z0.000000
G1 F840.759606 X-4.511891 Y0.000000 Z0.000000
G1 F841.427564 X-4.497867 Y0.000000 Z0.000000
G1 F842.093447 X-4.483832 Y0.000000 Z0.000000
G1 F842.757251 X-4.469786 Y0.000000 Z0.000000
G1 F843.418977 X-4.455729 Y0.000000 Z0.000000
G1 F844.078621 X-4.441661 Y0.000000 Z0.000000
G1 F844.736182 X-4.427582 Y0.000000 Z0.000000
G1 F845.391659 X-4.413492 Y0.000000 Z0.000000
G1 F846.045051 X-4.399392 Y0.000000 Z0.000000
G1 F846.696354 X-4.385280 Y0.000000 Z0.000000
G1 F847.345569 X-4.371158 Y0.000000 Z0.000000
G1 F847.992693 X-4.357024 Y0.000000 Z0.000000
G1 F848.637724 X-4.342880 Y0.000000 Z0.000000
G1 F849.280662 X-4.328726 Y0.000000 Z0.000000
G1 F849.921504 X-4.314560 Y0.000000 Z0.000000
G1 F850.560249 X-4.300384 Y0.000000 Z0.000000
G1 F851.196895 X-4.286198 Y0.000000 Z0.000000
G1 F851.831441 X-4.272001 Y0.000000 Z0.000000
G1 F852.463885 X-4.257793 Y0.000000 Z0.000000
G1 F853.094226 X-4.243575 Y0.000000 Z0.000000
G1 F853.722462 X-4.229346 Y0.000000 Z0.000000
G1 F854.348591 X-4.215107 Y0.000000 Z0.000000
G1 F854.972613 X-4.200857 Y0.000000 Z0.000000
G1 F855.594525 X-4.186597 Y0.000000 Z0.000000
G1 F856.214325 X-4.172327 Y0.000000 Z0.000000
G1 F856.832014 X-4.158047 Y0.000000 Z0.000000
G1 F857.447588 X-4.143756 Y0.000000 Z0.000000
G1 F858.061046 X-4.129455 Y0.000000 Z0.000000
G1 F858.672387 X-4.115144 Y0.000000 Z0.000000
G1 F859.281609 X-4.100822 Y0.000000 Z0.000000
G1 F859.888712 X-4.086491 Y0.000000 Z0.000000
G1 F860.493692 X-4.072149 Y0.000000 Z0.000000
G1 F861.096550 X-4.057798 Y0.000000 Z0.000000
G1 F861.697282 X-4.043436 Y0.000000 Z0.000000
G1 F862.295889 X-4.029064 Y0.000000 Z0.000000
G1 F862.892368 X-4.014683 Y0.000000 Z0.000000
G1 F863.486718 X-4.000291 Y0.000000 Z0.000000
G1 F864.078937 X-3.985890 Y0.000000 Z0.000000
G1 F864.669024 X-3.971479 Y0.000000 Z0.000000
G1 F865.256978 X-3.957058 Y0.000000 Z0.000000
G1 F865.842797 X-3.942627 Y0.000000 Z0.000000
G1 F866.426479 X-3.928187 Y0.000000 Z0.000000
G1 F867.008024 X-3.913737 Y0.000000 Z0.000000
G1 F867.587429 X-3.899277 Y0.000000 Z0.000000
G1 F868.164694 X-3.884807 Y0.000000 Z0.000000
G1 F868.739817 X-3.870328 Y0.000000 Z0.000000
G1 F869.312796 X-3.855840 Y0.000000 Z0.000000
G1 F869.883630 X-3.841342 Y0.000000 Z0.000000
G1 F870.452318 X-3.826834 Y0.000000 Z0.000000
G1 F871.018858 X-3.812317 Y0.000000 Z0.000000
G1 F871.583248 X-3.797791 Y0.000000 Z0.000000
G1 F872.145489 X-3.783255 Y0.000000 Z0.000000
G1 F872.705577 X-3.768710 Y0.000000 Z0.000000
G1 F873.263512 X-3.754156 Y0.000000 Z0.000000
G1 F873.819292 X-3.739592 Y0.000000 Z0.000000
G1 F874.372917 X-3.725019 Y0.000000 Z0.000000
G1 F874.924384 X-3.710437 Y0.000000 Z0.000000
G1 F875.473692 X-3.695846 Y0.000000 Z0.000000
G1 F876.020840 X-3.681246 Y0.000000 Z0.000000
G1 F876.565826 X-3.666636 Y0.000000 Z0.000000
G1 F877.108650 X-3.652018 Y0.000000 Z0.000000
G1 F877.649309 X-3.637390 Y0.000000 Z0.000000
G1 F878.187803 X-3.622754 Y0.000000 Z0.000000
G1 F878.724130 X-3.608108 Y0.000000 Z0.000000
G1 F879.258289 X-3.593454 Y0.000000 Z0.000000
G1 F879.790278 X-3.578791 Y0.000000 Z0.000000
G1 F880.320097 X-3.564119 Y0.000000 Z0.000000
G1 F880.847744 X-3.549438 Y0.000000 Z0.000000
G1 F881.373217 X-3.534748 Y0.000000 Z0.000000
G1 F881.896515 X-3.520050 Y0.000000 Z0.000000
G1 F882.417638 X-3.505343 Y0.000000 Z0.000000
G1 F882.936583 X-3.490628 Y0.000000 Z0.000000
G1 F883.453349 X-3.475903 Y0.000000 Z0.000000
G1 F883.967936 X-3.461171 Y0.000000 Z0.000000
G1 F884.480342 X-3.446429 Y0.000000 Z0.000000
G1 F884.990565 X-3.431679 Y0.000000 Z0.000000
G1 F885.498605 X-3.416921 Y0.000000 Z0.000000
G1 F886.004460 X-3.402154 Y0.000000 Z0.000000
G1 F886.508128 X-3.387379 Y0.000000 Z0.000000
G1 F887.009609 X-3.372596 Y0.000000 Z0.000000
G1 F887.508902 X-3.357804 Y0.000000 Z0.000000
G1 F888.006005 X-3.343004 Y0.000000 Z0.000000
G1 F888.500917 X-3.328195 Y0.000000 Z0.000000
G1 F888.993636 X-3.313379 Y0.000000 Z0.000000
G1 F889.484162 X-3.298554 Y0.000000 Z0.000000
G1 F889.972493 X-3.283721 Y0.000000 Z0.000000
G1 F890.458629 X-3.268880 Y0.000000 Z0.000000
G1 F890.942567 X-3.254031 Y0.000000 Z0.000000
G1 F891.424307 X-3.239174 Y0.000000 Z0.000000
G1 F891.903847 X-3.224309 Y0.000000 Z0.000000
G1 F892.381187 X-3.209436 Y0.000000 Z0.000000
G1 F892.856325 X-3.194555 Y0.000000 Z0.000000
G1 F893.329260 X-3.179666 Y0.000000 Z0.000000
G1 F893.799990 X-3.164770 Y0.000000 Z0.000000
G1 F894.268516 X-3.149865 Y0.000000 Z0.000000
G1 F894.734835 X-3.134953 Y0.000000 Z0.000000
G1 F895.198946 X-3.120033 Y0.000000 Z0.000000
G1 F895.660848 X-3.105105 Y0.000000 Z0.000000
G1 F896.120540 X-3.090170 Y0.000000 Z0.000000
G1 F896.578021 X-3.075227 Y0.000000 Z0.000000
G1 F897.033290 X-3.060276 Y0.000000 Z0.000000
G1 F897.486346 X-3.045318 Y0.000000 Z0.000000
G1 F897.937187 X-3.030353 Y0.000000 Z0.000000
G1 F898.385813 X-3.015380 Y0.000000 Z0.000000
G1 F898.832222 X-3.000399 Y0.000000 Z0.000000
G1 F899.276413 X-2.985411 Y0.000000 Z0.000000
G1 F899.718385 X-2.970416 Y0.000000 Z0.000000
G1 F900.158138 X-2.955413 Y0.000000 Z0.000000
G1 F900.595669 X-2.940403 Y0.000000 Z0.000000
G1 F901.030978 X-2.925386 Y0.000000 Z0.000000
G1 F901.464064 X-2.910362 Y0.000000 Z0.000000
G1 F901.894926 X-2.895330 Y0.000000 Z0.000000
G1 F902.323562 X-2.880291 Y0.000000 Z0.000000
G1 F902.749972 X-2.865246 Y0.000000 Z0.000000
G1 F903.174155 X-2.850193 Y0.000000 Z0.000000
G1 F903.596109 X-2.835133 Y0.000000 Z0.000000
G1 F904.015833 X-2.820066 Y0.000000 Z0.000000
G1 F904.433327 X-2.804992 Y0.000000 Z0.000000
G1 F904.848589 X-2.789911 Y0.000000 Z0.000000
G1 F905.261619 X-2.774823 Y0.000000 Z0.000000
G1 F905.672415 X-2.759729 Y0.000000 Z0.000000
G1 F906.080977 X-2.744627 Y0.000000 Z0.000000
G1 F906.487302 X-2.729519 Y0.000000 Z0.000000
G1 F906.891391 X-2.714404 Y0.000000 Z0.000000
G1 F907.293243 X-2.699283 Y0.000000 Z0.000000
G1 F907.692855 X-2.684155 Y0.000000 Z0.000000
G1 F908.090229 X-2.669020 Y0.000000 Z0.000000
G1 F908.485361 X-2.653878 Y0.000000 Z0.000000
G1 F908.878252 X-2.638730 Y0.000000 Z0.000000
G1 F909.268900 X-2.623576 Y0.000000 Z0.000000
G1 F909.657305 X-2.608415 Y0.000000 Z0.000000
G1 F910.043465 X-2.593248 Y0.000000 Z0.000000
G1 F910.427380 X-2.578074 Y0.000000 Z0.000000
G1 F910.809049 X-2.562894 Y0.000000 Z0.000000
G1 F911.188470 X-2.547707 Y0.000000 Z0.000000
G1 F911.565643 X-2.532514 Y0.000000 Z0.000000
G1 F911.940566 X-2.517315 Y0.000000 Z0.000000
G1 F912.313240 X-2.502110 Y0.000000 Z0.000000
G1 F912.683662 X-2.486899 Y0.000000 Z0.000000
G1 F913.051833 X-2.471681 Y0.000000 Z0.000000
G1 F913.417751 X-2.456458 Y0.000000 Z0.000000
G1 F913.781414 X-2.441228 Y0.000000 Z0.000000
G1 F914.142824 X-2.425992 Y0.000000 Z0.000000
G1 F914.501977 X-2.410751 Y0.000000 Z0.000000
G1 F914.858875 X-2.395503 Y0.000000 Z0.000000
G1 F915.213515 X-2.380249 Y0.000000 Z0.000000
G1 F915.565896 X-2.364990 Y0.000000 Z0.000000
G1 F915.916019 X-2.349725 Y0.000000 Z0.000000
G1 F916.263882 X-2.334454 Y0.000000 Z0.000000
G1 F916.609484 X-2.319177 Y0.000000 Z0.000000
G1 F916.952824 X-2.303894 Y0.000000 Z0.000000
G1 F917.293902 X-2.288606 Y0.000000 Z0.000000
G1 F917.632716 X-2.273312 Y0.000000 Z0.000000
G1 F917.969267 X-2.258013 Y0.000000 Z0.000000
G1 F918.303552 X-2.242708 Y0.000000 Z0.000000
G1 F918.635571 X-2.227397 Y0.000000 Z0.000000
G1 F918.965324 X-2.212081 Y0.000000 Z0.000000
G1 F919.292810 X-2.196759 Y0.000000 Z0.000000
G1 F919.618027 X-2.181432 Y0.000000 Z0.000000
G1 F919.940975 X-2.166100 Y0.000000 Z0.000000
G1 F920.261653 X-2.150762 Y0.000000 Z0.000000
G1 F920.580060 X-2.135419 Y0.000000 Z0.000000
G1 F920.896197 X-2.120071 Y0.000000 Z0.000000
G1 F921.210060 X-2.104718 Y0.000000 Z0.000000
G1 F921.521651 X-2.089359 Y0.000000 Z0.000000
G1 F921.830968 X-2.073995 Y0.000000 Z0.000000
G1 F922.138011 X-2.058626 Y0.000000 Z0.000000
G1 F922.442778 X-2.043252 Y0.000000 Z0.000000
G1 F922.745270 X-2.027873 Y0.000000 Z0.000000
G1 F923.045484 X-2.012489 Y0.000000 Z0.000000
G1 F923.343421 X-1.997100 Y0.000000 Z0.000000
G1 F923.639080 X-1.981706 Y0.000000 Z0.000000
G1 F923.932460 X-1.966307 Y0.000000 Z0.000000
G1 F924.223560 X-1.950903 Y0.000000 Z0.000000
G1 F924.512379 X-1.935495 Y0.000000 Z0.000000
G1 F924.798918 X-1.920081 Y0.000000 Z0.000000
G1 F925.083174 X-1.904663 Y0.000000 Z0.000000
G1 F925.365148 X-1.889241 Y0.000000 Z0.000000
G1 F925.644839 X-1.873813 Y0.000000 Z0.000000
G1 F925.922246 X-1.858381 Y0.000000 Z0.000000
G1 F926.197368 X-1.842944 Y0.000000 Z0.000000
G1 F926.470205 X-1.827503 Y0.000000 Z0.000000
G1 F926.740756 X-1.812058 Y0.000000 Z0.000000
G1 F927.009020 X-1.796607 Y0.000000 Z0.000000
G1 F927.274997 X-1.781153 Y0.000000 Z0.000000
G1 F927.538686 X-1.765694 Y0.000000 Z0.000000
G1 F927.800087 X-1.750231 Y0.000000 Z0.000000
G1 F928.059198 X-1.734763 Y0.000000 Z0.000000
G1 F928.316019 X-1.719291 Y0.000000 Z0.000000
G1 F928.570550 X-1.703815 Y0.000000 Z0.000000
G1 F928.822790 X-1.688334 Y0.000000 Z0.000000
G1 F929.072738 X-1.672850 Y0.000000 Z0.000000
G1 F929.320393 X-1.657361 Y0.000000 Z0.000000
G1 F929.565756 X-1.641868 Y0.000000 Z0.000000
G1 F929.808824 X-1.626372 Y0.000000 Z0.000000
G1 F930.049599 X-1.610871 Y0.000000 Z0.000000
G1 F930.288079 X-1.595366 Y0.000000 Z0.000000
G1 F930.524263 X-1.579857 Y0.000000 Z0.000000
G1 F930.758152 X-1.564345 Y0.000000 Z0.000000
G1 F930.989744 X-1.548828 Y0.000000 Z0.000000
G1 F931.219038 X-1.533308 Y0.000000 Z0.000000
G1 F931.446035 X-1.517784 Y0.000000 Z0.000000
G1 F931.670734 X-1.502256 Y0.000000 Z0.000000
G1 F931.893134 X-1.486724 Y0.000000 Z0.000000
G1 F932.113235 X-1.471189 Y0.000000 Z0.000000
G1 F932.331036 X-1.455650 Y0.000000 Z0.000000
G1 F932.546536 X-1.440108 Y0.000000 Z0.000000
G1 F932.759735 X-1.424562 Y0.000000 Z0.000000
G1 F932.970633 X-1.409012 Y0.000000 Z0.000000
G1 F933.179229 X-1.393459 Y0.000000 Z0.000000
G1 F933.385523 X-1.377903 Y0.000000 Z0.000000
G1 F933.589513 X-1.362343 Y0.000000 Z0.000000
G1 F933.791200 X-1.346780 Y0.000000 Z0.000000
G1 F933.990582 X-1.331213 Y0.000000 Z0.000000
G1 F934.187661 X-1.315644 Y0.000000 Z0.000000
G1 F934.382434 X-1.300071 Y0.000000 Z0.000000
G1 F934.574901 X-1.284494 Y0.000000 Z0.000000
G1 F934.765063 X-1.268915 Y0.000000 Z0.000000
G1 F934.952918 X-1.253332 Y0.000000 Z0.000000
G1 F935.138467 X-1.237747 Y0.000000 Z0.000000
G1 F935.321708 X-1.222158 Y0.000000 Z0.000000
G1 F935.502641 X-1.206566 Y0.000000 Z0.000000
G1 F935.681266 X-1.190972 Y0.000000 Z0.000000
G1 F935.857582 X-1.175374 Y0.000000 Z0.000000
G1 F936.031589 X-1.159773 Y0.000000 Z0.000000
G1 F936.203287 X-1.144170 Y0.000000 Z0.000000
G1 F936.372674 X-1.128564 Y0.000000 Z0.000000
G1 F936.539752 X-1.112955 Y0.000000 Z0.000000
G1 F936.704518 X-1.097343 Y0.000000 Z0.000000
G1 F936.866973 X-1.081729 Y0.000000 Z0.000000
G1 F937.027116 X-1.066112 Y0.000000 Z0.000000
G1 F937.184948 X-1.050492 Y0.000000 Z0.000000
G1 F937.340467 X-1.034869 Y0.000000 Z0.000000
G1 F937.493673 X-1.019245 Y0.000000 Z0.000000
G1 F937.644566 X-1.003617 Y0.000000 Z0.000000
G1 F937.793146 X-0.987987 Y0.000000 Z0.000000
G1 F937.939411 X-0.972355 Y0.000000 Z0.000000
G1 F938.083363 X-0.956720 Y0.000000 Z0.000000
G1 F938.225000 X-0.941083 Y0.000000 Z0.000000
G1 F938.364321 X-0.925444 Y0.000000 Z0.000000
G1 F938.501328 X-0.909802 Y0.000000 Z0.000000
G1 F938.636018 X-0.894158 Y0.000000 Z0.000000
G1 F938.768393 X-0.878512 Y0.000000 Z0.000000
G1 F938.898452 X-0.862864 Y0.000000 Z0.000000
G1 F939.026194 X-0.847213 Y0.000000 Z0.000000
G1 F939.151618 X-0.831561 Y0.000000 Z0.000000
G1 F939.274726 X-0.815906 Y0.000000 Z0.000000
G1 F939.395516 X-0.800250 Y0.000000 Z0.000000
G1 F939.513988 X-0.784591 Y0.000000 Z0.000000
G1 F939.630142 X-0.768930 Y0.000000 Z0.000000
G1 F939.743978 X-0.753268 Y0.000000 Z0.000000
G1 F939.855495 X-0.737604 Y0.000000 Z0.000000
G1 F939.964692 X-0.721938 Y0.000000 Z0.000000
G1 F940.071571 X-0.706270 Y0.000000 Z0.000000
G1 F940.176130 X-0.690600 Y0.000000 Z0.000000
G1 F940.278369 X-0.674929 Y0.000000 Z0.000000
G1 F940.378289 X-0.659256 Y0.000000 Z0.000000
G1 F940.475887 X-0.643581 Y0.000000 Z0.000000
G1 F940.571166 X-0.627905 Y0.000000 Z0.000000
G1 F940.664123 X-0.612227 Y0.000000 Z0.000000
G1 F940.754760 X-0.596548 Y0.000000 Z0.000000
G1 F940.843075 X-0.580867 Y0.000000 Z0.000000
G1 F940.929069 X-0.565185 Y0.000000 Z0.000000
G1 F941.012742 X-0.549502 Y0.000000 Z0.000000
G1 F941.094092 X-0.533817 Y0.000000 Z0.000000
G1 F941.173121 X-0.518131 Y0.000000 Z0.000000
G1 F941.249827 X-0.502443 Y0.000000 Z0.000000
G1 F941.324210 X-0.486754 Y0.000000 Z0.000000
G1 F941.396272 X-0.471065 Y0.000000 Z0.000000
G1 F941.466010 X-0.455373 Y0.000000 Z0.000000
G1 F941.533425 X-0.439681 Y0.000000 Z0.000000
G1 F941.598517 X-0.423988 Y0.000000 Z0.000000
G1 F941.661286 X-0.408294 Y0.000000 Z0.000000
G1 F941.721732 X-0.392598 Y0.000000 Z0.000000
G1 F941.779853 X-0.376902 Y0.000000 Z0.000000
G1 F941.835652 X-0.361205 Y0.000000 Z0.000000
G1 F941.889126 X-0.345506 Y0.000000 Z0.000000
G1 F941.940276 X-0.329807 Y0.000000 Z0.000000
G1 F941.989102 X-0.314108 Y0.000000 Z0.000000
G1 F942.035604 X-0.298407 Y0.000000 Z0.000000
G1 F942.079781 X-0.282706 Y0.000000 Z0.000000
G1 F942.121634 X-0.267004 Y0.000000 Z0.000000
G1 F942.161162 X-0.251301 Y0.000000 Z0.000000
G1 F942.198366 X-0.235598 Y0.000000 Z0.000000
G1 F942.233245 X-0.219894 Y0.000000 Z0.000000
G1 F942.265799 X-0.204189 Y0.000000 Z0.000000
G1 F942.296028 X-0.188484 Y0.000000 Z0.000000
G1 F942.323932 X-0.172779 Y0.000000 Z0.000000
G1 F942.349511 X-0.157073 Y0.000000 Z0.000000
G1 F942.372764 X-0.141367 Y0.000000 Z0.000000
G1 F942.393693 X-0.125660 Y0.000000 Z0.000000
G1 F942.412296 X-0.109954 Y0.000000 Z0.000000
G1 F942.428574 X-0.094246 Y0.000000 Z0.000000
G1 F942.442527 X-0.078539 Y0.000000 Z0.000000
G1 F942.454154 X-0.062831 Y0.000000 Z0.000000
G1 F942.463456 X-0.047124 Y0.000000 Z0.000000
G1 F942.470432 X-0.031416 Y0.000000 Z0.000000
G1 F942.475083 X-0.015708 Y0.000000 Z0.000000
G1 F942.477408 X-0.000000 Y0.000000 Z0.000000
G1 F942.477408 X0.015708 Y0.000000 Z0.000000
G1 F942.475083 X0.031416 Y0.000000 Z0.000000
G1 F942.470432 X0.047124 Y0.000000 Z0.000000
G1 F942.463456 X0.062831 Y0.000000 Z0.000000
G1 F942.454154 X0.078539 Y0.000000 Z0.000000
G1 F942.442527 X0.094246 Y0.000000 Z0.000000
G1 F942.428574 X0.109954 Y0.000000 Z0.000000
G1 F942.412296 X0.125660 Y0.000000 Z0.000000
G1 F942.393693 X0.141367 Y0.000000 Z0.000000
G1 F942.372764 X0.157073 Y0.000000 Z0.000000
G1 F942.349511 X0.172779 Y0.000000 Z0.000000
G1 F942.323932 X0.188484 Y0.000000 Z0.000000
G1 F942.296028 X0.204189 Y0.000000 Z0.000000
G1 F942.265799 X0.219894 Y0.000000 Z0.000000
G1 F942.233245 X0.235598 Y0.000000 Z0.000000
G1 F942.198366 X0.251301 Y0.000000 Z0.000000
G1 F942.161162 X0.267004 Y0.000000 Z0.000000
G1 F942.121634 X0.282706 Y0.000000 Z0.000000
G1 F942.079781 X0.298407 Y0.000000 Z0.000000
G1 F942.035604 X0.314108 Y0.000000 Z0.000000
G1 F941.989102 X0.329807 Y0.000000 Z0.000000
G1 F941.940276 X0.345506 Y0.000000 Z0.000000
G1 F941.889126 X0.361205 Y0.000000 Z0.000000
G1 F941.835652 X0.376902 Y0.000000 Z0.000000
G1 F941.779853 X0.392598 Y0.000000 Z0.000000
G1 F941.721732 X0.408294 Y0.000000 Z0.000000
G1 F941.661286 X0.423988 Y0.000000 Z0.000000
G1 F941.598517 X0.439681 Y0.000000 Z0.000000
G1 F941.533425 X0.455373 Y0.000000 Z0.000000
G1 F941.466010 X0.471065 Y0.000000 Z0.000000
G1 F941.396272 X0.486754 Y0.000000 Z0.000000
G1 F941.324210 X0.502443 Y0.000000 Z0.000000
G1 F941.249827 X0.518131 Y0.000000 Z0.000000
G1 F941.173121 X0.533817 Y0.000000 Z0.000000
G1 F941.094092 X0.549502 Y0.000000 Z0.000000
G1 F941.012742 X0.565185 Y0.000000 Z0.000000
G1 F940.929069 X0.580867 Y0.000000 Z0.000000
G1 F940.843075 X0.596548 Y0.000000 Z0.000000
G1 F940.754760 X0.612227 Y0.000000 Z0.000000
G1 F940.664123 X0.627905 Y0.000000 Z0.000000
G1 F940.571166 X0.643581 Y0.000000 Z0.000000
G1 F940.475887 X0.659256 Y0.000000 Z0.000000
G1 F940.378289 X0.674929 Y0.000000 Z0.000000
G1 F940.278369 X0.690600 Y0.000000 Z0.000000
G1 F940.176130 X0.706270 Y0.000000 Z0.000000
G1 F940.071571 X0.721938 Y0.000000 Z0.000000
G1 F939.964692 X0.737604 Y0.000000 Z0.000000
G1 F939.855495 X0.753268 Y0.000000 Z0.000000
G1 F939.743978 X0.768930 Y0.000000 Z0.000000
G1 F939.630142 X0.784591 Y0.000000 Z0.000000
G1 F939.513988 X0.800250 Y0.000000 Z0.000000
G1 F939.395516 X0.815906 Y0.000000 Z0.000000
G1 F939.274726 X0.831561 Y0.000000 Z0.000000
G1 F939.151618 X0.847213 Y0.000000 Z0.000000
G1 F939.026194 X0.862864 Y0.000000 Z0.000000
G1 F938.898452 X0.878512 Y0.000000 Z0.000000
G1 F938.768393 X0.894158 Y0.000000 Z0.000000
G1 F938.636018 X0.909802 Y0.000000 Z0.000000
G1 F938.501328 X0.925444 Y0.000000 Z0.000000
G1 F938.364321 X0.941083 Y0.000000 Z0.000000
G1 F938.225000 X0.956720 Y0.000000 Z0.000000
G1 F938.083363 X0.972355 Y0.000000 Z0.000000
G1 F937.939411 X0.987987 Y0.000000 Z0.000000
G1 F937.793146 X1.003617 Y0.000000 Z0.000000
G1 F937.644566 X1.019245 Y0.000000 Z0.000000
G1 F937.493673 X1.034869 Y0.000000 Z0.000000
G1 F937.340467 X1.050492 Y0.000000 Z0.000000
G1 F937.184948 X1.066112 Y0.000000 Z0.000000
G1 F937.027116 X1.081729 Y0.000000 Z0.000000
G1 F936.866973 X1.097343 Y0.000000 Z0.000000
G1 F936.704518 X1.112955 Y0.000000 Z0.000000
G1 F936.539752 X1.128564 Y0.000000 Z0.000000
G1 F936.372674 X1.144170 Y0.000000 Z0.000000
G1 F936.203287 X1.159773 Y0.000000 Z0.000000
G1 F936.031589 X1.175374 Y0.000000 Z0.000000
G1 F935.857582 X1.190972 Y0.000000 Z0.000000
G1 F935.681266 X1.206566 Y0.000000 Z0.000000
G1 F935.502641 X1.222158 Y0.000000 Z0.000000
G1 F935.321708 X1.237747 Y0.000000 Z0.000000
G1 F935.138467 X1.253332 Y0.000000 Z0.000000
G1 F934.952918 X1.268915 Y0.000000 Z0.000000
G1 F934.765063 X1.284494 Y0.000000 Z0.000000
G1 F934.574901 X1.300071 Y0.000000 Z0.000000
G1 F934.382434 X1.315644 Y0.000000 Z0.000000
G1 F934.187661 X1.331213 Y0.000000 Z0.000000
G1 F933.990582 X1.346780 Y0.000000 Z0.000000
G1 F933.791200 X1.362343 Y0.000000 Z0.000000
G1 F933.589513 X1.377903 Y0.000000 Z0.000000
G1 F933.385523 X1.393459 Y0.000000 Z0.000000
G1 F933.179229 X1.409012 Y0.000000 Z0.000000
G1 F932.970633 X1.424562 Y0.000000 Z0.000000
G1 F932.759735 X1.440108 Y0.000000 Z0.000000
G1 F932.546536 X1.455650 Y0.000000 Z0.000000
G1 F932.331036 X1.471189 Y0.000000 Z0.000000
G1 F932.113235 X1.486724 Y0.000000 Z0.000000
G1 F931.893134 X1.502256 Y0.000000 Z0.000000
G1 F931.670734 X1.517784 Y0.000000 Z0.000000
G1 F931.446035 X1.533308 Y0.000000 Z0.000000
G1 F931.219038 X1.548828 Y0.000000 Z0.000000
G1 F930.989744 X1.564345 Y0.000000 Z0.000000
G1 F930.758152 X1.579857 Y0.000000 Z0.000000
G1 F930.524263 X1.595366 Y0.000000 Z0.000000
G1 F930.288079 X1.610871 Y0.000000 Z0.000000
G1 F930.049599 X1.626372 Y0.000000 Z0.000000
G1 F929.808824 X1.641868 Y0.000000 Z0.000000
G1 F929.565756 X1.657361 Y0.000000 Z0.000000
G1 F929.320393 X1.672850 Y0.000000 Z0.000000
G1 F929.072738 X1.688334 Y0.000000 Z0.000000
G1 F928.822790 X1.703815 Y0.000000 Z0.000000
G1 F928.570550 X1.719291 Y0.000000 Z0.000000
G1 F928.316019 X1.734763 Y0.000000 Z0.000000
G1 F928.059198 X1.750231 Y0.000000 Z0.000000
G1 F927.800087 X1.765694 Y0.000000 Z0.000000
G1 F927.538686 X1.781153 Y0.000000 Z0.000000
G1 F927.274997 X1.796607 Y0.000000 Z0.000000
G1 F927.009020 X1.812058 Y0.000000 Z0.000000
G1 F926.740756 X1.827503 Y0.000000 Z0.000000
G1 F926.470205 X1.842944 Y0.000000 Z0.000000
G1 F926.197368 X1.858381 Y0.000000 Z0.000000
G1 F925.922246 X1.873813 Y0.000000 Z0.000000
G1 F925.644839 X1.889241 Y0.000000 Z0.000000
G1 F925.365148 X1.904663 Y0.000000 Z0.000000
G1 F925.083174 X1.920081 Y0.000000 Z0.000000
G1 F924.798918 X1.935495 Y0.000000 Z0.000000
G1 F924.512379 X1.950903 Y0.000000 Z0.000000
G1 F924.223560 X1.966307 Y0.000000 Z0.000000
G1 F923.932460 X1.981706 Y0.000000 Z0.000000
G1 F923.639080 X1.997100 Y0.000000 Z0.000000
G1 F923.343421 X2.012489 Y0.000000 Z0.000000
G1 F923.045484 X2.027873 Y0.000000 Z0.000000
G1 F922.745270 X2.043252 Y0.000000 Z0.000000
G1 F922.442778 X2.058626 Y0.000000 Z0.000000
G1 F922.138011 X2.073995 Y0.000000 Z0.000000
G1 F921.830968 X2.089359 Y0.000000 Z0.000000
G1 F921.521651 X2.104718 Y0.000000 Z0.000000
G1 F921.210060 X2.120071 Y0.000000 Z0.000000
G1 F920.896197 X2.135419 Y0.000000 Z0.000000
G1 F920.580060 X2.150762 Y0.000000 Z0.000000
G1 F920.261653 X2.166100 Y0.000000 Z0.000000
G1 F919.940975 X2.181432 Y0.000000 Z0.000000
G1 F919.618027 X2.196759 Y0.000000 Z0.000000
G1 F919.292810 X2.212081 Y0.000000 Z0.000000
G1 F918.965324 X2.227397 Y0.000000 Z0.000000
G1 F918.635571 X2.242708 Y0.000000 Z0.000000
G1 F918.303552 X2.258013 Y0.000000 Z0.000000
G1 F917.969267 X2.273312 Y0.000000 Z0.000000
G1 F917.632716 X2.288606 Y0.000000 Z0.000000
G1 F917.293902 X2.303894 Y0.000000 Z0.000000
G1 F916.952824 X2.319177 Y0.000000 Z0.000000
G1 F916.609484 X2.334454 Y0.000000 Z0.000000
G1 F916.263882 X2.349725 Y0.000000 Z0.000000
G1 F915.916019 X2.364990 Y0.000000 Z0.000000
G1 F915.565896 X2.380249 Y0.000000 Z0.000000
G1 F915.213515 X2.395503 Y0.000000 Z0.000000
G1 F914.858875 X2.410751 Y0.000000 Z0.000000
G1 F914.501977 X2.425992 Y0.000000 Z0.000000
G1 F914.142824 X2.441228 Y0.000000 Z0.000000
G1 F913.781414 X2.456458 Y0.000000 Z0.000000
G1 F913.417751 X2.471681 Y0.000000 Z0.000000
G1 F913.051833 X2.486899 Y0.000000 Z0.000000
G1 F912.683662 X2.502110 Y0.000000 Z0.000000
G1 F912.313240 X2.517315 Y0.000000 Z0.000000
G1 F911.940566 X2.532514 Y0.000000 Z0.000000
G1 F911.565643 X2.547707 Y0.000000 Z0.000000
G1 F911.188470 X2.562894 Y0.000000 Z0.000000
G1 F910.809049 X2.578074 Y0.000000 Z0.000000
G1 F910.427380 X2.593248 Y0.000000 Z0.000000
G1 F910.043465 X2.608415 Y0.000000 Z0.000000
G1 F909.657305 X2.623576 Y0.000000 Z0.000000
G1 F909.268900 X2.638730 Y0.000000 Z0.000000
G1 F908.878252 X2.653878 Y0.000000 Z0.000000
G1 F908.485361 X2.669020 Y0.000000 Z0.000000
G1 F908.090229 X2.684155 Y0.000000 Z0.000000
G1 F907.692855 X2.699283 Y0.000000 Z0.000000
G1 F907.293243 X2.714404 Y0.000000 Z0.000000
G1 F906.891391 X2.729519 Y0.000000 Z0.000000
G1 F906.487302 X2.744627 Y0.000000 Z0.000000
G1 F906.080977 X2.759729 Y0.000000 Z0.000000
G1 F905.672415 X2.774823 Y0.000000 Z0.000000
G1 F905.261619 X2.789911 Y0.000000 Z0.000000
G1 F904.848589 X2.804992 Y0.000000 Z0.000000
G1 F904.433327 X2.820066 Y0.000000 Z0.000000
G1 F904.015833 X2.835133 Y0.000000 Z0.000000
G1 F903.596109 X2.850193 Y0.000000 Z0.000000
G1 F903.174155 X2.865246 Y0.000000 Z0.000000
G1 F902.749972 X2.880291 Y0.000000 Z0.000000
G1 F902.323562 X2.895330 Y0.000000 Z0.000000
G1 F901.894926 X2.910362 Y0.000000 Z0.000000
G1 F901.464064 X2.925386 Y0.000000 Z0.000000
G1 F901.030978 X2.940403 Y0.000000 Z0.000000
G1 F900.595669 X2.955413 Y0.000000 Z0.000000
G1 F900.158138 X2.970416 Y0.000000 Z0.000000
G1 F899.718385 X2.985411 Y0.000000 Z0.000000
G1 F899.276413 X3.000399 Y0.000000 Z0.000000
G1 F898.832222 X3.015380 Y0.000000 Z0.000000
G1 F898.385813 X3.030353 Y0.000000 Z0.000000
G1 F897.937187 X3.045318 Y0.000000 Z0.000000
G1 F897.486346 X3.060276 Y0.000000 Z0.000000
G1 F897.033290 X3.075227 Y0.000000 Z0.000000
G1 F896.578021 X3.090170 Y0.000000 Z0.000000
G1 F896.120540 X3.105105 Y0.000000 Z0.000000
G1 F895.660848 X3.120033 Y0.000000 Z0.000000
G1 F895.198946 X3.134953 Y0.000000 Z0.000000
G1 F894.734835 X3.149865 Y0.000000 Z0.000000
G1 F894.268516 X3.164770 Y0.000000 Z0.000000
G1 F893.799990 X3.179666 Y0.000000 Z0.000000
G1 F893.329260 X3.194555 Y0.000000 Z0.000000
G1 F892.856325 X3.209436 Y0.000000 Z0.000000
G1 F892.381187 X3.224309 Y0.000000 Z0.000000
G1 F891.903847 X3.239174 Y0.000000 Z0.000000
G1 F891.424307 X3.254031 Y0.000000 Z0.000000
G1 F890.942567 X3.268880 Y0.000000 Z0.000000
G1 F890.458629 X3.283721 Y0.000000 Z0.000000
G1 F889.972493 X3.298554 Y0.000000 Z0.000000
G1 F889.484162 X3.313379 Y0.000000 Z0.000000
G1 F888.993636 X3.328195 Y0.000000 Z0.000000
G1 F888.500917 X3.343004 Y0.000000 Z0.000000
G1 F888.006005 X3.357804 Y0.000000 Z0.000000
G1 F887.508902 X3.372596 Y0.000000 Z0.000000
G1 F887.009609 X3.387379 Y0.000000 Z0.000000
G1 F886.508128 X3.402154 Y0.000000 Z0.000000
G1 F886.004460 X3.416921 Y0.000000 Z0.000000
G1 F885.498605 X3.431679 Y0.000000 Z0.000000
G1 F884.990565 X3.446429 Y0.000000 Z0.000000
G1 F884.480342 X3.461171 Y0.000000 Z0.000000
G1 F883.967936 X3.475903 Y0.000000 Z0.000000
G1 F883.453349 X3.490628 Y0.000000 Z0.000000
G1 F882.936583 X3.505343 Y0.000000 Z0.000000
G1 F882.417638 X3.520050 Y0.000000 Z0.000000
G1 F881.896515 X3.534748 Y0.000000 Z0.000000
G1 F881.373217 X3.549438 Y0.000000 Z0.000000
G1 F880.847744 X3.564119 Y0.000000 Z0.000000
G1 F880.320097 X3.578791 Y0.000000 Z0.000000
G1 F879.790278 X3.593454 Y0.000000 Z0.000000
G1 F879.258289 X3.608108 Y0.000000 Z0.000000
G1 F878.724130 X3.622754 Y0.000000 Z0.000000
G1 F878.187803 X3.637390 Y0.000000 Z0.000000
G1 F877.649309 X3.652018 Y0.000000 Z0.000000
G1 F877.108650 X3.666636 Y0.000000 Z0.000000
G1 F876.565826 X3.681246 Y0.000000 Z0.000000
G1 F876.020840 X3.695846 Y0.000000 Z0.000000
G1 F875.473692 X3.710437 Y0.000000 Z0.000000
G1 F874.924384 X3.725019 Y0.000000 Z0.000000
G1 F874.372917 X3.739592 Y0.000000 Z0.000000
G1 F873.819292 X3.754156 Y0.000000 Z0.000000
G1 F873.263512 X3.768710 Y0.000000 Z0.000000
G1 F872.705577 X3.783255 Y0.000000 Z0.000000
G1 F872.145489 X3.797791 Y0.000000 Z0.000000
G1 F871.583248 X3.812317 Y0.000000 Z0.000000
G1 F871.018858 X3.826834 Y0.000000 Z0.000000
G1 F870.452318 X3.841342 Y0.000000 Z0.000000
G1 F869.883630 X3.855840 Y0.000000 Z0.000000
G1 F869.312796 X3.870328 Y0.000000 Z0.000000
G1 F868.739817 X3.884807 Y0.000000 Z0.000000
G1 F868.164694 X3.899277 Y0.000000 Z0.000000
G1 F867.587429 X3.913737 Y0.000000 Z0.000000
G1 F867.008024 X3.928187 Y0.000000 Z0.000000
G1 F866.426479 X3.942627 Y0.000000 Z0.000000
G1 F865.842797 X3.957058 Y0.000000 Z0.000000
G1 F865.256978 X3.971479 Y0.000000 Z0.000000
G1 F864.669024 X3.985890 Y0.000000 Z0.000000
G1 F864.078937 X4.000291 Y0.000000 Z0.000000
G1 F863.486718 X4.014683 Y0.000000 Z0.000000
G1 F862.892368 X4.029064 Y0.000000 Z0.000000
G1 F862.295889 X4.043436 Y0.000000 Z0.000000
G1 F861.697282 X4.057798 Y0.000000 Z0.000000
G1 F861.096550 X4.072149 Y0.000000 Z0.000000
G1 F860.493692 X4.086491 Y0.000000 Z0.000000
G1 F859.888712 X4.100822 Y0.000000 Z0.000000
G1 F859.281609 X4.115144 Y0.000000 Z0.000000
G1 F858.672387 X4.129455 Y0.000000 Z0.000000
G1 F858.061046 X4.143756 Y0.000000 Z0.000000
G1 F857.447588 X4.158047 Y0.000000 Z0.000000
G1 F856.832014 X4.172327 Y0.000000 Z0.000000
G1 F856.214325 X4.186597 Y0.000000 Z0.000000
G1 F855.594525 X4.200857 Y0.000000 Z0.000000
G1 F854.972613 X4.215107 Y0.000000 Z0.000000
G1 F854.348591 X4.229346 Y0.000000 Z0.000000
G1 F853.722462 X4.243575 Y0.000000 Z0.000000
G1 F853.094226 X4.257793 Y0.000000 Z0.000000
G1 F852.463885 X4.272001 Y0.000000 Z0.000000
G1 F851.831441 X4.286198 Y0.000000 Z0.000000
G1 F851.196895 X4.300384 Y0.000000 Z0.000000
G1 F850.560249 X4.314560 Y0.000000 Z0.000000
G1 F849.921504 X4.328726 Y0.000000 Z0.000000
G1 F849.280662 X4.342880 Y0.000000 Z0.000000
G1 F848.637724 X4.357024 Y0.000000 Z0.000000
G1 F847.992693 X4.371158 Y0.000000 Z0.000000
G1 F847.345569 X4.385280 Y0.000000 Z0.000000
G1 F846.696354 X4.399392 Y0.000000 Z0.000000
G1 F846.045051 X4.413492 Y0.000000 Z0.000000
G1 F845.391659 X4.427582 Y0.000000 Z0.000000
G1 F844.736182 X4.441661 Y0.000000 Z0.000000
G1 F844.078621 X4.455729 Y0.000000 Z0.000000
G1 F843.418977 X4.469786 Y0.000000 Z0.000000
G1 F842.757251 X4.483832 Y0.000000 Z0.000000
G1 F842.093447 X4.497867 Y0.000000 Z0.000000
G1 F841.427564 X4.511891 Y0.000000 Z0.000000
G1 F840.759606 X4.525904 Y0.000000 Z0.000000
G1 F840.089573 X4.539905 Y0.000000 Z0.000000
G1 F839.417467 X4.553895 Y0.000000 Z0.000000
G1 F838.743290 X4.567874 Y0.000000 Z0.000000
G1 F838.067043 X4.581842 Y0.000000 Z0.000000
G1 F837.388729 X4.595799 Y0.000000 Z0.000000
G1 F836.708348 X4.609744 Y0.000000 Z0.000000
G1 F836.025903 X4.623678 Y0.000000 Z0.000000
G1 F835.341395 X4.637600 Y0.000000 Z0.000000
G1 F834.654826 X4.651511 Y0.000000 Z0.000000
G1 F833.966198 X4.665410 Y0.000000 Z0.000000
G1 F833.275512 X4.679298 Y0.000000 Z0.000000
G1 F832.582770 X4.693175 Y0.000000 Z0.000000
G1 F831.887973 X4.707039 Y0.000000 Z0.000000
G1 F831.191124 X4.720893 Y0.000000 Z0.000000
G1 F830.492224 X4.734734 Y0.000000 Z0.000000
G1 F829.791275 X4.748564 Y0.000000 Z0.000000
G1 F829.088278 X4.762382 Y0.000000 Z0.000000
G1 F828.383236 X4.776188 Y0.000000 Z0.000000
G1 F827.676150 X4.789983 Y0.000000 Z0.000000
G1 F826.967022 X4.803766 Y0.000000 Z0.000000
G1 F826.255853 X4.817537 Y0.000000 Z0.000000
G1 F825.542645 X4.831296 Y0.000000 Z0.000000
G1 F824.827401 X4.845043 Y0.000000 Z0.000000
G1 F824.110121 X4.858778 Y0.000000 Z0.000000
G1 F823.390808 X4.872501 Y0.000000 Z0.000000
G1 F822.669463 X4.886212 Y0.000000 Z0.000000
G1 F821.946088 X4.899912 Y0.000000 Z0.000000
G1 F821.220686 X4.913599 Y0.000000 Z0.000000
G1 F820.493257 X4.927273 Y0.000000 Z0.000000
G1 F819.763803 X4.940936 Y0.000000 Z0.000000
G1 F819.032327 X4.954587 Y0.000000 Z0.000000
G1 F818.298830 X4.968225 Y0.000000 Z0.000000
G1 F817.563314 X4.981851 Y0.000000 Z0.000000
G1 F816.825781 X4.995465 Y0.000000 Z0.000000
G1 F816.086232 X5.009066 Y0.000000 Z0.000000
G1 F815.344670 X5.022655 Y0.000000 Z0.000000
G1 F814.601095 X5.036232 Y0.000000 Z0.000000
G1 F813.855511 X5.049796 Y0.000000 Z0.000000
G1 F813.107919 X5.063348 Y0.000000 Z0.000000
G1 F812.358321 X5.076887 Y0.000000 Z0.000000
G1 F811.606718 X5.090414 Y0.000000 Z0.000000
G1 F810.853112 X5.103928 Y0.000000 Z0.000000
G1 F810.097506 X5.117430 Y0.000000 Z0.000000
G1 F809.339901 X5.130919 Y0.000000 Z0.000000
G1 F808.580299 X5.144395 Y0.000000 Z0.000000
G1 F807.818702 X5.157859 Y0.000000 Z0.000000
G1 F807.055112 X5.171310 Y0.000000 Z0.000000
G1 F806.289530 X5.184748 Y0.000000 Z0.000000
G1 F805.521959 X5.198173 Y0.000000 Z0.000000
G1 F804.752401 X5.211586 Y0.000000 Z0.000000
G1 F803.980856 X5.224986 Y0.000000 Z0.000000
G1 F803.207329 X5.238372 Y0.000000 Z0.000000
G1 F802.431819 X5.251746 Y0.000000 Z0.000000
G1 F801.654329 X5.265107 Y0.000000 Z0.000000
G1 F800.874861 X5.278455 Y0.000000 Z0.000000
G1 F800.093417 X5.291790 Y0.000000 Z0.000000
G1 F799.310000 X5.305112 Y0.000000 Z0.000000
G1 F798.524609 X5.318421 Y0.000000 Z0.000000
G1 F797.737249 X5.331716 Y0.000000 Z0.000000
G1 F796.947920 X5.344999 Y0.000000 Z0.000000
G1 F796.156625 X5.358268 Y0.000000 Z0.000000
G1 F795.363365 X5.371524 Y0.000000 Z0.000000
G1 F794.568143 X5.384767 Y0.000000 Z0.000000
G1 F793.770961 X5.397996 Y0.000000 Z0.000000
G1 F792.971819 X5.411213 Y0.000000 Z0.000000
G1 F792.170722 X5.424415 Y0.000000 Z0.000000
G1 F791.367669 X5.437605 Y0.000000 Z0.000000
G1 F790.562664 X5.450781 Y0.000000 Z0.000000
G1 F789.755709 X5.463943 Y0.000000 Z0.000000
G1 F788.946805 X5.477093 Y0.000000 Z0.000000
G1 F788.135954 X5.490228 Y0.000000 Z0.000000
G1 F787.323158 X5.503350 Y0.000000 Z0.000000
G1 F786.508420 X5.516459 Y0.000000 Z0.000000
G1 F785.691741 X5.529554 Y0.000000 Z0.000000
G1 F784.873124 X5.542635 Y0.000000 Z0.000000
G1 F784.052570 X5.555702 Y0.000000 Z0.000000
G1 F783.230081 X5.568756 Y0.000000 Z0.000000
G1 F782.405660 X5.581796 Y0.000000 Z0.000000
G1 F781.579308 X5.594823 Y0.000000 Z0.000000
G1 F780.751028 X5.607835 Y0.000000 Z0.000000
G1 F779.920822 X5.620834 Y0.000000 Z0.000000
G1 F779.088691 X5.633819 Y0.000000 Z0.000000
G1 F778.254638 X5.646790 Y0.000000 Z0.000000
G1 F777.418664 X5.659746 Y0.000000 Z0.000000
G1 F776.580772 X5.672689 Y0.000000 Z0.000000
G1 F775.740965 X5.685619 Y0.000000 Z0.000000
G1 F774.899243 X5.698533 Y0.000000 Z0.000000
G1 F774.055609 X5.711434 Y0.000000 Z0.000000
G1 F773.210065 X5.724321 Y0.000000 Z0.000000
G1 F772.362613 X5.737194 Y0.000000 Z0.000000
G1 F771.513256 X5.750053 Y0.000000 Z0.000000
G1 F770.661995 X5.762897 Y0.000000 Z0.000000
G1 F769.808832 X5.775727 Y0.000000 Z0.000000
G1 F768.953771 X5.788543 Y0.000000 Z0.000000
G1 F768.096811 X5.801345 Y0.000000 Z0.000000
G1 F767.237957 X5.814132 Y0.000000 Z0.000000
G1 F766.377209 X5.826905 Y0.000000 Z0.000000
G1 F765.514571 X5.839663 Y0.000000 Z0.000000
G1 F764.650043 X5.852408 Y0.000000 Z0.000000
G1 F763.783629 X5.865137 Y0.000000 Z0.000000
G1 F762.915331 X5.877853 Y0.000000 Z0.000000
G1 F762.045150 X5.890553 Y0.000000 Z0.000000
G1 F761.173089 X5.903239 Y0.000000 Z0.000000
G1 F760.299149 X5.915911 Y0.000000 Z0.000000
G1 F759.423334 X5.928568 Y0.000000 Z0.000000
G1 F758.545645 X5.941211 Y0.000000 Z0.000000
G1 F757.666084 X5.953838 Y0.000000 Z0.000000
G1 F756.784654 X5.966451 Y0.000000 Z0.000000
G1 F755.901356 X5.979050 Y0.000000 Z0.000000
G1 F755.016193 X5.991633 Y0.000000 Z0.000000
G1 F754.129168 X6.004202 Y0.000000 Z0.000000
G1 F753.240281 X6.016756 Y0.000000 Z0.000000
G1 F752.349537 X6.029295 Y0.000000 Z0.000000
G1 F751.456935 X6.041820 Y0.000000 Z0.000000
G1 F750.562480 X6.054329 Y0.000000 Z0.000000
G1 F749.666173 X6.066824 Y0.000000 Z0.000000
G1 F748.768016 X6.079303 Y0.000000 Z0.000000
G1 F747.868011 X6.091767 Y0.000000 Z0.000000
G1 F746.966161 X6.104217 Y0.000000 Z0.000000
G1 F746.062468 X6.116651 Y0.000000 Z0.000000
G1 F745.156935 X6.129071 Y0.000000 Z0.000000
G1 F744.249562 X6.141475 Y0.000000 Z0.000000
G1 F743.340354 X6.153864 Y0.000000 Z0.000000
G1 F742.429311 X6.166238 Y0.000000 Z0.000000
G1 F741.516436 X6.178596 Y0.000000 Z0.000000
G1 F740.601732 X6.190939 Y0.000000 Z0.000000
G1 F739.685200 X6.203268 Y0.000000 Z0.000000
G1 F738.766843 X6.215580 Y0.000000 Z0.000000
G1 F737.846664 X6.227878 Y0.000000 Z0.000000
G1 F736.924664 X6.240160 Y0.000000 Z0.000000
G1 F736.000845 X6.252427 Y0.000000 Z0.000000
G1 F735.075211 X6.264678 Y0.000000 Z0.000000
G1 F734.147762 X6.276914 Y0.000000 Z0.000000
G1 F733.218503 X6.289134 Y0.000000 Z0.000000
G1 F732.287434 X6.301339 Y0.000000 Z0.000000
G1 F731.354558 X6.313528 Y0.000000 Z0.000000
G1 F730.419878 X6.325702 Y0.000000 Z0.000000
G1 F729.483396 X6.337860 Y0.000000 Z0.000000
G1 F728.545114 X6.350002 Y0.000000 Z0.000000
G1 F727.605034 X6.362129 Y0.000000 Z0.000000
G1 F726.663158 X6.374240 Y0.000000 Z0.000000
G1 F725.719490 X6.386335 Y0.000000 Z0.000000
G1 F724.774031 X6.398415 Y0.000000 Z0.000000
G1 F723.826784 X6.410479 Y0.000000 Z0.000000
G1 F722.877751 X6.422527 Y0.000000 Z0.000000
G1 F721.926934 X6.434559 Y0.000000 Z0.000000
G1 F720.974336 X6.446575 Y0.000000 Z0.000000
G1 F720.019959 X6.458575 Y0.000000 Z0.000000
G1 F719.063806 X6.470560 Y0.000000 Z0.000000
G1 F718.105878 X6.482528 Y0.000000 Z0.000000
G1 F717.146178 X6.494480 Y0.000000 Z0.000000
G1 F716.184709 X6.506417 Y0.000000 Z0.000000
G1 F715.221473 X6.518337 Y0.000000 Z0.000000
G1 F714.256472 X6.530242 Y0.000000 Z0.000000
G1 F713.289709 X6.542130 Y0.000000 Z0.000000
G1 F712.321186 X6.554002 Y0.000000 Z0.000000
G1 F711.350905 X6.565858 Y0.000000 Z0.000000
G1 F710.378869 X6.577697 Y0.000000 Z0.000000
G1 F709.405080 X6.589521 Y0.000000 Z0.000000
G1 F708.429541 X6.601328 Y0.000000 Z0.000000
G1 F707.452253 X6.613119 Y0.000000 Z0.000000
G1 F706.473221 X6.624893 Y0.000000 Z0.000000
G1 F705.492445 X6.636651 Y0.000000 Z0.000000
G1 F704.509928 X6.648393 Y0.000000 Z0.000000
G1 F703.525673 X6.660119 Y0.000000 Z0.000000
G1 F702.539682 X6.671828 Y0.000000 Z0.000000
G1 F701.551958 X6.683520 Y0.000000 Z0.000000
G1 F700.562503 X6.695196 Y0.000000 Z0.000000
G1 F699.571319 X6.706856 Y0.000000 Z0.000000
G1 F698.578409 X6.718499 Y0.000000 Z0.000000
G1 F697.583775 X6.730125 Y0.000000 Z0.000000
G1 F696.587420 X6.741735 Y0.000000 Z0.000000
G1 F695.589347 X6.753328 Y0.000000 Z0.000000
G1 F694.589557 X6.764905 Y0.000000 Z0.000000
G1 F693.588053 X6.776464 Y0.000000 Z0.000000
G1 F692.584838 X6.788007 Y0.000000 Z0.000000
G1 F691.579914 X6.799534 Y0.000000 Z0.000000
G1 F690.573283 X6.811043 Y0.000000 Z0.000000
G1 F689.564949 X6.822536 Y0.000000 Z0.000000
G1 F688.554913 X6.834012 Y0.000000 Z0.000000
G1 F687.543178 X6.845471 Y0.000000 Z0.000000
G1 F686.529747 X6.856913 Y0.000000 Z0.000000
G1 F685.514622 X6.868338 Y0.000000 Z0.000000
G1 F684.497806 X6.879747 Y0.000000 Z0.000000
G1 F683.479300 X6.891138 Y0.000000 Z0.000000
G1 F682.459108 X6.902512 Y0.000000 Z0.000000
G1 F681.437232 X6.913870 Y0.000000 Z0.000000
G1 F680.413675 X6.925210 Y0.000000 Z0.000000
G1 F679.388439 X6.936533 Y0.000000 Z0.000000
G1 F678.361527 X6.947839 Y0.000000 Z0.000000
G1 F677.332941 X6.959128 Y0.000000 Z0.000000
G1 F676.302683 X6.970400 Y0.000000 Z0.000000
G1 F675.270757 X6.981654 Y0.000000 Z0.000000
G1 F674.237165 X6.992891 Y0.000000 Z0.000000
G1 F673.201909 X7.004112 Y0.000000 Z0.000000
G1 F672.164992 X7.015314 Y0.000000 Z0.000000
G1 F671.126417 X7.026500 Y0.000000 Z0.000000
G1 F670.086185 X7.037668 Y0.000000 Z0.000000
G1 F669.044301 X7.048819 Y0.000000 Z0.000000
G1 F668.000765 X7.059952 Y0.000000 Z0.000000
G1 F666.955581 X7.071068 Y0.000000 Z0.000000
G1 F665.908752 X7.082166 Y0.000000 Z0.000000
G1 F664.860279 X7.093247 Y0.000000 Z0.000000
G1 F663.810167 X7.104311 Y0.000000 Z0.000000
G1 F662.758416 X7.115357 Y0.000000 Z0.000000
G1 F661.705030 X7.126385 Y0.000000 Z0.000000
G1 F660.650011 X7.137396 Y0.000000 Z0.000000
G1 F659.593362 X7.148389 Y0.000000 Z0.000000
G1 F658.535085 X7.159365 Y0.000000 Z0.000000
G1 F657.475184 X7.170323 Y0.000000 Z0.000000
G1 F656.413661 X7.181263 Y0.000000 Z0.000000
G1 F655.350517 X7.192185 Y0.000000 Z0.000000
G1 F654.285757 X7.203090 Y0.000000 Z0.000000
G1 F653.219383 X7.213977 Y0.000000 Z0.000000
G1 F652.151396 X7.224846 Y0.000000 Z0.000000
G1 F651.081801 X7.235698 Y0.000000 Z0.000000
G1 F650.010599 X7.246531 Y0.000000 Z0.000000
G1 F648.937793 X7.257347 Y0.000000 Z0.000000
G1 F647.863386 X7.268145 Y0.000000 Z0.000000
G1 F646.787381 X7.278924 Y0.000000 Z0.000000
G1 F645.709780 X7.289686 Y0.000000 Z0.000000
G1 F644.630585 X7.300430 Y0.000000 Z0.000000
G1 F643.549800 X7.311156 Y0.000000 Z0.000000
G1 F642.467427 X7.321864 Y0.000000 Z0.000000
G1 F641.383469 X7.332553 Y0.000000 Z0.000000
G1 F640.297928 X7.343225 Y0.000000 Z0.000000
G1 F639.210807 X7.353879 Y0.000000 Z0.000000
G1 F638.122109 X7.364514 Y0.000000 Z0.000000
G1 F637.031837 X7.375131 Y0.000000 Z0.000000
G1 F635.939993 X7.385730 Y0.000000 Z0.000000
G1 F634.846579 X7.396311 Y0.000000 Z0.000000
G1 F633.751600 X7.406873 Y0.000000 Z0.000000
G1 F632.655056 X7.417418 Y0.000000 Z0.000000
G1 F631.556952 X7.427944 Y0.000000 Z0.000000
G1 F630.457289 X7.438451 Y0.000000 Z0.000000
G1 F629.356071 X7.448941 Y0.000000 Z0.000000
G1 F628.253300 X7.459411 Y0.000000 Z0.000000
G1 F627.148978 X7.469864 Y0.000000 Z0.000000
G1 F626.043109 X7.480298 Y0.000000 Z0.000000
G1 F624.935696 X7.490714 Y0.000000 Z0.000000
G1 F623.826740 X7.501111 Y0.000000 Z0.000000
G1 F622.716246 X7.511489 Y0.000000 Z0.000000
G1 F621.604215 X7.521849 Y0.000000 Z0.000000
G1 F620.490650 X7.532191 Y0.000000 Z0.000000
G1 F619.375554 X7.542514 Y0.000000 Z0.000000
G1 F618.258929 X7.552818 Y0.000000 Z0.000000
G1 F617.140780 X7.563104 Y0.000000 Z0.000000
G1 F616.021107 X7.573371 Y0.000000 Z0.000000
G1 F614.899915 X7.583619 Y0.000000 Z0.000000
G1 F613.777205 X7.593849 Y0.000000 Z0.000000
G1 F612.652981 X7.604060 Y0.000000 Z0.000000
G1 F611.527246 X7.614252 Y0.000000 Z0.000000
G1 F610.400001 X7.624425 Y0.000000 Z0.000000
G1 F609.271250 X7.634580 Y0.000000 Z0.000000
G1 F608.140997 X7.644715 Y0.000000 Z0.000000
G1 F607.009242 X7.654832 Y0.000000 Z0.000000
G1 F605.875990 X7.664930 Y0.000000 Z0.000000
G1 F604.741243 X7.675009 Y0.000000 Z0.000000
G1 F603.605003 X7.685069 Y0.000000 Z0.000000
G1 F602.467275 X7.695110 Y0.000000 Z0.000000
G1 F601.328059 X7.705132 Y0.000000 Z0.000000
G1 F600.187361 X7.715136 Y0.000000 Z0.000000
G1 F598.473352 X7.735085 Y0.000000 Z0.000000
G1 F596.183087 X7.754957 Y0.000000 Z0.000000
G1 F593.886938 X7.774754 Y0.000000 Z0.000000
G1 F591.584928 X7.794473 Y0.000000 Z0.000000
G1 F589.277078 X7.814116 Y0.000000 Z0.000000
G1 F586.963413 X7.833681 Y0.000000 Z0.000000
G1 F584.643955 X7.853169 Y0.000000 Z0.000000
G1 F582.318727 X7.872580 Y0.000000 Z0.000000
G1 F579.987751 X7.891913 Y0.000000 Z0.000000
G1 F577.651052 X7.911168 Y0.000000 Z0.000000
G1 F575.308651 X7.930345 Y0.000000 Z0.000000
G1 F572.960572 X7.949444 Y0.000000 Z0.000000
G1 F570.606838 X7.968464 Y0.000000 Z0.000000
G1 F568.247472 X7.987405 Y0.000000 Z0.000000
G1 F565.882498 X8.006268 Y0.000000 Z0.000000
G1 F563.511939 X8.025052 Y0.000000 Z0.000000
G1 F561.135818 X8.043756 Y0.000000 Z0.000000
G1 F558.754159 X8.062381 Y0.000000 Z0.000000
G1 F556.366986 X8.080927 Y0.000000 Z0.000000
G1 F553.974321 X8.099393 Y0.000000 Z0.000000
G1 F551.576189 X8.117779 Y0.000000 Z0.000000
G1 F549.172613 X8.136084 Y0.000000 Z0.000000
G1 F546.763617 X8.154310 Y0.000000 Z0.000000
G1 F544.349225 X8.172455 Y0.000000 Z0.000000
G1 F541.929460 X8.190519 Y0.000000 Z0.000000
G1 F539.504346 X8.208503 Y0.000000 Z0.000000
G1 F537.073908 X8.226405 Y0.000000 Z0.000000
G1 F534.638169 X8.244226 Y0.000000 Z0.000000
G1 F532.197153 X8.261966 Y0.000000 Z0.000000
G1 F529.750885 X8.279625 Y0.000000 Z0.000000
G1 F527.299389 X8.297201 Y0.000000 Z0.000000
G1 F524.842688 X8.314696 Y0.000000 Z0.000000
G1 F522.380807 X8.332109 Y0.000000 Z0.000000
G1 F519.913771 X8.349439 Y0.000000 Z0.000000
G1 F517.441603 X8.366687 Y0.000000 Z0.000000
G1 F514.964328 X8.383853 Y0.000000 Z0.000000
G1 F512.481971 X8.400936 Y0.000000 Z0.000000
G1 F509.994555 X8.417935 Y0.000000 Z0.000000
G1 F507.502107 X8.434852 Y0.000000 Z0.000000
G1 F505.004649 X8.451686 Y0.000000 Z0.000000
G1 F502.502207 X8.468436 Y0.000000 Z0.000000
G1 F499.994806 X8.485102 Y0.000000 Z0.000000
G1 F497.482470 X8.501685 Y0.000000 Z0.000000
G1 F494.965224 X8.518184 Y0.000000 Z0.000000
G1 F492.443093 X8.534599 Y0.000000 Z0.000000
G1 F489.916102 X8.550929 Y0.000000 Z0.000000
G1 F487.384275 X8.567175 Y0.000000 Z0.000000
G1 F484.847639 X8.583337 Y0.000000 Z0.000000
G1 F482.306217 X8.599414 Y0.000000 Z0.000000
G1 F479.760034 X8.615406 Y0.000000 Z0.000000
G1 F477.209117 X8.631313 Y0.000000 Z0.000000
G1 F474.653490 X8.647134 Y0.000000 Z0.000000
G1 F472.093178 X8.662871 Y0.000000 Z0.000000
G1 F469.528207 X8.678522 Y0.000000 Z0.000000
G1 F466.958602 X8.694087 Y0.000000 Z0.000000
G1 F464.384388 X8.709567 Y0.000000 Z0.000000
G1 F461.805591 X8.724960 Y0.000000 Z0.000000
G1 F459.222236 X8.740267 Y0.000000 Z0.000000
G1 F456.634348 X8.755489 Y0.000000 Z0.000000
G1 F454.041954 X8.770623 Y0.000000 Z0.000000
G1 F451.445079 X8.785672 Y0.000000 Z0.000000
G1 F448.843748 X8.800633 Y0.000000 Z0.000000
G1 F446.237987 X8.815508 Y0.000000 Z0.000000
G1 F443.627822 X8.830295 Y0.000000 Z0.000000
G1 F441.013279 X8.844996 Y0.000000 Z0.000000
G1 F438.394383 X8.859609 Y0.000000 Z0.000000
G1 F435.771160 X8.874134 Y0.000000 Z0.000000
G1 F433.143636 X8.888573 Y0.000000 Z0.000000
G1 F430.511837 X8.902923 Y0.000000 Z0.000000
G1 F427.875790 X8.917186 Y0.000000 Z0.000000
G1 F425.235519 X8.931360 Y0.000000 Z0.000000
G1 F422.591052 X8.945446 Y0.000000 Z0.000000
G1 F419.942413 X8.959444 Y0.000000 Z0.000000
G1 F417.289630 X8.973354 Y0.000000 Z0.000000
G1 F414.632729 X8.987175 Y0.000000 Z0.000000
G1 F411.971735 X9.000908 Y0.000000 Z0.000000
G1 F409.306675 X9.014551 Y0.000000 Z0.000000
G1 F406.637576 X9.028106 Y0.000000 Z0.000000
G1 F403.964463 X9.041571 Y0.000000 Z0.000000
G1 F401.287363 X9.054947 Y0.000000 Z0.000000
G1 F398.606303 X9.068234 Y0.000000 Z0.000000
G1 F395.921309 X9.081432 Y0.000000 Z0.000000
G1 F393.232407 X9.094539 Y0.000000 Z0.000000
G1 F390.539624 X9.107557 Y0.000000 Z0.000000
G1 F387.842986 X9.120486 Y0.000000 Z0.000000
G1 F385.142521 X9.133324 Y0.000000 Z0.000000
G1 F382.438254 X9.146072 Y0.000000 Z0.000000
G1 F379.730213 X9.158729 Y0.000000 Z0.000000
G1 F377.018425 X9.171297 Y0.000000 Z0.000000
G1 F374.302915 X9.183773 Y0.000000 Z0.000000
G1 F371.583711 X9.196159 Y0.000000 Z0.000000
G1 F368.860839 X9.208455 Y0.000000 Z0.000000
G1 F366.134327 X9.220659 Y0.000000 Z0.000000
G1 F363.404202 X9.232773 Y0.000000 Z0.000000
G1 F360.670490 X9.244795 Y0.000000 Z0.000000
G1 F357.933218 X9.256726 Y0.000000 Z0.000000
G1 F355.192413 X9.268566 Y0.000000 Z0.000000
G1 F352.448103 X9.280314 Y0.000000 Z0.000000
G1 F349.700314 X9.291971 Y0.000000 Z0.000000
G1 F346.949074 X9.303536 Y0.000000 Z0.000000
G1 F344.194410 X9.315009 Y0.000000 Z0.000000
G1 F341.436349 X9.326390 Y0.000000 Z0.000000
G1 F338.674918 X9.337679 Y0.000000 Z0.000000
G1 F335.910144 X9.348876 Y0.000000 Z0.000000
G1 F333.142055 X9.359981 Y0.000000 Z0.000000
G1 F330.370678 X9.370993 Y0.000000 Z0.000000
G1 F327.596040 X9.381913 Y0.000000 Z0.000000
G1 F324.818169 X9.392741 Y0.000000 Z0.000000
G1 F322.037092 X9.403475 Y0.000000 Z0.000000
G1 F319.252837 X9.414117 Y0.000000 Z0.000000
G1 F316.465431 X9.424666 Y0.000000 Z0.000000
G1 F313.674902 X9.435122 Y0.000000 Z0.000000
G1 F310.881277 X9.445484 Y0.000000 Z0.000000
G1 F308.084583 X9.455754 Y0.000000 Z0.000000
G1 F305.284849 X9.465930 Y0.000000 Z0.000000
G1 F302.482102 X9.476013 Y0.000000 Z0.000000
G1 F298.974319 X9.490961 Y0.000000 Z0.000000
G1 F294.759085 X9.505699 Y0.000000 Z0.000000
G1 F290.537306 X9.520226 Y0.000000 Z0.000000
G1 F286.309075 X9.534542 Y0.000000 Z0.000000
G1 F282.074486 X9.548645 Y0.000000 Z0.000000
G1 F277.833632 X9.562537 Y0.000000 Z0.000000
G1 F273.586610 X9.576216 Y0.000000 Z0.000000
G1 F269.333512 X9.589683 Y0.000000 Z0.000000
G1 F265.074432 X9.602937 Y0.000000 Z0.000000
G1 F260.809467 X9.615977 Y0.000000 Z0.000000
G1 F256.538710 X9.628804 Y0.000000 Z0.000000
G1 F252.262255 X9.641417 Y0.000000 Z0.000000
G1 F247.980199 X9.653816 Y0.000000 Z0.000000
G1 F243.692637 X9.666001 Y0.000000 Z0.000000
G1 F239.399662 X9.677971 Y0.000000 Z0.000000
G1 F235.101372 X9.689726 Y0.000000 Z0.000000
G1 F230.797860 X9.701266 Y0.000000 Z0.000000
G1 F226.489224 X9.712590 Y0.000000 Z0.000000
G1 F222.175558 X9.723699 Y0.000000 Z0.000000
G1 F217.856958 X9.734592 Y0.000000 Z0.000000
G1 F213.533520 X9.745269 Y0.000000 Z0.000000
G1 F209.205340 X9.755729 Y0.000000 Z0.000000
G1 F204.872515 X9.765973 Y0.000000 Z0.000000
G1 F200.535140 X9.775999 Y0.000000 Z0.000000
G1 F195.469107 X9.789031 Y0.000000 Z0.000000
G1 F189.672295 X9.801675 Y0.000000 Z0.000000
G1 F183.867994 X9.813933 Y0.000000 Z0.000000
G1 F178.056435 X9.825804 Y0.000000 Z0.000000
G1 F172.237846 X9.837286 Y0.000000 Z0.000000
G1 F166.412458 X9.848380 Y0.000000 Z0.000000
G1 F160.580500 X9.859086 Y0.000000 Z0.000000
G1 F154.742203 X9.869402 Y0.000000 Z0.000000
G1 F148.166690 X9.881749 Y0.000000 Z0.000000
G1 F140.852056 X9.893487 Y0.000000 Z0.000000
G1 F133.528734 X9.904614 Y0.000000 Z0.000000
G1 F126.197175 X9.915131 Y0.000000 Z0.000000
G1 F118.123353 X9.926943 Y0.000000 Z0.000000
G1 F109.305668 X9.937874 Y0.000000 Z0.000000
G1 F100.478274 X9.947921 Y0.000000 Z0.000000
G1 F90.905095 X9.958527 Y0.000000 Z0.000000
G1 F79.847440 X9.969173 Y0.000000 Z0.000000
G1 F67.302157 X9.979269 Y0.000000 Z0.000000
G1 F51.788558 X9.989626 Y0.000000 Z0.000000
G1 F25.163010 X9.999692 Y0.000000 Z0.000000
G1 F17.762125 X9.989626 Y0.000000 Z0.000000
G1 F51.788558 X9.979269 Y0.000000 Z0.000000
G1 F67.302157 X9.969173 Y0.000000 Z0.000000
G1 F79.847440 X9.958527 Y0.000000 Z0.000000
G1 F90.905095 X9.947921 Y0.000000 Z0.000000
G1 F100.478274 X9.937874 Y0.000000 Z0.000000
G1 F109.305668 X9.926943 Y0.000000 Z0.000000
G1 F118.123353 X9.915131 Y0.000000 Z0.000000
G1 F126.197175 X9.904614 Y0.000000 Z0.000000
G1 F133.528734 X9.893487 Y0.000000 Z0.000000
G1 F140.852056 X9.881749 Y0.000000 Z0.000000
G1 F148.166690 X9.869402 Y0.000000 Z0.000000
G1 F154.742203 X9.859086 Y0.000000 Z0.000000
G1 F160.580500 X9.848380 Y0.000000 Z0.000000
G1 F166.412458 X9.837286 Y0.000000 Z0.000000
G1 F172.237846 X9.825804 Y0.000000 Z0.000000
G1 F178.056435 X9.813933 Y0.000000 Z0.000000
G1 F183.867994 X9.801675 Y0.000000 Z0.000000
G1 F189.672295 X9.789031 Y0.000000 Z0.000000
G1 F195.469107 X9.775999 Y0.000000 Z0.000000
G1 F200.535140 X9.765973 Y0.000000 Z0.000000
G1 F204.872515 X9.755729 Y0.000000 Z0.000000
G1 F209.205340 X9.745269 Y0.000000 Z0.000000
G1 F213.533520 X9.734592 Y0.000000 Z0.000000
G1 F217.856958 X9.723699 Y0.000000 Z0.000000
G1 F222.175558 X9.712590 Y0.000000 Z0.000000
G1 F226.489224 X9.701266 Y0.000000 Z0.000000
G1 F230.797860 X9.689726 Y0.000000 Z0.000000
G1 F235.101372 X9.677971 Y0.000000 Z0.000000
G1 F239.399662 X9.666001 Y0.000000 Z0.000000
G1 F243.692637 X9.653816 Y0.000000 Z0.000000
G1 F247.980199 X9.641417 Y0.000000 Z0.000000
G1 F252.262255 X9.628804 Y0.000000 Z0.000000
G1 F256.538710 X9.615977 Y0.000000 Z0.000000
G1 F260.809467 X9.602937 Y0.000000 Z0.000000
G1 F265.074432 X9.589683 Y0.000000 Z0.000000
G1 F269.333512 X9.576216 Y0.000000 Z0.000000
G1 F273.586610 X9.562537 Y0.000000 Z0.000000
G1 F277.833632 X9.548645 Y0.000000 Z0.000000
G1 F282.074486 X9.534542 Y0.000000 Z0.000000
G1 F286.309075 X9.520226 Y0.000000 Z0.000000
G1 F290.537306 X9.505699 Y0.000000 Z0.000000
G1 F294.759085 X9.490961 Y0.000000 Z0.000000
G1 F298.974319 X9.476013 Y0.000000 Z0.000000
G1 F302.482102 X9.465930 Y0.000000 Z0.000000
G1 F305.284849 X9.455754 Y0.000000 Z0.000000
G1 F308.084583 X9.445484 Y0.000000 Z0.000000
G1 F310.881277 X9.435122 Y0.000000 Z0.000000
G1 F313.674902 X9.424666 Y0.000000 Z0.000000
G1 F316.465431 X9.414117 Y0.000000 Z0.000000
G1 F319.252837 X9.403475 Y0.000000 Z0.000000
G1 F322.037092 X9.392741 Y0.000000 Z0.000000
G1 F324.818169 X9.381913 Y0.000000 Z0.000000
G1 F327.596040 X9.370993 Y0.000000 Z0.000000
G1 F330.370678 X9.359981 Y0.000000 Z0.000000
G1 F333.142055 X9.348876 Y0.000000 Z0.000000
G1 F335.910144 X9.337679 Y0.000000 Z0.000000
G1 F338.674918 X9.326390 Y0.000000 Z0.000000
G1 F341.436349 X9.315009 Y0.000000 Z0.000000
G1 F344.194410 X9.303536 Y0.000000 Z0.000000
G1 F346.949074 X9.291971 Y0.000000 Z0.000000
G1 F349.700314 X9.280314 Y0.000000 Z0.000000
G1 F352.448103 X9.268566 Y0.000000 Z0.000000
G1 F355.192413 X9.256726 Y0.000000 Z0.000000
G1 F357.933218 X9.244795 Y0.000000 Z0.000000
G1 F360.670490 X9.232773 Y0.000000 Z0.000000
G1 F363.404202 X9.220659 Y0.000000 Z0.000000
G1 F366.134327 X9.208455 Y0.000000 Z0.000000
G1 F368.860839 X9.196159 Y0.000000 Z0.000000
G1 F371.583711 X9.183773 Y0.000000 Z0.000000
G1 F374.302915 X9.171297 Y0.000000 Z0.000000
G1 F377.018425 X9.158729 Y0.000000 Z0.000000
G1 F379.730213 X9.146072 Y0.000000 Z0.000000
G1 F382.438254 X9.133324 Y0.000000 Z0.000000
G1 F385.142521 X9.120486 Y0.000000 Z0.000000
G1 F387.842986 X9.107557 Y0.000000 Z0.000000
G1 F390.539624 X9.094539 Y0.000000 Z0.000000
G1 F393.232407 X9.081432 Y0.000000 Z0.000000
G1 F395.921309 X9.068234 Y0.000000 Z0.000000
G1 F398.606303 X9.054947 Y0.000000 Z0.000000
G1 F401.287363 X9.041571 Y0.000000 Z0.000000
G1 F403.964463 X9.028106 Y0.000000 Z0.000000
G1 F406.637576 X9.014551 Y0.000000 Z0.000000
G1 F409.306675 X9.000908 Y0.000000 Z0.000000
G1 F411.971735 X8.987175 Y0.000000 Z0.000000
G1 F414.632729 X8.973354 Y0.000000 Z0.000000
G1 F417.289630 X8.959444 Y0.000000 Z0.000000
G1 F419.942413 X8.945446 Y0.000000 Z0.000000
G1 F422.591052 X8.931360 Y0.000000 Z0.000000
G1 F425.235519 X8.917186 Y0.000000 Z0.000000
G1 F427.875790 X8.902923 Y0.000000 Z0.000000
G1 F430.511837 X8.888573 Y0.000000 Z0.000000
G1 F433.143636 X8.874134 Y0.000000 Z0.000000
G1 F435.771160 X8.859609 Y0.000000 Z0.000000
G1 F438.394383 X8.844996 Y0.000000 Z0.000000
G1 F441.013279 X8.830295 Y0.000000 Z0.000000
G1 F443.627822 X8.815508 Y0.000000 Z0.000000
G1 F446.237987 X8.800633 Y0.000000 Z0.000000
G1 F448.843748 X8.785672 Y0.000000 Z0.000000
G1 F451.445079 X8.770623 Y0.000000 Z0.000000
G1 F454.041954 X8.755489 Y0.000000 Z0.000000
G1 F456.634348 X8.740267 Y0.000000 Z0.000000
G1 F459.222236 X8.724960 Y0.000000 Z0.000000
G1 F461.805591 X8.709567 Y0.000000 Z0.000000
G1 F464.384388 X8.694087 Y0.000000 Z0.000000
G1 F466.958602 X8.678522 Y0.000000 Z0.000000
G1 F469.528207 X8.662871 Y0.000000 Z0.000000
G1 F472.093178 X8.647134 Y0.000000 Z0.000000
G1 F474.653490 X8.631313 Y0.000000 Z0.000000
G1 F477.209117 X8.615406 Y0.000000 Z0.000000
G1 F479.760034 X8.599414 Y0.000000 Z0.000000
G1 F482.306217 X8.583337 Y0.000000 Z0.000000
G1 F484.847639 X8.567175 Y0.000000 Z0.000000
G1 F487.384275 X8.550929 Y0.000000 Z0.000000
G1 F489.916102 X8.534599 Y0.000000 Z0.000000
G1 F492.443093 X8.518184 Y0.000000 Z0.000000
G1 F494.965224 X8.501685 Y0.000000 Z0.000000
G1 F497.482470 X8.485102 Y0.000000 Z0.000000
G1 F499.994806 X8.468436 Y0.000000 Z0.000000
G1 F502.502207 X8.451686 Y0.000000 Z0.000000
G1 F505.004649 X8.434852 Y0.000000 Z0.000000
G1 F507.502107 X8.417935 Y0.000000 Z0.000000
G1 F509.994555 X8.400936 Y0.000000 Z0.000000
G1 F512.481971 X8.383853 Y0.000000 Z0.000000
G1 F514.964328 X8.366687 Y0.000000 Z0.000000
G1 F517.441603 X8.349439 Y0.000000 Z0.000000
G1 F519.913771 X8.332109 Y0.000000 Z0.000000
G1 F522.380807 X8.314696 Y0.000000 Z0.000000
G1 F524.842688 X8.297201 Y0.000000 Z0.000000
G1 F527.299389 X8.279625 Y0.000000 Z0.000000
G1 F529.750885 X8.261966 Y0.000000 Z0.000000
G1 F532.197153 X8.244226 Y0.000000 Z0.000000
G1 F534.638169 X8.226405 Y0.000000 Z0.000000
G1 F537.073908 X8.208503 Y0.000000 Z0.000000
G1 F539.504346 X8.190519 Y0.000000 Z0.000000
G1 F541.929460 X8.172455 Y0.000000 Z0.000000
G1 F544.349225 X8.154310 Y0.000000 Z0.000000
G1 F546.763617 X8.136084 Y0.000000 Z0.000000
G1 F549.172613 X8.117779 Y0.000000 Z0.000000
G1 F551.576189 X8.099393 Y0.000000 Z0.000000
G1 F553.974321 X8.080927 Y0.000000 Z0.000000
G1 F556.366986 X8.062381 Y0.000000 Z0.000000
G1 F558.754159 X8.043756 Y0.000000 Z0.000000
G1 F561.135818 X8.025052 Y0.000000 Z0.000000
G1 F563.511939 X8.006268 Y0.000000 Z0.000000
G1 F565.882498 X7.987405 Y0.000000 Z0.000000
G1 F568.247472 X7.968464 Y0.000000 Z0.000000
G1 F570.606838 X7.949444 Y0.000000 Z0.000000
G1 F572.960572 X7.930345 Y0.000000 Z0.000000
G1 F575.308651 X7.911168 Y0.000000 Z0.000000
G1 F577.651052 X7.891913 Y0.000000 Z0.000000
G1 F579.987751 X7.872580 Y0.000000 Z0.000000
G1 F582.318727 X7.853169 Y0.000000 Z0.000000
G1 F584.643955 X7.833681 Y0.000000 Z0.000000
G1 F586.963413 X7.814116 Y0.000000 Z0.000000
G1 F589.277078 X7.794473 Y0.000000 Z0.000000
G1 F591.584928 X7.774754 Y0.000000 Z0.000000
G1 F593.886938 X7.754957 Y0.000000 Z0.000000
G1 F596.183087 X7.735085 Y0.000000 Z0.000000
G1 F598.473352 X7.715136 Y0.000000 Z0.000000
G1 F600.187361 X7.705132 Y0.000000 Z0.000000
G1 F601.328059 X7.695110 Y0.000000 Z0.000000
G1 F602.467275 X7.685069 Y0.000000 Z0.000000
G1 F603.605003 X7.675009 Y0.000000 Z0.000000
G1 F604.741243 X7.664930 Y0.000000 Z0.000000
G1 F605.875990 X7.654832 Y0.000000 Z0.000000
G1 F607.009242 X7.644715 Y0.000000 Z0.000000
G1 F608.140997 X7.634580 Y0.000000 Z0.000000
G1 F609.271250 X7.624425 Y0.000000 Z0.000000
G1 F610.400001 X7.614252 Y0.000000 Z0.000000
G1 F611.527246 X7.604060 Y0.000000 Z0.000000
G1 F612.652981 X7.593849 Y0.000000 Z0.000000
G1 F613.777205 X7.583619 Y0.000000 Z0.000000
G1 F614.899915 X7.573371 Y0.000000 Z0.000000
G1 F616.021107 X7.563104 Y0.000000 Z0.000000
G1 F617.140780 X7.552818 Y0.000000 Z0.000000
G1 F618.258929 X7.542514 Y0.000000 Z0.000000
G1 F619.375554 X7.532191 Y0.000000 Z0.000000
G1 F620.490650 X7.521849 Y0.000000 Z0.000000
G1 F621.604214 X7.511489 Y0.000000 Z0.000000
G1 F622.716246 X7.501111 Y0.000000 Z0.000000
G1 F623.826740 X7.490714 Y0.000000 Z0.000000
G1 F624.935696 X7.480298 Y0.000000 Z0.000000
G1 F626.043109 X7.469864 Y0.000000 Z0.000000
G1 F627.148978 X7.459411 Y0.000000 Z0.000000
G1 F628.253300 X7.448941 Y0.000000 Z0.000000
G1 F629.356071 X7.438451 Y0.000000 Z0.000000
G1 F630.457289 X7.427944 Y0.000000 Z0.000000
G1 F631.556952 X7.417418 Y0.000000 Z0.000000
G1 F632.655056 X7.406873 Y0.000000 Z0.000000
G1 F633.751600 X7.396311 Y0.000000 Z0.000000
G1 F634.846579 X7.385730 Y0.000000 Z0.000000
G1 F635.939993 X7.375131 Y0.000000 Z0.000000
G1 F637.031837 X7.364514 Y0.000000 Z0.000000
G1 F638.122109 X7.353879 Y0.000000 Z0.000000
G1 F639.210807 X7.343225 Y0.000000 Z0.000000
G1 F640.297928 X7.332553 Y0.000000 Z0.000000
G1 F641.383469 X7.321864 Y0.000000 Z0.000000
G1 F642.467427 X7.311156 Y0.000000 Z0.000000
G1 F643.549800 X7.300430 Y0.000000 Z0.000000
G1 F644.630585 X7.289686 Y0.000000 Z0.000000
G1 F645.709780 X7.278924 Y0.000000 Z0.000000
G1 F646.787381 X7.268145 Y0.000000 Z0.000000
G1 F647.863386 X7.257347 Y0.000000 Z0.000000
G1 F648.937793 X7.246531 Y0.000000 Z0.000000
G1 F650.010599 X7.235698 Y0.000000 Z0.000000
G1 F651.081801 X7.224846 Y0.000000 Z0.000000
G1 F652.151396 X7.213977 Y0.000000 Z0.000000
G1 F653.219383 X7.203090 Y0.000000 Z0.000000
G1 F654.285757 X7.192185 Y0.000000 Z0.000000
G1 F655.350517 X7.181263 Y0.000000 Z0.000000
G1 F656.413661 X7.170323 Y0.000000 Z0.000000
G1 F657.475184 X7.159365 Y0.000000 Z0.000000
G1 F658.535085 X7.148389 Y0.000000 Z0.000000
G1 F659.593362 X7.137396 Y0.000000 Z0.000000
G1 F660.650011 X7.126385 Y0.000000 Z0.000000
G1 F661.705030 X7.115357 Y0.000000 Z0.000000
G1 F662.758416 X7.104311 Y0.000000 Z0.000000
G1 F663.810167 X7.093247 Y0.000000 Z0.000000
G1 F664.860279 X7.082166 Y0.000000 Z0.000000
G1 F665.908752 X7.071068 Y0.000000 Z0.000000
G1 F666.955581 X7.059952 Y0.000000 Z0.000000
G1 F668.000765 X7.048819 Y0.000000 Z0.000000
G1 F669.044301 X7.037668 Y0.000000 Z0.000000
G1 F670.086185 X7.026500 Y0.000000 Z0.000000
G1 F671.126417 X7.015314 Y0.000000 Z0.000000
G1 F672.164992 X7.004112 Y0.000000 Z0.000000
G1 F673.201909 X6.992891 Y0.000000 Z0.000000
G1 F674.237165 X6.981654 Y0.000000 Z0.000000
G1 F675.270757 X6.970400 Y0.000000 Z0.000000
G1 F676.302683 X6.959128 Y0.000000 Z0.000000
G1 F677.332941 X6.947839 Y0.000000 Z0.000000
G1 F678.361527 X6.936533 Y0.000000 Z0.000000
G1 F679.388439 X6.925210 Y0.000000 Z0.000000
G1 F680.413675 X6.913870 Y0.000000 Z0.000000
G1 F681.437232 X6.902512 Y0.000000 Z0.000000
G1 F682.459108 X6.891138 Y0.000000 Z0.000000
G1 F683.479300 X6.879747 Y0.000000 Z0.000000
G1 F684.497806 X6.868338 Y0.000000 Z0.000000
G1 F685.514622 X6.856913 Y0.000000 Z0.000000
G1 F686.529747 X6.845471 Y0.000000 Z0.000000
G1 F687.543178 X6.834012 Y0.000000 Z0.000000
G1 F688.554913 X6.822536 Y0.000000 Z0.000000
G1 F689.564949 X6.811043 Y0.000000 Z0.000000
G1 F690.573283 X6.799534 Y0.000000 Z0.000000
G1 F691.579914 X6.788007 Y0.000000 Z0.000000
G1 F692.584838 X6.776464 Y0.000000 Z0.000000
G1 F693.588053 X6.764905 Y0.000000 Z0.000000
G1 F694.589557 X6.753328 Y0.000000 Z0.000000
G1 F695.589347 X6.741735 Y0.000000 Z0.000000
G1 F696.587420 X6.730125 Y0.000000 Z0.000000
G1 F697.583775 X6.718499 Y0.000000 Z0.000000
G1 F698.578409 X6.706856 Y0.000000 Z0.000000
G1 F699.571319 X6.695196 Y0.000000 Z0.000000
G1 F700.562503 X6.683520 Y0.000000 Z0.000000
G1 F701.551958 X6.671828 Y0.000000 Z0.000000
G1 F702.539682 X6.660119 Y0.000000 Z0.000000
G1 F703.525673 X6.648393 Y0.000000 Z0.000000
G1 F704.509928 X6.636651 Y0.000000 Z0.000000
G1 F705.492445 X6.624893 Y0.000000 Z0.000000
G1 F706.473221 X6.613119 Y0.000000 Z0.000000
G1 F707.452253 X6.601328 Y0.000000 Z0.000000
G1 F708.429541 X6.589521 Y0.000000 Z0.000000
G1 F709.405080 X6.577697 Y0.000000 Z0.000000
G1 F710.378869 X6.565858 Y0.000000 Z0.000000
G1 F711.350905 X6.554002 Y0.000000 Z0.000000
G1 F712.321186 X6.542130 Y0.000000 Z0.000000
G1 F713.289709 X6.530242 Y0.000000 Z0.000000
G1 F714.256472 X6.518337 Y0.000000 Z0.000000
G1 F715.221473 X6.506417 Y0.000000 Z0.000000
G1 F716.184709 X6.494480 Y0.000000 Z0.000000
G1 F717.146178 X6.482528 Y0.000000 Z0.000000
G1 F718.105878 X6.470560 Y0.000000 Z0.000000
G1 F719.063806 X6.458575 Y0.000000 Z0.000000
G1 F720.019959 X6.446575 Y0.000000 Z0.000000
G1 F720.974336 X6.434559 Y0.000000 Z0.000000
G1 F721.926934 X6.422527 Y0.000000 Z0.000000
G1 F722.877751 X6.410479 Y0.000000 Z0.000000
G1 F723.826784 X6.398415 Y0.000000 Z0.000000
G1 F724.774031 X6.386335 Y0.000000 Z0.000000
G1 F725.719490 X6.374240 Y0.000000 Z0.000000
G1 F726.663158 X6.362129 Y0.000000 Z0.000000
G1 F727.605034 X6.350002 Y0.000000 Z0.000000
G1 F728.545114 X6.337860 Y0.000000 Z0.000000
G1 F729.483396 X6.325702 Y0.000000 Z0.000000
G1 F730.419878 X6.313528 Y0.000000 Z0.000000
G1 F731.354558 X6.301339 Y0.000000 Z0.000000
G1 F732.287434 X6.289134 Y0.000000 Z0.000000
G1 F733.218503 X6.276914 Y0.000000 Z0.000000
G1 F734.147762 X6.264678 Y0.000000 Z0.000000
G1 F735.075211 X6.252427 Y0.000000 Z0.000000
G1 F736.000845 X6.240160 Y0.000000 Z0.000000
G1 F736.924664 X6.227878 Y0.000000 Z0.000000
G1 F737.846664 X6.215580 Y0.000000 Z0.000000
G1 F738.766843 X6.203268 Y0.000000 Z0.000000
G1 F739.685200 X6.190939 Y0.000000 Z0.000000
G1 F740.601732 X6.178596 Y0.000000 Z0.000000
G1 F741.516436 X6.166238 Y0.000000 Z0.000000
G1 F742.429311 X6.153864 Y0.000000 Z0.000000
G1 F743.340354 X6.141475 Y0.000000 Z0.000000
G1 F744.249562 X6.129071 Y0.000000 Z0.000000
G1 F745.156935 X6.116651 Y0.000000 Z0.000000
G1 F746.062468 X6.104217 Y0.000000 Z0.000000
G1 F746.966161 X6.091767 Y0.000000 Z0.000000
G1 F747.868011 X6.079303 Y0.000000 Z0.000000
G1 F748.768016 X6.066824 Y0.000000 Z0.000000
G1 F749.666173 X6.054329 Y0.000000 Z0.000000
G1 F750.562480 X6.041820 Y0.000000 Z0.000000
G1 F751.456935 X6.029295 Y0.000000 Z0.000000
G1 F752.349537 X6.016756 Y0.000000 Z0.000000
G1 F753.240281 X6.004202 Y0.000000 Z0.000000
G1 F754.129168 X5.991633 Y0.000000 Z0.000000
G1 F755.016193 X5.979050 Y0.000000 Z0.000000
G1 F755.901356 X5.966451 Y0.000000 Z0.000000
G1 F756.784654 X5.953838 Y0.000000 Z0.000000
G1 F757.666084 X5.941211 Y0.000000 Z0.000000
G1 F758.545645 X5.928568 Y0.000000 Z0.000000
G1 F759.423334 X5.915911 Y0.000000 Z0.000000
G1 F760.299149 X5.903239 Y0.000000 Z0.000000
G1 F761.173089 X5.890553 Y0.000000 Z0.000000
G1 F762.045150 X5.877853 Y0.000000 Z0.000000
G1 F762.915331 X5.865137 Y0.000000 Z0.000000
G1 F763.783629 X5.852408 Y0.000000 Z0.000000
G1 F764.650043 X5.839663 Y0.000000 Z0.000000
G1 F765.514571 X5.826905 Y0.000000 Z0.000000
G1 F766.377209 X5.814132 Y0.000000 Z0.000000
G1 F767.237957 X5.801345 Y0.000000 Z0.000000
G1 F768.096811 X5.788543 Y0.000000 Z0.000000
G1 F768.953771 X5.775727 Y0.000000 Z0.000000
G1 F769.808832 X5.762897 Y0.000000 Z0.000000
G1 F770.661995 X5.750053 Y0.000000 Z0.000000
G1 F771.513256 X5.737194 Y0.000000 Z0.000000
G1 F772.362613 X5.724321 Y0.000000 Z0.000000
G1 F773.210065 X5.711434 Y0.000000 Z0.000000
G1 F774.055609 X5.698533 Y0.000000 Z0.000000
G1 F774.899243 X5.685619 Y0.000000 Z0.000000
G1 F775.740965 X5.672689 Y0.000000 Z0.000000
G1 F776.580772 X5.659746 Y0.000000 Z0.000000
G1 F777.418664 X5.646790 Y0.000000 Z0.000000
G1 F778.254638 X5.633819 Y0.000000 Z0.000000
G1 F779.088691 X5.620834 Y0.000000 Z0.000000
G1 F779.920822 X5.607835 Y0.000000 Z0.000000
G1 F780.751028 X5.594823 Y0.000000 Z0.000000
G1 F781.579308 X5.581796 Y0.000000 Z0.000000
G1 F782.405660 X5.568756 Y0.000000 Z0.000000
G1 F783.230081 X5.555702 Y0.000000 Z0.000000
G1 F784.052570 X5.542635 Y0.000000 Z0.000000
G1 F784.873124 X5.529554 Y0.000000 Z0.000000
G1 F785.691741 X5.516459 Y0.000000 Z0.000000
G1 F786.508420 X5.503350 Y0.000000 Z0.000000
G1 F787.323158 X5.490228 Y0.000000 Z0.000000
G1 F788.135954 X5.477093 Y0.000000 Z0.000000
G1 F788.946805 X5.463943 Y0.000000 Z0.000000
G1 F789.755709 X5.450781 Y0.000000 Z0.000000
G1 F790.562664 X5.437605 Y0.000000 Z0.000000
G1 F791.367669 X5.424415 Y0.000000 Z0.000000
G1 F792.170722 X5.411213 Y0.000000 Z0.000000
G1 F792.971819 X5.397996 Y0.000000 Z0.000000
G1 F793.770961 X5.384767 Y0.000000 Z0.000000
G1 F794.568143 X5.371524 Y0.000000 Z0.000000
G1 F795.363365 X5.358268 Y0.000000 Z0.000000
G1 F796.156625 X5.344999 Y0.000000 Z0.000000
G1 F796.947920 X5.331716 Y0.000000 Z0.000000
G1 F797.737249 X5.318421 Y0.000000 Z0.000000
G1 F798.524609 X5.305112 Y0.000000 Z0.000000
G1 F799.310000 X5.291790 Y0.000000 Z0.000000
G1 F800.093417 X5.278455 Y0.000000 Z0.000000
G1 F800.874861 X5.265107 Y0.000000 Z0.000000
G1 F801.654329 X5.251746 Y0.000000 Z0.000000
G1 F802.431819 X5.238372 Y0.000000 Z0.000000
G1 F803.207329 X5.224986 Y0.000000 Z0.000000
G1 F803.980856 X5.211586 Y0.000000 Z0.000000
G1 F804.752401 X5.198173 Y0.000000 Z0.000000
G1 F805.521959 X5.184748 Y0.000000 Z0.000000
G1 F806.289530 X5.171310 Y0.000000 Z0.000000
G1 F807.055112 X5.157859 Y0.000000 Z0.000000
G1 F807.818702 X5.144395 Y0.000000 Z0.000000
G1 F808.580299 X5.130919 Y0.000000 Z0.000000
G1 F809.339901 X5.117430 Y0.000000 Z0.000000
G1 F810.097506 X5.103928 Y0.000000 Z0.000000
G1 F810.853112 X5.090414 Y0.000000 Z0.000000
G1 F811.606718 X5.076887 Y0.000000 Z0.000000
G1 F812.358321 X5.063348 Y0.000000 Z0.000000
G1 F813.107919 X5.049796 Y0.000000 Z0.000000
G1 F813.855511 X5.036232 Y0.000000 Z0.000000
G1 F814.601095 X5.022655 Y0.000000 Z0.000000
G1 F815.344670 X5.009066 Y0.000000 Z0.000000
G1 F816.086232 X4.995465 Y0.000000 Z0.000000
G1 F816.825781 X4.981851 Y0.000000 Z0.000000
G1 F817.563314 X4.968225 Y0.000000 Z0.000000
G1 F818.298830 X4.954587 Y0.000000 Z0.000000
G1 F819.032327 X4.940936 Y0.000000 Z0.000000
G1 F819.763803 X4.927273 Y0.000000 Z0.000000
G1 F820.493257 X4.913599 Y0.000000 Z0.000000
G1 F821.220686 X4.899912 Y0.000000 Z0.000000
G1 F821.946088 X4.886212 Y0.000000 Z0.000000
G1 F822.669463 X4.872501 Y0.000000 Z0.000000
G1 F823.390808 X4.858778 Y0.000000 Z0.000000
G1 F824.110121 X4.845043 Y0.000000 Z0.000000
G1 F824.827401 X4.831296 Y0.000000 Z0.000000
G1 F825.542645 X4.817537 Y0.000000 Z0.000000
G1 F826.255853 X4.803766 Y0.000000 Z0.000000
G1 F826.967022 X4.789983 Y0.000000 Z0.000000
G1 F827.676150 X4.776188 Y0.000000 Z0.000000
G1 F828.383236 X4.762382 Y0.000000 Z0.000000
G1 F829.088278 X4.748564 Y0.000000 Z0.000000
G1 F829.791275 X4.734734 Y0.000000 Z0.000000
G1 F830.492224 X4.720893 Y0.000000 Z0.000000
G1 F831.191124 X4.707039 Y0.000000 Z0.000000
G1 F831.887973 X4.693175 Y0.000000 Z0.000000
G1 F832.582770 X4.679298 Y0.000000 Z0.000000
G1 F833.275512 X4.665410 Y0.000000 Z0.000000
G1 F833.966198 X4.651511 Y0.000000 Z0.000000
G1 F834.654826 X4.637600 Y0.000000 Z0.000000
G1 F835.341395 X4.623678 Y0.000000 Z0.000000
G1 F836.025903 X4.609744 Y0.000000 Z0.000000
G1 F836.708348 X4.595799 Y0.000000 Z0.000000
G1 F837.388729 X4.581842 Y0.000000 Z0.000000
G1 F838.067043 X4.567874 Y0.000000 Z0.000000
G1 F838.743290 X4.553895 Y0.000000 Z0.000000
G1 F839.417467 X4.539905 Y0.000000 Z0.000000
G1 F840.089573 X4.525904 Y0.000000 Z0.000000
G1 F840.759606 X4.511891 Y0.000000 Z0.000000
G1 F841.427564 X4.497867 Y0.000000 Z0.000000
G1 F842.093447 X4.483832 Y0.000000 Z0.000000
G1 F842.757251 X4.469786 Y0.000000 Z0.000000
G1 F843.418977 X4.455729 Y0.000000 Z0.000000
G1 F844.078621 X4.441661 Y0.000000 Z0.000000
G1 F844.736182 X4.427582 Y0.000000 Z0.000000
G1 F845.391659 X4.413492 Y0.000000 Z0.000000
G1 F846.045051 X4.399392 Y0.000000 Z0.000000
G1 F846.696354 X4.385280 Y0.000000 Z0.000000
G1 F847.345569 X4.371158 Y0.000000 Z0.000000
G1 F847.992693 X4.357024 Y0.000000 Z0.000000
G1 F848.637724 X4.342880 Y0.000000 Z0.000000
G1 F849.280662 X4.328726 Y0.000000 Z0.000000
G1 F849.921504 X4.314560 Y0.000000 Z0.000000
G1 F850.560249 X4.300384 Y0.000000 Z0.000000
G1 F851.196895 X4.286198 Y0.000000 Z0.000000
G1 F851.831441 X4.272001 Y0.000000 Z0.000000
G1 F852.463885 X4.257793 Y0.000000 Z0.000000
G1 F853.094226 X4.243575 Y0.000000 Z0.000000
G1 F853.722462 X4.229346 Y0.000000 Z0.000000
G1 F854.348591 X4.215107 Y0.000000 Z0.000000
G1 F854.972613 X4.200857 Y0.000000 Z0.000000
G1 F855.594525 X4.186597 Y0.000000 Z0.000000
G1 F856.214325 X4.172327 Y0.000000 Z0.000000
G1 F856.832014 X4.158047 Y0.000000 Z0.000000
G1 F857.447588 X4.143756 Y0.000000 Z0.000000
G1 F858.061046 X4.129455 Y0.000000 Z0.000000
G1 F858.672387 X4.115144 Y0.000000 Z0.000000
G1 F859.281609 X4.100822 Y0.000000 Z0.000000
G1 F859.888712 X4.086491 Y0.000000 Z0.000000
G1 F860.493692 X4.072149 Y0.000000 Z0.000000
G1 F861.096550 X4.057798 Y0.000000 Z0.000000
G1 F861.697282 X4.043436 Y0.000000 Z0.000000
G1 F862.295889 X4.029064 Y0.000000 Z0.000000
G1 F862.892368 X4.014683 Y0.000000 Z0.000000
G1 F863.486718 X4.000291 Y0.000000 Z0.000000
G1 F864.078937 X3.985890 Y0.000000 Z0.000000
G1 F864.669024 X3.971479 Y0.000000 Z0.000000
G1 F865.256978 X3.957058 Y0.000000 Z0.000000
G1 F865.842797 X3.942627 Y0.000000 Z0.000000
G1 F866.426479 X3.928187 Y0.000000 Z0.000000
G1 F867.008024 X3.913737 Y0.000000 Z0.000000
G1 F867.587429 X3.899277 Y0.000000 Z0.000000
G1 F868.164694 X3.884807 Y0.000000 Z0.000000
G1 F868.739817 X3.870328 Y0.000000 Z0.000000
G1 F869.312796 X3.855840 Y0.000000 Z0.000000
G1 F869.883630 X3.841342 Y0.000000 Z0.000000
G1 F870.452318 X3.826834 Y0.000000 Z0.000000
G1 F871.018858 X3.812317 Y0.000000 Z0.000000
G1 F871.583248 X3.797791 Y0.000000 Z0.000000
G1 F872.145489 X3.783255 Y0.000000 Z0.000000
G1 F872.705577 X3.768710 Y0.000000 Z0.000000
G1 F873.263512 X3.754156 Y0.000000 Z0.000000
G1 F873.819292 X3.739592 Y0.000000 Z0.000000
G1 F874.372917 X3.725019 Y0.000000 Z0.000000
G1 F874.924384 X3.710437 Y0.000000 Z0.000000
G1 F875.473692 X3.695846 Y0.000000 Z0.000000
G1 F876.020840 X3.681246 Y0.000000 Z0.000000
G1 F876.565826 X3.666636 Y0.000000 Z0.000000
G1 F877.108650 X3.652018 Y0.000000 Z0.000000
G1 F877.649309 X3.637390 Y0.000000 Z0.000000
G1 F878.187803 X3.622754 Y0.000000 Z0.000000
G1 F878.724130 X3.608108 Y0.000000 Z0.000000
G1 F879.258289 X3.593454 Y0.000000 Z0.000000
G1 F879.790278 X3.578791 Y0.000000 Z0.000000
G1 F880.320097 X3.564119 Y0.000000 Z0.000000
G1 F880.847744 X3.549438 Y0.000000 Z0.000000
G1 F881.373217 X3.534748 Y0.000000 Z0.000000
G1 F881.896515 X3.520050 Y0.000000 Z0.000000
G1 F882.417638 X3.505343 Y0.000000 Z0.000000
G1 F882.936583 X3.490628 Y0.000000 Z0.000000
G1 F883.453349 X3.475903 Y0.000000 Z0.000000
G1 F883.967936 X3.461171 Y0.000000 Z0.000000
G1 F884.480342 X3.446429 Y0.000000 Z0.000000
G1 F884.990565 X3.431679 Y0.000000 Z0.000000
G1 F885.498605 X3.416921 Y0.000000 Z0.000000
G1 F886.004460 X3.402154 Y0.000000 Z0.000000
G1 F886.508128 X3.387379 Y0.000000 Z0.000000
G1 F887.009609 X3.372596 Y0.000000 Z0.000000
G1 F887.508902 X3.357804 Y0.000000 Z0.000000
G1 F888.006005 X3.343004 Y0.000000 Z0.000000
G1 F888.500917 X3.328195 Y0.000000 Z0.000000
G1 F888.993636 X3.313379 Y0.000000 Z0.000000
G1 F889.484162 X3.298554 Y0.000000 Z0.000000
G1 F889.972493 X3.283721 Y0.000000 Z0.000000
G1 F890.458629 X3.268880 Y0.000000 Z0.000000
G1 F890.942567 X3.254031 Y0.000000 Z0.000000
G1 F891.424307 X3.239174 Y0.000000 Z0.000000
G1 F891.903847 X3.224309 Y0.000000 Z0.000000
G1 F892.381187 X3.209436 Y0.000000 Z0.000000
G1 F892.856325 X3.194555 Y0.000000 Z0.000000
G1 F893.329260 X3.179666 Y0.000000 Z0.000000
G1 F893.799990 X3.164770 Y0.000000 Z0.000000
G1 F894.268516 X3.149865 Y0.000000 Z0.000000
G1 F894.734835 X3.134953 Y0.000000 Z0.000000
G1 F895.198946 X3.120033 Y0.000000 Z0.000000
G1 F895.660848 X3.105105 Y0.000000 Z0.000000
G1 F896.120540 X3.090170 Y0.000000 Z0.000000
G1 F896.578021 X3.075227 Y0.000000 Z0.000000
G1 F897.033290 X3.060276 Y0.000000 Z0.000000
G1 F897.486346 X3.045318 Y0.000000 Z0.000000
G1 F897.937187 X3.030353 Y0.000000 Z0.000000
G1 F898.385813 X3.015380 Y0.000000 Z0.000000
G1 F898.832222 X3.000399 Y0.000000 Z0.000000
G1 F899.276413 X2.985411 Y0.000000 Z0.000000
G1 F899.718385 X2.970416 Y0.000000 Z0.000000
G1 F900.158138 X2.955413 Y0.000000 Z0.000000
G1 F900.595669 X2.940403 Y0.000000 Z0.000000
G1 F901.030978 X2.925386 Y0.000000 Z0.000000
G1 F901.464064 X2.910362 Y0.000000 Z0.000000
G1 F901.894926 X2.895330 Y0.000000 Z0.000000
G1 F902.323562 X2.880291 Y0.000000 Z0.000000
G1 F902.749972 X2.865246 Y0.000000 Z0.000000
G1 F903.174155 X2.850193 Y0.000000 Z0.000000
G1 F903.596109 X2.835133 Y0.000000 Z0.000000
G1 F904.015833 X2.820066 Y0.000000 Z0.000000
G1 F904.433327 X2.804992 Y0.000000 Z0.000000
G1 F904.848589 X2.789911 Y0.000000 Z0.000000
G1 F905.261619 X2.774823 Y0.000000 Z0.000000
G1 F905.672415 X2.759729 Y0.000000 Z0.000000
G1 F906.080977 X2.744627 Y0.000000 Z0.000000
G1 F906.487302 X2.729519 Y0.000000 Z0.000000
G1 F906.891391 X2.714404 Y0.000000 Z0.000000
G1 F907.293243 X2.699283 Y0.000000 Z0.000000
G1 F907.692855 X2.684155 Y0.000000 Z0.000000
G1 F908.090229 X2.669020 Y0.000000 Z0.000000
G1 F908.485361 X2.653878 Y0.000000 Z0.000000
G1 F908.878252 X2.638730 Y0.000000 Z0.000000
G1 F909.268900 X2.623576 Y0.000000 Z0.000000
G1 F909.657305 X2.608415 Y0.000000 Z0.000000
G1 F910.043465 X2.593248 Y0.000000 Z0.000000
G1 F910.427380 X2.578074 Y0.000000 Z0.000000
G1 F910.809049 X2.562894 Y0.000000 Z0.000000
G1 F911.188470 X2.547707 Y0.000000 Z0.000000
G1 F911.565643 X2.532514 Y0.000000 Z0.000000
G1 F911.940566 X2.517315 Y0.000000 Z0.000000
G1 F912.313240 X2.502110 Y0.000000 Z0.000000
G1 F912.683662 X2.486899 Y0.000000 Z0.000000
G1 F913.051833 X2.471681 Y0.000000 Z0.000000
G1 F913.417751 X2.456458 Y0.000000 Z0.000000
G1 F913.781414 X2.441228 Y0.000000 Z0.000000
G1 F914.142824 X2.425992 Y0.000000 Z0.000000
G1 F914.501977 X2.410751 Y0.000000 Z0.000000
G1 F914.858875 X2.395503 Y0.000000 Z0.000000
G1 F915.213515 X2.380249 Y0.000000 Z0.000000
G1 F915.565896 X2.364990 Y0.000000 Z0.000000
G1 F915.916019 X2.349725 Y0.000000 Z0.000000
G1 F916.263882 X2.334454 Y0.000000 Z0.000000
G1 F916.609484 X2.319177 Y0.000000 Z0.000000
G1 F916.952824 X2.303894 Y0.000000 Z0.000000
G1 F917.293902 X2.288606 Y0.000000 Z0.000000
G1 F917.632716 X2.273312 Y0.000000 Z0.000000
G1 F917.969267 X2.258013 Y0.000000 Z0.000000
G1 F918.303552 X2.242708 Y0.000000 Z0.000000
G1 F918.635571 X2.227397 Y0.000000 Z0.000000
G1 F918.965324 X2.212081 Y0.000000 Z0.000000
G1 F919.292810 X2.196759 Y0.000000 Z0.000000
G1 F919.618027 X2.181432 Y0.000000 Z0.000000
G1 F919.940975 X2.166100 Y0.000000 Z0.000000
G1 F920.261653 X2.150762 Y0.000000 Z0.000000
G1 F920.580060 X2.135419 Y0.000000 Z0.000000
G1 F920.896197 X2.120071 Y0.000000 Z0.000000
G1 F921.210060 X2.104718 Y0.000000 Z0.000000
G1 F921.521651 X2.089359 Y0.000000 Z0.000000
G1 F921.830968 X2.073995 Y0.000000 Z0.000000
G1 F922.138011 X2.058626 Y0.000000 Z0.000000
G1 F922.442778 X2.043252 Y0.000000 Z0.000000
G1 F922.745270 X2.027873 Y0.000000 Z0.000000
G1 F923.045484 X2.012489 Y0.000000 Z0.000000
G1 F923.343421 X1.997100 Y0.000000 Z0.000000
G1 F923.639080 X1.981706 Y0.000000 Z0.000000
G1 F923.932460 X1.966307 Y0.000000 Z0.000000
G1 F924.223560 X1.950903 Y0.000000 Z0.000000
G1 F924.512379 X1.935495 Y0.000000 Z0.000000
G1 F924.798918 X1.920081 Y0.000000 Z0.000000
G1 F925.083174 X1.904663 Y0.000000 Z0.000000
G1 F925.365148 X1.889241 Y0.000000 Z0.000000
G1 F925.644839 X1.873813 Y0.000000 Z0.000000
G1 F925.922246 X1.858381 Y0.000000 Z0.000000
G1 F926.197368 X1.842944 Y0.000000 Z0.000000
G1 F926.470205 X1.827503 Y0.000000 Z0.000000
G1 F926.740756 X1.812058 Y0.000000 Z0.000000
G1 F927.009020 X1.796607 Y0.000000 Z0.000000
G1 F927.274997 X1.781153 Y0.000000 Z0.000000
G1 F927.538686 X1.765694 Y0.000000 Z0.000000
G1 F927.800087 X1.750231 Y0.000000 Z0.000000
G1 F928.059198 X1.734763 Y0.000000 Z0.000000
G1 F928.316019 X1.719291 Y0.000000 Z0.000000
G1 F928.570550 X1.703815 Y0.000000 Z0.000000
G1 F928.822790 X1.688334 Y0.000000 Z0.000000
G1 F929.072738 X1.672850 Y0.000000 Z0.000000
G1 F929.320393 X1.657361 Y0.000000 Z0.000000
G1 F929.565756 X1.641868 Y0.000000 Z0.000000
G1 F929.808824 X1.626372 Y0.000000 Z0.000000
G1 F930.049599 X1.610871 Y0.000000 Z0.000000
G1 F930.288079 X1.595366 Y0.000000 Z0.000000
G1 F930.524263 X1.579857 Y0.000000 Z0.000000
G1 F930.758152 X1.564345 Y0.000000 Z0.000000
G1 F930.989744 X1.548828 Y0.000000 Z0.000000
G1 F931.219038 X1.533308 Y0.000000 Z0.000000
G1 F931.446035 X1.517784 Y0.000000 Z0.000000
G1 F931.670734 X1.502256 Y0.000000 Z0.000000
G1 F931.893134 X1.486724 Y0.000000 Z0.000000
G1 F932.113235 X1.471189 Y0.000000 Z0.000000
G1 F932.331036 X1.455650 Y0.000000 Z0.000000
G1 F932.546536 X1.440108 Y0.000000 Z0.000000
G1 F932.759735 X1.424562 Y0.000000 Z0.000000
G1 F932.970633 X1.409012 Y0.000000 Z0.000000
G1 F933.179229 X1.393459 Y0.000000 Z0.000000
G1 F933.385523 X1.377903 Y0.000000 Z0.000000
G1 F933.589513 X1.362343 Y0.000000 Z0.000000
G1 F933.791200 X1.346780 Y0.000000 Z0.000000
G1 F933.990582 X1.331213 Y0.000000 Z0.000000
G1 F934.187661 X1.315644 Y0.000000 Z0.000000
G1 F934.382434 X1.300071 Y0.000000 Z0.000000
G1 F934.574901 X1.284494 Y0.000000 Z0.000000
G1 F934.765063 X1.268915 Y0.000000 Z0.000000
G1 F934.952918 X1.253332 Y0.000000 Z0.000000
G1 F935.138467 X1.237747 Y0.000000 Z0.000000
G1 F935.321708 X1.222158 Y0.000000 Z0.000000
G1 F935.502641 X1.206566 Y0.000000 Z0.000000
G1 F935.681266 X1.190972 Y0.000000 Z0.000000
G1 F935.857582 X1.175374 Y0.000000 Z0.000000
G1 F936.031589 X1.159773 Y0.000000 Z0.000000
G1 F936.203287 X1.144170 Y0.000000 Z0.000000
G1 F936.372674 X1.128564 Y0.000000 Z0.000000
G1 F936.539752 X1.112955 Y0.000000 Z0.000000
G1 F936.704518 X1.097343 Y0.000000 Z0.000000
G1 F936.866973 X1.081729 Y0.000000 Z0.000000
G1 F937.027116 X1.066112 Y0.000000 Z0.000000
G1 F937.184948 X1.050492 Y0.000000 Z0.000000
G1 F937.340467 X1.034869 Y0.000000 Z0.000000
G1 F937.493673 X1.019245 Y0.000000 Z0.000000
G1 F937.644566 X1.003617 Y0.000000 Z0.000000
G1 F937.793146 X0.987987 Y0.000000 Z0.000000
G1 F937.939411 X0.972355 Y0.000000 Z0.000000
G1 F938.083363 X0.956720 Y0.000000 Z0.000000
G1 F938.225000 X0.941083 Y0.000000 Z0.000000
G1 F938.364321 X0.925444 Y0.000000 Z0.000000
G1 F938.501328 X0.909802 Y0.000000 Z0.000000
G1 F938.636018 X0.894158 Y0.000000 Z0.000000
G1 F938.768393 X0.878512 Y0.000000 Z0.000000
G1 F938.898452 X0.862864 Y0.000000 Z0.000000
G1 F939.026194 X0.847213 Y0.000000 Z0.000000
G1 F939.151618 X0.831561 Y0.000000 Z0.000000
G1 F939.274726 X0.815906 Y0.000000 Z0.000000
G1 F939.395516 X0.800250 Y0.000000 Z0.000000
G1 F939.513988 X0.784591 Y0.000000 Z0.000000
G1 F939.630142 X0.768930 Y0.000000 Z0.000000
G1 F939.743978 X0.753268 Y0.000000 Z0.000000
G1 F939.855495 X0.737604 Y0.000000 Z0.000000
G1 F939.964692 X0.721938 Y0.000000 Z0.000000
G1 F940.071571 X0.706270 Y0.000000 Z0.000000
G1 F940.176130 X0.690600 Y0.000000 Z0.000000
G1 F940.278369 X0.674929 Y0.000000 Z0.000000
G1 F940.378289 X0.659256 Y0.000000 Z0.000000
G1 F940.475887 X0.643581 Y0.000000 Z0.000000
G1 F940.571166 X0.627905 Y0.000000 Z0.000000
G1 F940.664123 X0.612227 Y0.000000 Z0.000000
G1 F940.754760 X0.596548 Y0.000000 Z0.000000
G1 F940.843075 X0.580867 Y0.000000 Z0.000000
G1 F940.929069 X0.565185 Y0.000000 Z0.000000
G1 F941.012742 X0.549502 Y0.000000 Z0.000000
G1 F941.094092 X0.533817 Y0.000000 Z0.000000
G1 F941.173121 X0.518131 Y0.000000 Z0.000000
G1 F941.249827 X0.502443 Y0.000000 Z0.000000
G1 F941.324210 X0.486754 Y0.000000 Z0.000000
G1 F941.396272 X0.471065 Y0.000000 Z0.000000
G1 F941.466010 X0.455373 Y0.000000 Z0.000000
G1 F941.533425 X0.439681 Y0.000000 Z0.000000
G1 F941.598517 X0.423988 Y0.000000 Z0.000000
G1 F941.661286 X0.408294 Y0.000000 Z0.000000
G1 F941.721732 X0.392598 Y0.000000 Z0.000000
G1 F941.779853 X0.376902 Y0.000000 Z0.000000
G1 F941.835652 X0.361205 Y0.000000 Z0.000000
G1 F941.889126 X0.345506 Y0.000000 Z0.000000
G1 F941.940276 X0.329807 Y0.000000 Z0.000000
G1 F941.989102 X0.314108 Y0.000000 Z0.000000
G1 F942.035604 X0.298407 Y0.000000 Z0.000000
G1 F942.079781 X0.282706 Y0.000000 Z0.000000
G1 F942.121634 X0.267004 Y0.000000 Z0.000000
G1 F942.161162 X0.251301 Y0.000000 Z0.000000
G1 F942.198366 X0.235598 Y0.000000 Z0.000000
G1 F942.233245 X0.219894 Y0.000000 Z0.000000
G1 F942.265799 X0.204189 Y0.000000 Z0.000000
G1 F942.296028 X0.188484 Y0.000000 Z0.000000
G1 F942.323932 X0.172779 Y0.000000 Z0.000000
G1 F942.349511 X0.157073 Y0.000000 Z0.000000
G1 F942.372764 X0.141367 Y0.000000 Z0.000000
G1 F942.393693 X0.125660 Y0.000000 Z0.000000
G1 F942.412296 X0.109954 Y0.000000 Z0.000000
G1 F942.428574 X0.094246 Y0.000000 Z0.000000
G1 F942.442527 X0.078539 Y0.000000 Z0.000000
G1 F942.454154 X0.062831 Y0.000000 Z0.000000
G1 F942.463456 X0.047124 Y0.000000 Z0.000000
G1 F942.470432 X0.031416 Y0.000000 Z0.000000
G1 F942.475083 X0.015708 Y0.000000 Z0.000000
G1 F942.477408 X0.000000 Y0.000000 Z0.000000
G1 F942.477408 X-0.015708 Y0.000000 Z0.000000
G1 F942.475083 X-0.031416 Y0.000000 Z0.000000
G1 F942.470432 X-0.047124 Y0.000000 Z0.000000
G1 F942.463456 X-0.062831 Y0.000000 Z0.000000
G1 F942.454154 X-0.078539 Y0.000000 Z0.000000
G1 F942.442527 X-0.094246 Y0.000000 Z0.000000
G1 F942.428574 X-0.109954 Y0.000000 Z0.000000
G1 F942.412296 X-0.125660 Y0.000000 Z0.000000
G1 F942.393693 X-0.141367 Y0.000000 Z0.000000
G1 F942.372764 X-0.157073 Y0.000000 Z0.000000
G1 F942.349511 X-0.172779 Y0.000000 Z0.000000
G1 F942.323932 X-0.188484 Y0.000000 Z0.000000
G1 F942.296028 X-0.204189 Y0.000000 Z0.000000
G1 F942.265799 X-0.219894 Y0.000000 Z0.000000
G1 F942.233245 X-0.235598 Y0.000000 Z0.000000
G1 F942.198366 X-0.251301 Y0.000000 Z0.000000
G1 F942.161162 X-0.267004 Y0.000000 Z0.000000
G1 F942.121634 X-0.282706 Y0.000000 Z0.000000
G1 F942.079781 X-0.298407 Y0.000000 Z0.000000
G1 F942.035604 X-0.314108 Y0.000000 Z0.000000
G1 F941.989102 X-0.329807 Y0.000000 Z0.000000
G1 F941.940276 X-0.345506 Y0.000000 Z0.000000
G1 F941.889126 X-0.361205 Y0.000000 Z0.000000
G1 F941.835652 X-0.376902 Y0.000000 Z0.000000
G1 F941.779853 X-0.392598 Y0.000000 Z0.000000
G1 F941.721732 X-0.408294 Y0.000000 Z0.000000
G1 F941.661286 X-0.423988 Y0.000000 Z0.000000
G1 F941.598517 X-0.439681 Y0.000000 Z0.000000
G1 F941.533425 X-0.455373 Y0.000000 Z0.000000
G1 F941.466010 X-0.471065 Y0.000000 Z0.000000
G1 F941.396272 X-0.486754 Y0.000000 Z0.000000
G1 F941.324210 X-0.502443 Y0.000000 Z0.000000
G1 F941.249827 X-0.518131 Y0.000000 Z0.000000
G1 F941.173121 X-0.533817 Y0.000000 Z0.000000
G1 F941.094092 X-0.549502 Y0.000000 Z0.000000
G1 F941.012742 X-0.565185 Y0.000000 Z0.000000
G1 F940.929069 X-0.580867 Y0.000000 Z0.000000
G1 F940.843075 X-0.596548 Y0.000000 Z0.000000
G1 F940.754760 X-0.612227 Y0.000000 Z0.000000
G1 F940.664123 X-0.627905 Y0.000000 Z0.000000
G1 F940.571166 X-0.643581 Y0.000000 Z0.000000
G1 F940.475887 X-0.659256 Y0.000000 Z0.000000
G1 F940.378289 X-0.674929 Y0.000000 Z0.000000
G1 F940.278369 X-0.690600 Y0.000000 Z0.000000
G1 F940.176130 X-0.706270 Y0.000000 Z0.000000
G1 F940.071571 X-0.721938 Y0.000000 Z0.000000
G1 F939.964692 X-0.737604 Y0.000000 Z0.000000
G1 F939.855495 X-0.753268 Y0.000000 Z0.000000
G1 F939.743978 X-0.768930 Y0.000000 Z0.000000
G1 F939.630142 X-0.784591 Y0.000000 Z0.000000
G1 F939.513988 X-0.800250 Y0.000000 Z0.000000
G1 F939.395516 X-0.815906 Y0.000000 Z0.000000
G1 F939.274726 X-0.831561 Y0.000000 Z0.000000
G1 F939.151618 X-0.847213 Y0.000000 Z0.000000
G1 F939.026194 X-0.862864 Y0.000000 Z0.000000
G1 F938.898452 X-0.878512 Y0.000000 Z0.000000
G1 F938.768393 X-0.894158 Y0.000000 Z0.000000
G1 F938.636018 X-0.909802 Y0.000000 Z0.000000
G1 F938.501328 X-0.925444 Y0.000000 Z0.000000
G1 F938.364321 X-0.941083 Y0.000000 Z0.000000
G1 F938.225000 X-0.956720 Y0.000000 Z0.000000
G1 F938.083363 X-0.972355 Y0.000000 Z0.000000
G1 F937.939411 X-0.987987 Y0.000000 Z0.000000
G1 F937.793146 X-1.003617 Y0.000000 Z0.000000
G1 F937.644566 X-1.019245 Y0.000000 Z0.000000
G1 F937.493673 X-1.034869 Y0.000000 Z0.000000
G1 F937.340467 X-1.050492 Y0.000000 Z0.000000
G1 F937.184948 X-1.066112 Y0.000000 Z0.000000
G1 F937.027116 X-1.081729 Y0.000000 Z0.000000
G1 F936.866973 X-1.097343 Y0.000000 Z0.000000
G1 F936.704518 X-1.112955 Y0.000000 Z0.000000
G1 F936.539752 X-1.128564 Y0.000000 Z0.000000
G1 F936.372674 X-1.144170 Y0.000000 Z0.000000
G1 F936.203287 X-1.159773 Y0.000000 Z0.000000
G1 F936.031589 X-1.175374 Y0.000000 Z0.000000
G1 F935.857582 X-1.190972 Y0.000000 Z0.000000
G1 F935.681266 X-1.206566 Y0.000000 Z0.000000
G1 F935.502641 X-1.222158 Y0.000000 Z0.000000
G1 F935.321708 X-1.237747 Y0.000000 Z0.000000
G1 F935.138467 X-1.253332 Y0.000000 Z0.000000
G1 F934.952918 X-1.268915 Y0.000000 Z0.000000
G1 F934.765063 X-1.284494 Y0.000000 Z0.000000
G1 F934.574901 X-1.300071 Y0.000000 Z0.000000
G1 F934.382434 X-1.315644 Y0.000000 Z0.000000
G1 F934.187661 X-1.331213 Y0.000000 Z0.000000
G1 F933.990582 X-1.346780 Y0.000000 Z0.000000
G1 F933.791200 X-1.362343 Y0.000000 Z0.000000
G1 F933.589513 X-1.377903 Y0.000000 Z0.000000
G1 F933.385523 X-1.393459 Y0.000000 Z0.000000
G1 F933.179229 X-1.409012 Y0.000000 Z0.000000
G1 F932.970633 X-1.424562 Y0.000000 Z0.000000
G1 F932.759735 X-1.440108 Y0.000000 Z0.000000
G1 F932.546536 X-1.455650 Y0.000000 Z0.000000
G1 F932.331036 X-1.471189 Y0.000000 Z0.000000
G1 F932.113235 X-1.486724 Y0.000000 Z0.000000
G1 F931.893134 X-1.502256 Y0.000000 Z0.000000
G1 F931.670734 X-1.517784 Y0.000000 Z0.000000
G1 F931.446035 X-1.533308 Y0.000000 Z0.000000
G1 F931.219038 X-1.548828 Y0.000000 Z0.000000
G1 F930.989744 X-1.564345 Y0.000000 Z0.000000
G1 F930.758152 X-1.579857 Y0.000000 Z0.000000
G1 F930.524263 X-1.595366 Y0.000000 Z0.000000
G1 F930.288079 X-1.610871 Y0.000000 Z0.000000
G1 F930.049599 X-1.626372 Y0.000000 Z0.000000
G1 F929.808824 X-1.641868 Y0.000000 Z0.000000
G1 F929.565756 X-1.657361 Y0.000000 Z0.000000
G1 F929.320393 X-1.672850 Y0.000000 Z0.000000
G1 F929.072738 X-1.688334 Y0.000000 Z0.000000
G1 F928.822790 X-1.703815 Y0.000000 Z0.000000
G1 F928.570550 X-1.719291 Y0.000000 Z0.000000
G1 F928.316019 X-1.734763 Y0.000000 Z0.000000
G1 F928.059198 X-1.750231 Y0.000000 Z0.000000
G1 F927.800087 X-1.765694 Y0.000000 Z0.000000
G1 F927.538686 X-1.781153 Y0.000000 Z0.000000
G1 F927.274997 X-1.796607 Y0.000000 Z0.000000
G1 F927.009020 X-1.812058 Y0.000000 Z0.000000
G1 F926.740756 X-1.827503 Y0.000000 Z0.000000
G1 F926.470205 X-1.842944 Y0.000000 Z0.000000
G1 F926.197368 X-1.858381 Y0.000000 Z0.000000
G1 F925.922246 X-1.873813 Y0.000000 Z0.000000
G1 F925.644839 X-1.889241 Y0.000000 Z0.000000
G1 F925.365148 X-1.904663 Y0.000000 Z0.000000
G1 F925.083174 X-1.920081 Y0.000000 Z0.000000
G1 F924.798918 X-1.935495 Y0.000000 Z0.000000
G1 F924.512379 X-1.950903 Y0.000000 Z0.000000
G1 F924.223560 X-1.966307 Y0.000000 Z0.000000
G1 F923.932460 X-1.981706 Y0.000000 Z0.000000
G1 F923.639080 X-1.997100 Y0.000000 Z0.000000
G1 F923.343421 X-2.012489 Y0.000000 Z0.000000
G1 F923.045484 X-2.027873 Y0.000000 Z0.000000
G1 F922.745270 X-2.043252 Y0.000000 Z0.000000
G1 F922.442778 X-2.058626 Y0.000000 Z0.000000
G1 F922.138011 X-2.073995 Y0.000000 Z0.000000
G1 F921.830968 X-2.089359 Y0.000000 Z0.000000
G1 F921.521651 X-2.104718 Y0.000000 Z0.000000
G1 F921.210060 X-2.120071 Y0.000000 Z0.000000
G1 F920.896197 X-2.135419 Y0.000000 Z0.000000
G1 F920.580060 X-2.150762 Y0.000000 Z0.000000
G1 F920.261653 X-2.166100 Y0.000000 Z0.000000
G1 F919.940975 X-2.181432 Y0.000000 Z0.000000
G1 F919.618027 X-2.196759 Y0.000000 Z0.000000
G1 F919.292810 X-2.212081 Y0.000000 Z0.000000
G1 F918.965324 X-2.227397 Y0.000000 Z0.000000
G1 F918.635571 X-2.242708 Y0.000000 Z0.000000
G1 F918.303552 X-2.258013 Y0.000000 Z0.000000
G1 F917.969267 X-2.273312 Y0.000000 Z0.000000
G1 F917.632716 X-2.288606 Y0.000000 Z0.000000
G1 F917.293902 X-2.303894 Y0.000000 Z0.000000
G1 F916.952824 X-2.319177 Y0.000000 Z0.000000
G1 F916.609484 X-2.334454 Y0.000000 Z0.000000
G1 F916.263882 X-2.349725 Y0.000000 Z0.000000
G1 F915.916019 X-2.364990 Y0.000000 Z0.000000
G1 F915.565896 X-2.380249 Y0.000000 Z0.000000
G1 F915.213515 X-2.395503 Y0.000000 Z0.000000
G1 F914.858875 X-2.410751 Y0.000000 Z0.000000
G1 F914.501977 X-2.425992 Y0.000000 Z0.000000
G1 F914.142824 X-2.441228 Y0.000000 Z0.000000
G1 F913.781414 X-2.456458 Y0.000000 Z0.000000
G1 F913.417751 X-2.471681 Y0.000000 Z0.000000
G1 F913.051833 X-2.486899 Y0.000000 Z0.000000
G1 F912.683662 X-2.502110 Y0.000000 Z0.000000
G1 F912.313240 X-2.517315 Y0.000000 Z0.000000
G1 F911.940566 X-2.532514 Y0.000000 Z0.000000
G1 F911.565643 X-2.547707 Y0.000000 Z0.000000
G1 F911.188470 X-2.562894 Y0.000000 Z0.000000
G1 F910.809049 X-2.578074 Y0.000000 Z0.000000
G1 F910.427380 X-2.593248 Y0.000000 Z0.000000
G1 F910.043465 X-2.608415 Y0.000000 Z0.000000
G1 F909.657305 X-2.623576 Y0.000000 Z0.000000
G1 F909.268900 X-2.638730 Y0.000000 Z0.000000
G1 F908.878252 X-2.653878 Y0.000000 Z0.000000
G1 F908.485361 X-2.669020 Y0.000000 Z0.000000
G1 F908.090229 X-2.684155 Y0.000000 Z0.000000
G1 F907.692855 X-2.699283 Y0.000000 Z0.000000
G1 F907.293243 X-2.714404 Y0.000000 Z0.000000
G1 F906.891391 X-2.729519 Y0.000000 Z0.000000
G1 F906.487302 X-2.744627 Y0.000000 Z0.000000
G1 F906.080977 X-2.759729 Y0.000000 Z0.000000
G1 F905.672415 X-2.774823 Y0.000000 Z0.000000
G1 F905.261619 X-2.789911 Y0.000000 Z0.000000
G1 F904.848589 X-2.804992 Y0.000000 Z0.000000
G1 F904.433327 X-2.820066 Y0.000000 Z0.000000
G1 F904.015833 X-2.835133 Y0.000000 Z0.000000
G1 F903.596109 X-2.850193 Y0.000000 Z0.000000
G1 F903.174155 X-2.865246 Y0.000000 Z0.000000
G1 F902.749972 X-2.880291 Y0.000000 Z0.000000
G1 F902.323562 X-2.895330 Y0.000000 Z0.000000
G1 F901.894926 X-2.910362 Y0.000000 Z0.000000
G1 F901.464064 X-2.925386 Y0.000000 Z0.000000
G1 F901.030978 X-2.940403 Y0.000000 Z0.000000
G1 F900.595669 X-2.955413 Y0.000000 Z0.000000
G1 F900.158138 X-2.970416 Y0.000000 Z0.000000
G1 F899.718385 X-2.985411 Y0.000000 Z0.000000
G1 F899.276413 X-3.000399 Y0.000000 Z0.000000
G1 F898.832222 X-3.015380 Y0.000000 Z0.000000
G1 F898.385813 X-3.030353 Y0.000000 Z0.000000
G1 F897.937187 X-3.045318 Y0.000000 Z0.000000
G1 F897.486346 X-3.060276 Y0.000000 Z0.000000
G1 F897.033290 X-3.075227 Y0.000000 Z0.000000
G1 F896.578021 X-3.090170 Y0.000000 Z0.000000
G1 F896.120540 X-3.105105 Y0.000000 Z0.000000
G1 F895.660848 X-3.120033 Y0.000000 Z0.000000
G1 F895.198946 X-3.134953 Y0.000000 Z0.000000
G1 F894.734835 X-3.149865 Y0.000000 Z0.000000
G1 F894.268516 X-3.164770 Y0.000000 Z0.000000
G1 F893.799990 X-3.179666 Y0.000000 Z0.000000
G1 F893.329260 X-3.194555 Y0.000000 Z0.000000
G1 F892.856325 X-3.209436 Y0.000000 Z0.000000
G1 F892.381187 X-3.224309 Y0.000000 Z0.000000
G1 F891.903847 X-3.239174 Y0.000000 Z0.000000
G1 F891.424307 X-3.254031 Y0.000000 Z0.000000
G1 F890.942567 X-3.268880 Y0.000000 Z0.000000
G1 F890.458629 X-3.283721 Y0.000000 Z0.000000
G1 F889.972493 X-3.298554 Y0.000000 Z0.000000
G1 F889.484162 X-3.313379 Y0.000000 Z0.000000
G1 F888.993636 X-3.328195 Y0.000000 Z0.000000
G1 F888.500917 X-3.343004 Y0.000000 Z0.000000
G1 F888.006005 X-3.357804 Y0.000000 Z0.000000
G1 F887.508902 X-3.372596 Y0.000000 Z0.000000
G1 F887.009609 X-3.387379 Y0.000000 Z0.000000
G1 F886.508128 X-3.402154 Y0.000000 Z0.000000
G1 F886.004460 X-3.416921 Y0.000000 Z0.000000
G1 F885.498605 X-3.431679 Y0.000000 Z0.000000
G1 F884.990565 X-3.446429 Y0.000000 Z0.000000
G1 F884.480342 X-3.461171 Y0.000000 Z0.000000
G1 F883.967936 X-3.475903 Y0.000000 Z0.000000
G1 F883.453349 X-3.490628 Y0.000000 Z0.000000
G1 F882.936583 X-3.505343 Y0.000000 Z0.000000
G1 F882.417638 X-3.520050 Y0.000000 Z0.000000
G1 F881.896515 X-3.534748 Y0.000000 Z0.000000
G1 F881.373217 X-3.549438 Y0.000000 Z0.000000
G1 F880.847744 X-3.564119 Y0.000000 Z0.000000
G1 F880.320097 X-3.578791 Y0.000000 Z0.000000
G1 F879.790278 X-3.593454 Y0.000000 Z0.000000
G1 F879.258289 X-3.608108 Y0.000000 Z0.000000
G1 F878.724130 X-3.622754 Y0.000000 Z0.000000
G1 F878.187803 X-3.637390 Y0.000000 Z0.000000
G1 F877.649309 X-3.652018 Y0.000000 Z0.000000
G1 F877.108650 X-3.666636 Y0.000000 Z0.000000
G1 F876.565826 X-3.681246 Y0.000000 Z0.000000
G1 F876.020840 X-3.695846 Y0.000000 Z0.000000
G1 F875.473692 X-3.710437 Y0.000000 Z0.000000
G1 F874.924384 X-3.725019 Y0.000000 Z0.000000
G1 F874.372917 X-3.739592 Y0.000000 Z0.000000
G1 F873.819292 X-3.754156 Y0.000000 Z0.000000
G1 F873.263512 X-3.768710 Y0.000000 Z0.000000
G1 F872.705577 X-3.783255 Y0.000000 Z0.000000
G1 F872.145489 X-3.797791 Y0.000000 Z0.000000
G1 F871.583248 X-3.812317 Y0.000000 Z0.000000
G1 F871.018858 X-3.826834 Y0.000000 Z0.000000
G1 F870.452318 X-3.841342 Y0.000000 Z0.000000
G1 F869.883630 X-3.855840 Y0.000000 Z0.000000
G1 F869.312796 X-3.870328 Y0.000000 Z0.000000
G1 F868.739817 X-3.884807 Y0.000000 Z0.000000
G1 F868.164694 X-3.899277 Y0.000000 Z0.000000
G1 F867.587429 X-3.913737 Y0.000000 Z0.000000
G1 F867.008024 X-3.928187 Y0.000000 Z0.000000
G1 F866.426479 X-3.942627 Y0.000000 Z0.000000
G1 F865.842797 X-3.957058 Y0.000000 Z0.000000
G1 F865.256978 X-3.971479 Y0.000000 Z0.000000
G1 F864.669024 X-3.985890 Y0.000000 Z0.000000
G1 F864.078937 X-4.000291 Y0.000000 Z0.000000
G1 F863.486718 X-4.014683 Y0.000000 Z0.000000
G1 F862.892368 X-4.029064 Y0.000000 Z0.000000
G1 F862.295889 X-4.043436 Y0.000000 Z0.000000
G1 F861.697282 X-4.057798 Y0.000000 Z0.000000
G1 F861.096550 X-4.072149 Y0.000000 Z0.000000
G1 F860.493692 X-4.086491 Y0.000000 Z0.000000
G1 F859.888712 X-4.100822 Y0.000000 Z0.000000
G1 F859.281609 X-4.115144 Y0.000000 Z0.000000
G1 F858.672387 X-4.129455 Y0.000000 Z0.000000
G1 F858.061046 X-4.143756 Y0.000000 Z0.000000
G1 F857.447588 X-4.158047 Y0.000000 Z0.000000
G1 F856.832014 X-4.172327 Y0.000000 Z0.000000
G1 F856.214325 X-4.186597 Y0.000000 Z0.000000
G1 F855.594525 X-4.200857 Y0.000000 Z0.000000
G1 F854.972613 X-4.215107 Y0.000000 Z0.000000
G1 F854.348591 X-4.229346 Y0.000000 Z0.000000
G1 F853.722462 X-4.243575 Y0.000000 Z0.000000
G1 F853.094226 X-4.257793 Y0.000000 Z0.000000
G1 F852.463885 X-4.272001 Y0.000000 Z0.000000
G1 F851.831441 X-4.286198 Y0.000000 Z0.000000
G1 F851.196895 X-4.300384 Y0.000000 Z0.000000
G1 F850.560249 X-4.314560 Y0.000000 Z0.000000
G1 F849.921504 X-4.328726 Y0.000000 Z0.000000
G1 F849.280662 X-4.342880 Y0.000000 Z0.000000
G1 F848.637724 X-4.357024 Y0.000000 Z0.000000
G1 F847.992693 X-4.371158 Y0.000000 Z0.000000
G1 F847.345569 X-4.385280 Y0.000000 Z0.000000
G1 F846.696354 X-4.399392 Y0.000000 Z0.000000
G1 F846.045051 X-4.413492 Y0.000000 Z0.000000
G1 F845.391659 X-4.427582 Y0.000000 Z0.000000
G1 F844.736182 X-4.441661 Y0.000000 Z0.000000
G1 F844.078621 X-4.455729 Y0.000000 Z0.000000
G1 F843.418977 X-4.469786 Y0.000000 Z0.000000
G1 F842.757251 X-4.483832 Y0.000000 Z0.000000
G1 F842.093447 X-4.497867 Y0.000000 Z0.000000
G1 F841.427564 X-4.511891 Y0.000000 Z0.000000
G1 F840.759606 X-4.525904 Y0.000000 Z0.000000
G1 F840.089573 X-4.539905 Y0.000000 Z0.000000
G1 F839.417467 X-4.553895 Y0.000000 Z0.000000
G1 F838.743290 X-4.567874 Y0.000000 Z0.000000
G1 F838.067043 X-4.581842 Y0.000000 Z0.000000
G1 F837.388729 X-4.595799 Y0.000000 Z0.000000
G1 F836.708348 X-4.609744 Y0.000000 Z0.000000
G1 F836.025903 X-4.623678 Y0.000000 Z0.000000
G1 F835.341395 X-4.637600 Y0.000000 Z0.000000
G1 F834.654826 X-4.651511 Y0.000000 Z0.000000
G1 F833.966198 X-4.665410 Y0.000000 Z0.000000
G1 F833.275512 X-4.679298 Y0.000000 Z0.000000
G1 F832.582770 X-4.693175 Y0.000000 Z0.000000
G1 F831.887973 X-4.707039 Y0.000000 Z0.000000
G1 F831.191124 X-4.720893 Y0.000000 Z0.000000
G1 F830.492224 X-4.734734 Y0.000000 Z0.000000
G1 F829.791275 X-4.748564 Y0.000000 Z0.000000
G1 F829.088278 X-4.762382 Y0.000000 Z0.000000
G1 F828.383236 X-4.776188 Y0.000000 Z0.000000
G1 F827.676150 X-4.789983 Y0.000000 Z0.000000
G1 F826.967022 X-4.803766 Y0.000000 Z0.000000
G1 F826.255853 X-4.817537 Y0.000000 Z0.000000
G1 F825.542645 X-4.831296 Y0.000000 Z0.000000
G1 F824.827401 X-4.845043 Y0.000000 Z0.000000
G1 F824.110121 X-4.858778 Y0.000000 Z0.000000
G1 F823.390808 X-4.872501 Y0.000000 Z0.000000
G1 F822.669463 X-4.886212 Y0.000000 Z0.000000
G1 F821.946088 X-4.899912 Y0.000000 Z0.000000
G1 F821.220686 X-4.913599 Y0.000000 Z0.000000
G1 F820.493257 X-4.927273 Y0.000000 Z0.000000
G1 F819.763803 X-4.940936 Y0.000000 Z0.000000
G1 F819.032327 X-4.954587 Y0.000000 Z0.000000
G1 F818.298830 X-4.968225 Y0.000000 Z0.000000
G1 F817.563314 X-4.981851 Y0.000000 Z0.000000
G1 F816.825781 X-4.995465 Y0.000000 Z0.000000
G1 F816.086232 X-5.009066 Y0.000000 Z0.000000
G1 F815.344670 X-5.022655 Y0.000000 Z0.000000
G1 F814.601095 X-5.036232 Y0.000000 Z0.000000
G1 F813.855511 X-5.049796 Y0.000000 Z0.000000
G1 F813.107919 X-5.063348 Y0.000000 Z0.000000
G1 F812.358321 X-5.076887 Y0.000000 Z0.000000
G1 F811.606718 X-5.090414 Y0.000000 Z0.000000
G1 F810.853112 X-5.103928 Y0.000000 Z0.000000
G1 F810.097506 X-5.117430 Y0.000000 Z0.000000
G1 F809.339901 X-5.130919 Y0.000000 Z0.000000
G1 F808.580299 X-5.144395 Y0.000000 Z0.000000
G1 F807.818702 X-5.157859 Y0.000000 Z0.000000
G1 F807.055112 X-5.171310 Y0.000000 Z0.000000
G1 F806.289530 X-5.184748 Y0.000000 Z0.000000
G1 F805.521959 X-5.198173 Y0.000000 Z0.000000
G1 F804.752401 X-5.211586 Y0.000000 Z0.000000
G1 F803.980856 X-5.224986 Y0.000000 Z0.000000
G1 F803.207329 X-5.238372 Y0.000000 Z0.000000
G1 F802.431819 X-5.251746 Y0.000000 Z0.000000
G1 F801.654329 X-5.265107 Y0.000000 Z0.000000
G1 F800.874861 X-5.278455 Y0.000000 Z0.000000
G1 F800.093417 X-5.291790 Y0.000000 Z0.000000
G1 F799.310000 X-5.305112 Y0.000000 Z0.000000
G1 F798.524609 X-5.318421 Y0.000000 Z0.000000
G1 F797.737249 X-5.331716 Y0.000000 Z0.000000
G1 F796.947920 X-5.344999 Y0.000000 Z0.000000
G1 F796.156625 X-5.358268 Y0.000000 Z0.000000
G1 F795.363365 X-5.371524 Y0.000000 Z0.000000
G1 F794.568143 X-5.384767 Y0.000000 Z0.000000
G1 F793.770961 X-5.397996 Y0.000000 Z0.000000
G1 F792.971819 X-5.411213 Y0.000000 Z0.000000
G1 F792.170722 X-5.424415 Y0.000000 Z0.000000
G1 F791.367669 X-5.437605 Y0.000000 Z0.000000
G1 F790.562664 X-5.450781 Y0.000000 Z0.000000
G1 F789.755709 X-5.463943 Y0.000000 Z0.000000
G1 F788.946805 X-5.477093 Y0.000000 Z0.000000
G1 F788.135954 X-5.490228 Y0.000000 Z0.000000
G1 F787.323158 X-5.503350 Y0.000000 Z0.000000
G1 F786.508420 X-5.516459 Y0.000000 Z0.000000
G1 F785.691741 X-5.529554 Y0.000000 Z0.000000
G1 F784.873124 X-5.542635 Y0.000000 Z0.000000
G1 F784.052570 X-5.555702 Y0.000000 Z0.000000
G1 F783.230081 X-5.568756 Y0.000000 Z0.000000
G1 F782.405660 X-5.581796 Y0.000000 Z0.000000
G1 F781.579308 X-5.594823 Y0.000000 Z0.000000
G1 F780.751028 X-5.607835 Y0.000000 Z0.000000
G1 F779.920822 X-5.620834 Y0.000000 Z0.000000
G1 F779.088691 X-5.633819 Y0.000000 Z0.000000
G1 F778.254638 X-5.646790 Y0.000000 Z0.000000
G1 F777.418664 X-5.659746 Y0.000000 Z0.000000
G1 F776.580772 X-5.672689 Y0.000000 Z0.000000
G1 F775.740965 X-5.685619 Y0.000000 Z0.000000
G1 F774.899243 X-5.698533 Y0.000000 Z0.000000
G1 F774.055609 X-5.711434 Y0.000000 Z0.000000
G1 F773.210065 X-5.724321 Y0.000000 Z0.000000
G1 F772.362613 X-5.737194 Y0.000000 Z0.000000
G1 F771.513256 X-5.750053 Y0.000000 Z0.000000
G1 F770.661995 X-5.762897 Y0.000000 Z0.000000
G1 F769.808832 X-5.775727 Y0.000000 Z0.000000
G1 F768.953771 X-5.788543 Y0.000000 Z0.000000
G1 F768.096811 X-5.801345 Y0.000000 Z0.000000
G1 F767.237957 X-5.814132 Y0.000000 Z0.000000
G1 F766.377209 X-5.826905 Y0.000000 Z0.000000
G1 F765.514571 X-5.839663 Y0.000000 Z0.000000
G1 F764.650043 X-5.852408 Y0.000000 Z0.000000
G1 F763.783629 X-5.865137 Y0.000000 Z0.000000
G1 F762.915331 X-5.877853 Y0.000000 Z0.000000
G1 F762.045150 X-5.890553 Y0.000000 Z0.000000
G1 F761.173089 X-5.903239 Y0.000000 Z0.000000
G1 F760.299149 X-5.915911 Y0.000000 Z0.000000
G1 F759.423334 X-5.928568 Y0.000000 Z0.000000
G1 F758.545645 X-5.941211 Y0.000000 Z0.000000
G1 F757.666084 X-5.953838 Y0.000000 Z0.000000
G1 F756.784654 X-5.966451 Y0.000000 Z0.000000
G1 F755.901356 X-5.979050 Y0.000000 Z0.000000
G1 F755.016193 X-5.991633 Y0.000000 Z0.000000
G1 F754.129168 X-6.004202 Y0.000000 Z0.000000
G1 F753.240281 X-6.016756 Y0.000000 Z0.000000
G1 F752.349537 X-6.029295 Y0.000000 Z0.000000
G1 F751.456935 X-6.041820 Y0.000000 Z0.000000
G1 F750.562480 X-6.054329 Y0.000000 Z0.000000
G1 F749.666173 X-6.066824 Y0.000000 Z0.000000
G1 F748.768016 X-6.079303 Y0.000000 Z0.000000
G1 F747.868011 X-6.091767 Y0.000000 Z0.000000
G1 F746.966161 X-6.104217 Y0.000000 Z0.000000
G1 F746.062468 X-6.116651 Y0.000000 Z0.000000
G1 F745.156935 X-6.129071 Y0.000000 Z0.000000
G1 F744.249562 X-6.141475 Y0.000000 Z0.000000
G1 F743.340354 X-6.153864 Y0.000000 Z0.000000
G1 F742.429311 X-6.166238 Y0.000000 Z0.000000
G1 F741.516436 X-6.178596 Y0.000000 Z0.000000
G1 F740.601732 X-6.190939 Y0.000000 Z0.000000
G1 F739.685200 X-6.203268 Y0.000000 Z0.000000
G1 F738.766843 X-6.215580 Y0.000000 Z0.000000
G1 F737.846664 X-6.227878 Y0.000000 Z0.000000
G1 F736.924664 X-6.240160 Y0.000000 Z0.000000
G1 F736.000845 X-6.252427 Y0.000000 Z0.000000
G1 F735.075211 X-6.264678 Y0.000000 Z0.000000
G1 F734.147762 X-6.276914 Y0.000000 Z0.000000
G1 F733.218503 X-6.289134 Y0.000000 Z0.000000
G1 F732.287434 X-6.301339 Y0.000000 Z0.000000
G1 F731.354558 X-6.313528 Y0.000000 Z0.000000
G1 F730.419878 X-6.325702 Y0.000000 Z0.000000
G1 F729.483396 X-6.337860 Y0.000000 Z0.000000
G1 F728.545114 X-6.350002 Y0.000000 Z0.000000
G1 F727.605034 X-6.362129 Y0.000000 Z0.000000
G1 F726.663158 X-6.374240 Y0.000000 Z0.000000
G1 F725.719490 X-6.386335 Y0.000000 Z0.000000
G1 F724.774031 X-6.398415 Y0.000000 Z0.000000
G1 F723.826784 X-6.410479 Y0.000000 Z0.000000
G1 F722.877751 X-6.422527 Y0.000000 Z0.000000
G1 F721.926934 X-6.434559 Y0.000000 Z0.000000
G1 F720.974336 X-6.446575 Y0.000000 Z0.000000
G1 F720.019959 X-6.458575 Y0.000000 Z0.000000
G1 F719.063806 X-6.470560 Y0.000000 Z0.000000
G1 F718.105878 X-6.482528 Y0.000000 Z0.000000
G1 F717.146178 X-6.494480 Y0.000000 Z0.000000
G1 F716.184709 X-6.506417 Y0.000000 Z0.000000
G1 F715.221473 X-6.518337 Y0.000000 Z0.000000
G1 F714.256472 X-6.530242 Y0.000000 Z0.000000
G1 F713.289709 X-6.542130 Y0.000000 Z0.000000
G1 F712.321186 X-6.554002 Y0.000000 Z0.000000
G1 F711.350905 X-6.565858 Y0.000000 Z0.000000
G1 F710.378869 X-6.577697 Y0.000000 Z0.000000
G1 F709.405080 X-6.589521 Y0.000000 Z0.000000
G1 F708.429541 X-6.601328 Y0.000000 Z0.000000
G1 F707.452253 X-6.613119 Y0.000000 Z0.000000
G1 F706.473221 X-6.624893 Y0.000000 Z0.000000
G1 F705.492445 X-6.636651 Y0.000000 Z0.000000
G1 F704.509928 X-6.648393 Y0.000000 Z0.000000
G1 F703.525673 X-6.660119 Y0.000000 Z0.000000
G1 F702.539682 X-6.671828 Y0.000000 Z0.000000
G1 F701.551958 X-6.683520 Y0.000000 Z0.000000
G1 F700.562503 X-6.695196 Y0.000000 Z0.000000
G1 F699.571319 X-6.706856 Y0.000000 Z0.000000
G1 F698.578409 X-6.718499 Y0.000000 Z0.000000
G1 F697.583775 X-6.730125 Y0.000000 Z0.000000
G1 F696.587420 X-6.741735 Y0.000000 Z0.000000
G1 F695.589347 X-6.753328 Y0.000000 Z0.000000
G1 F694.589557 X-6.764905 Y0.000000 Z0.000000
G1 F693.588053 X-6.776464 Y0.000000 Z0.000000
G1 F692.584838 X-6.788007 Y0.000000 Z0.000000
G1 F691.579914 X-6.799534 Y0.000000 Z0.000000
G1 F690.573283 X-6.811043 Y0.000000 Z0.000000
G1 F689.564949 X-6.822536 Y0.000000 Z0.000000
G1 F688.554913 X-6.834012 Y0.000000 Z0.000000
G1 F687.543178 X-6.845471 Y0.000000 Z0.000000
G1 F686.529747 X-6.856913 Y0.000000 Z0.000000
G1 F685.514622 X-6.868338 Y0.000000 Z0.000000
G1 F684.497806 X-6.879747 Y0.000000 Z0.000000
G1 F683.479300 X-6.891138 Y0.000000 Z0.000000
G1 F682.459108 X-6.902512 Y0.000000 Z0.000000
G1 F681.437232 X-6.913870 Y0.000000 Z0.000000
G1 F680.413675 X-6.925210 Y0.000000 Z0.000000
G1 F679.388439 X-6.936533 Y0.000000 Z0.000000
G1 F678.361527 X-6.947839 Y0.000000 Z0.000000
G1 F677.332941 X-6.959128 Y0.000000 Z0.000000
G1 F676.302683 X-6.970400 Y0.000000 Z0.000000
G1 F675.270757 X-6.981654 Y0.000000 Z0.000000
G1 F674.237165 X-6.992891 Y0.000000 Z0.000000
G1 F673.201909 X-7.004112 Y0.000000 Z0.000000
G1 F672.164992 X-7.015314 Y0.000000 Z0.000000
G1 F671.126417 X-7.026500 Y0.000000 Z0.000000
G1 F670.086185 X-7.037668 Y0.000000 Z0.000000
G1 F669.044301 X-7.048819 Y0.000000 Z0.000000
G1 F668.000765 X-7.059952 Y0.000000 Z0.000000
G1 F666.955581 X-7.071068 Y0.000000 Z0.000000
G1 F665.908752 X-7.082166 Y0.000000 Z0.000000
G1 F664.860279 X-7.093247 Y0.000000 Z0.000000
G1 F663.810167 X-7.104311 Y0.000000 Z0.000000
G1 F662.758416 X-7.115357 Y0.000000 Z0.000000
G1 F661.705030 X-7.126385 Y0.000000 Z0.000000
G1 F660.650011 X-7.137396 Y0.000000 Z0.000000
G1 F659.593362 X-7.148389 Y0.000000 Z0.000000
G1 F658.535085 X-7.159365 Y0.000000 Z0.000000
G1 F657.475184 X-7.170323 Y0.000000 Z0.000000
G1 F656.413661 X-7.181263 Y0.000000 Z0.000000
G1 F655.350517 X-7.192185 Y0.000000 Z0.000000
G1 F654.285757 X-7.203090 Y0.000000 Z0.000000
G1 F653.219383 X-7.213977 Y0.000000 Z0.000000
G1 F652.151396 X-7.224846 Y0.000000 Z0.000000
G1 F651.081801 X-7.235698 Y0.000000 Z0.000000
G1 F650.010599 X-7.246531 Y0.000000 Z0.000000
G1 F648.937793 X-7.257347 Y0.000000 Z0.000000
G1 F647.863386 X-7.268145 Y0.000000 Z0.000000
G1 F646.787381 X-7.278924 Y0.000000 Z0.000000
G1 F645.709780 X-7.289686 Y0.000000 Z0.000000
G1 F644.630585 X-7.300430 Y0.000000 Z0.000000
G1 F643.549800 X-7.311156 Y0.000000 Z0.000000
G1 F642.467427 X-7.321864 Y0.000000 Z0.000000
G1 F641.383469 X-7.332553 Y0.000000 Z0.000000
G1 F640.297928 X-7.343225 Y0.000000 Z0.000000
G1 F639.210807 X-7.353879 Y0.000000 Z0.000000
G1 F638.122109 X-7.364514 Y0.000000 Z0.000000
G1 F637.031837 X-7.375131 Y0.000000 Z0.000000
G1 F635.939993 X-7.385730 Y0.000000 Z0.000000
G1 F634.846579 X-7.396311 Y0.000000 Z0.000000
G1 F633.751600 X-7.406873 Y0.000000 Z0.000000
G1 F632.655056 X-7.417418 Y0.000000 Z0.000000
G1 F631.556952 X-7.427944 Y0.000000 Z0.000000
G1 F630.457289 X-7.438451 Y0.000000 Z0.000000
G1 F629.356071 X-7.448941 Y0.000000 Z0.000000
G1 F628.253300 X-7.459411 Y0.000000 Z0.000000
G1 F627.148978 X-7.469864 Y0.000000 Z0.000000
G1 F626.043109 X-7.480298 Y0.000000 Z0.000000
G1 F624.935696 X-7.490714 Y0.000000 Z0.000000
G1 F623.826740 X-7.501111 Y0.000000 Z0.000000
G1 F622.716246 X-7.511489 Y0.000000 Z0.000000
G1 F621.604215 X-7.521849 Y0.000000 Z0.000000
G1 F620.490650 X-7.532191 Y0.000000 Z0.000000
G1 F619.375554 X-7.542514 Y0.000000 Z0.000000
G1 F618.258929 X-7.552818 Y0.000000 Z0.000000
G1 F617.140780 X-7.563104 Y0.000000 Z0.000000
G1 F616.021107 X-7.573371 Y0.000000 Z0.000000
G1 F614.899915 X-7.583619 Y0.000000 Z0.000000
G1 F613.777205 X-7.593849 Y0.000000 Z0.000000
G1 F612.652981 X-7.604060 Y0.000000 Z0.000000
G1 F611.527246 X-7.614252 Y0.000000 Z0.000000
G1 F610.400001 X-7.624425 Y0.000000 Z0.000000
G1 F609.271250 X-7.634580 Y0.000000 Z0.000000
G1 F608.140997 X-7.644715 Y0.000000 Z0.000000
G1 F607.009242 X-7.654832 Y0.000000 Z0.000000
G1 F605.875990 X-7.664930 Y0.000000 Z0.000000
G1 F604.741243 X-7.675009 Y0.000000 Z0.000000
G1 F603.605003 X-7.685069 Y0.000000 Z0.000000
G1 F602.467275 X-7.695110 Y0.000000 Z0.000000
G1 F601.328059 X-7.705132 Y0.000000 Z0.000000
G1 F600.187361 X-7.715136 Y0.000000 Z0.000000
G1 F598.473352 X-7.735085 Y0.000000 Z0.000000
G1 F596.183087 X-7.754957 Y0.000000 Z0.000000
G1 F593.886938 X-7.774754 Y0.000000 Z0.000000
G1 F591.584928 X-7.794473 Y0.000000 Z0.000000
G1 F589.277078 X-7.814116 Y0.000000 Z0.000000
G1 F586.963413 X-7.833681 Y0.000000 Z0.000000
G1 F584.643955 X-7.853169 Y0.000000 Z0.000000
G1 F582.318727 X-7.872580 Y0.000000 Z0.000000
G1 F579.987751 X-7.891913 Y0.000000 Z0.000000
G1 F577.651052 X-7.911168 Y0.000000 Z0.000000
G1 F575.308651 X-7.930345 Y0.000000 Z0.000000
G1 F572.960572 X-7.949444 Y0.000000 Z0.000000
G1 F570.606838 X-7.968464 Y0.000000 Z0.000000
G1 F568.247472 X-7.987405 Y0.000000 Z0.000000
G1 F565.882498 X-8.006268 Y0.000000 Z0.000000
G1 F563.511939 X-8.025052 Y0.000000 Z0.000000
G1 F561.135818 X-8.043756 Y0.000000 Z0.000000
G1 F558.754159 X-8.062381 Y0.000000 Z0.000000
G1 F556.366986 X-8.080927 Y0.000000 Z0.000000
G1 F553.974321 X-8.099393 Y0.000000 Z0.000000
G1 F551.576189 X-8.117779 Y0.000000 Z0.000000
G1 F549.172613 X-8.136084 Y0.000000 Z0.000000
G1 F546.763617 X-8.154310 Y0.000000 Z0.000000
G1 F544.349225 X-8.172455 Y0.000000 Z0.000000
G1 F541.929460 X-8.190519 Y0.000000 Z0.000000
G1 F539.504346 X-8.208503 Y0.000000 Z0.000000
G1 F537.073908 X-8.226405 Y0.000000 Z0.000000
G1 F534.638169 X-8.244226 Y0.000000 Z0.000000
G1 F532.197153 X-8.261966 Y0.000000 Z0.000000
G1 F529.750885 X-8.279625 Y0.000000 Z0.000000
G1 F527.299389 X-8.297201 Y0.000000 Z0.000000
G1 F524.842688 X-8.314696 Y0.000000 Z0.000000
G1 F522.380807 X-8.332109 Y0.000000 Z0.000000
G1 F519.913771 X-8.349439 Y0.000000 Z0.000000
G1 F517.441603 X-8.366687 Y0.000000 Z0.000000
G1 F514.964328 X-8.383853 Y0.000000 Z0.000000
G1 F512.481971 X-8.400936 Y0.000000 Z0.000000
G1 F509.994555 X-8.417935 Y0.000000 Z0.000000
G1 F507.502107 X-8.434852 Y0.000000 Z0.000000
G1 F505.004649 X-8.451686 Y0.000000 Z0.000000
G1 F502.502207 X-8.468436 Y0.000000 Z0.000000
G1 F499.994806 X-8.485102 Y0.000000 Z0.000000
G1 F497.482470 X-8.501685 Y0.000000 Z0.000000
G1 F494.965224 X-8.518184 Y0.000000 Z0.000000
G1 F492.443093 X-8.534599 Y0.000000 Z0.000000
G1 F489.916102 X-8.550929 Y0.000000 Z0.000000
G1 F487.384275 X-8.567175 Y0.000000 Z0.000000
G1 F484.847639 X-8.583337 Y0.000000 Z0.000000
G1 F482.306217 X-8.599414 Y0.000000 Z0.000000
G1 F479.760034 X-8.615406 Y0.000000 Z0.000000
G1 F477.209117 X-8.631313 Y0.000000 Z0.000000
G1 F474.653490 X-8.647134 Y0.000000 Z0.000000
G1 F472.093178 X-8.662871 Y0.000000 Z0.000000
G1 F469.528207 X-8.678522 Y0.000000 Z0.000000
G1 F466.958602 X-8.694087 Y0.000000 Z0.000000
G1 F464.384388 X-8.709567 Y0.000000 Z0.000000
G1 F461.805591 X-8.724960 Y0.000000 Z0.000000
G1 F459.222236 X-8.740267 Y0.000000 Z0.000000
G1 F456.634348 X-8.755489 Y0.000000 Z0.000000
G1 F454.041954 X-8.770623 Y0.000000 Z0.000000
G1 F451.445079 X-8.785672 Y0.000000 Z0.000000
G1 F448.843748 X-8.800633 Y0.000000 Z0.000000
G1 F446.237987 X-8.815508 Y0.000000 Z0.000000
G1 F443.627822 X-8.830295 Y0.000000 Z0.000000
G1 F441.013279 X-8.844996 Y0.000000 Z0.000000
G1 F438.394383 X-8.859609 Y0.000000 Z0.000000
G1 F435.771160 X-8.874134 Y0.000000 Z0.000000
G1 F433.143636 X-8.888573 Y0.000000 Z0.000000
G1 F430.511837 X-8.902923 Y0.000000 Z0.000000
G1 F427.875790 X-8.917186 Y0.000000 Z0.000000
G1 F425.235519 X-8.931360 Y0.000000 Z0.000000
G1 F422.591052 X-8.945446 Y0.000000 Z0.000000
G1 F419.942413 X-8.959444 Y0.000000 Z0.000000
G1 F417.289630 X-8.973354 Y0.000000 Z0.000000
G1 F414.632729 X-8.987175 Y0.000000 Z0.000000
G1 F411.971735 X-9.000908 Y0.000000 Z0.000000
G1 F409.306675 X-9.014551 Y0.000000 Z0.000000
G1 F406.637576 X-9.028106 Y0.000000 Z0.000000
G1 F403.964463 X-9.041571 Y0.000000 Z0.000000
G1 F401.287363 X-9.054947 Y0.000000 Z0.000000
G1 F398.606303 X-9.068234 Y0.000000 Z0.000000
G1 F395.921309 X-9.081432 Y0.000000 Z0.000000
G1 F393.232407 X-9.094539 Y0.000000 Z0.000000
G1 F390.539624 X-9.107557 Y0.000000 Z0.000000
G1 F387.842986 X-9.120486 Y0.000000 Z0.000000
G1 F385.142521 X-9.133324 Y0.000000 Z0.000000
G1 F382.438254 X-9.146072 Y0.000000 Z0.000000
G1 F379.730213 X-9.158729 Y0.000000 Z0.000000
G1 F377.018425 X-9.171297 Y0.000000 Z0.000000
G1 F374.302915 X-9.183773 Y0.000000 Z0.000000
G1 F371.583711 X-9.196159 Y0.000000 Z0.000000
G1 F368.860839 X-9.208455 Y0.000000 Z0.000000
G1 F366.134327 X-9.220659 Y0.000000 Z0.000000
G1 F363.404202 X-9.232773 Y0.000000 Z0.000000
G1 F360.670490 X-9.244795 Y0.000000 Z0.000000
G1 F357.933218 X-9.256726 Y0.000000 Z0.000000
G1 F355.192413 X-9.268566 Y0.000000 Z0.000000
G1 F352.448103 X-9.280314 Y0.000000 Z0.000000
G1 F349.700314 X-9.291971 Y0.000000 Z0.000000
G1 F346.949074 X-9.303536 Y0.000000 Z0.000000
G1 F344.194410 X-9.315009 Y0.000000 Z0.000000
G1 F341.436349 X-9.326390 Y0.000000 Z0.000000
G1 F338.674918 X-9.337679 Y0.000000 Z0.000000
G1 F335.910144 X-9.348876 Y0.000000 Z0.000000
G1 F333.142055 X-9.359981 Y0.000000 Z0.000000
G1 F330.370678 X-9.370993 Y0.000000 Z0.000000
G1 F327.596040 X-9.381913 Y0.000000 Z0.000000
G1 F324.818169 X-9.392741 Y0.000000 Z0.000000
G1 F322.037092 X-9.403475 Y0.000000 Z0.000000
G1 F319.252837 X-9.414117 Y0.000000 Z0.000000
G1 F316.465431 X-9.424666 Y0.000000 Z0.000000
G1 F313.674902 X-9.435122 Y0.000000 Z0.000000
G1 F310.881277 X-9.445484 Y0.000000 Z0.000000
G1 F308.084583 X-9.455754 Y0.000000 Z0.000000
G1 F305.284849 X-9.465930 Y0.000000 Z0.000000
G1 F302.482102 X-9.476013 Y0.000000 Z0.000000
G1 F298.974319 X-9.490961 Y0.000000 Z0.000000
G1 F294.759085 X-9.505699 Y0.000000 Z0.000000
G1 F290.537306 X-9.520226 Y0.000000 Z0.000000
G1 F286.309075 X-9.534542 Y0.000000 Z0.000000
G1 F282.074486 X-9.548645 Y0.000000 Z0.000000
G1 F277.833632 X-9.562537 Y0.000000 Z0.000000
G1 F273.586610 X-9.576216 Y0.000000 Z0.000000
G1 F269.333512 X-9.589683 Y0.000000 Z0.000000
G1 F265.074432 X-9.602937 Y0.000000 Z0.000000
G1 F260.809467 X-9.615977 Y0.000000 Z0.000000
G1 F256.538710 X-9.628804 Y0.000000 Z0.000000
G1 F252.262255 X-9.641417 Y0.000000 Z0.000000
G1 F247.980199 X-9.653816 Y0.000000 Z0.000000
G1 F243.692637 X-9.666001 Y0.000000 Z0.000000
G1 F239.399662 X-9.677971 Y0.000000 Z0.000000
G1 F235.101372 X-9.689726 Y0.000000 Z0.000000
G1 F230.797860 X-9.701266 Y0.000000 Z0.000000
G1 F226.489224 X-9.712590 Y0.000000 Z0.000000
G1 F222.175558 X-9.723699 Y0.000000 Z0.000000
G1 F217.856958 X-9.734592 Y0.000000 Z0.000000
G1 F213.533520 X-9.745269 Y0.000000 Z0.000000
G1 F209.205340 X-9.755729 Y0.000000 Z0.000000
G1 F204.872515 X-9.765973 Y0.000000 Z0.000000
G1 F200.535140 X-9.775999 Y0.000000 Z0.000000
G1 F195.469107 X-9.789031 Y0.000000 Z0.000000
G1 F189.672295 X-9.801675 Y0.000000 Z0.000000
G1 F183.867994 X-9.813933 Y0.000000 Z0.000000
G1 F178.056435 X-9.825804 Y0.000000 Z0.000000
G1 F172.237846 X-9.837286 Y0.000000 Z0.000000
G1 F166.412458 X-9.848380 Y0.000000 Z0.000000
G1 F160.580500 X-9.859086 Y0.000000 Z0.000000
G1 F154.742203 X-9.869402 Y0.000000 Z0.000000
G1 F148.166690 X-9.881749 Y0.000000 Z0.000000
G1 F140.852056 X-9.893487 Y0.000000 Z0.000000
G1 F133.528734 X-9.904614 Y0.000000 Z0.000000
G1 F126.197175 X-9.915131 Y0.000000 Z0.000000
G1 F118.123353 X-9.926943 Y0.000000 Z0.000000
G1 F109.305668 X-9.937874 Y0.000000 Z0.000000
G1 F100.478274 X-9.947921 Y0.000000 Z0.000000
G1 F90.905095 X-9.958527 Y0.000000 Z0.000000
G1 F79.847440 X-9.969173 Y0.000000 Z0.000000
G1 F67.302157 X-9.979269 Y0.000000 Z0.000000
G1 F51.788558 X-9.989626 Y0.000000 Z0.000000
G1 F25.163010 X-9.999692 Y0.000000 Z0.000000
G1 F17.762125 X-9.989626 Y0.000000 Z0.000000
G1 F51.788558 X-9.979269 Y0.000000 Z0.000000
G1 F67.302157 X-9.969173 Y0.000000 Z0.000000
G1 F79.847440 X-9.958527 Y0.000000 Z0.000000
G1 F90.905095 X-9.947921 Y0.000000 Z0.000000
G1 F100.478274 X-9.937874 Y0.000000 Z0.000000
G1 F109.305668 X-9.926943 Y0.000000 Z0.000000
G1 F118.123353 X-9.915131 Y0.000000 Z0.000000
G1 F126.197175 X-9.904614 Y0.000000 Z0.000000
G1 F133.528734 X-9.893487 Y0.000000 Z0.000000
G1 F140.852056 X-9.881749 Y0.000000 Z0.000000
G1 F148.166690 X-9.869402 Y0.000000 Z0.000000
G1 F154.742203 X-9.859086 Y0.000000 Z0.000000
G1 F160.580500 X-9.848380 Y0.000000 Z0.000000
G1 F166.412458 X-9.837286 Y0.000000 Z0.000000
G1 F172.237846 X-9.825804 Y0.000000 Z0.000000
G1 F178.056435 X-9.813933 Y0.000000 Z0.000000
G1 F183.867994 X-9.801675 Y0.000000 Z0.000000
G1 F189.672295 X-9.789031 Y0.000000 Z0.000000
G1 F195.469107 X-9.775999 Y0.000000 Z0.000000
G1 F200.535140 X-9.765973 Y0.000000 Z0.000000
G1 F204.872515 X-9.755729 Y0.000000 Z0.000000
G1 F209.205340 X-9.745269 Y0.000000 Z0.000000
G1 F213.533520 X-9.734592 Y0.000000 Z0.000000
G1 F217.856958 X-9.723699 Y0.000000 Z0.000000
G1 F222.175558 X-9.712590 Y0.000000 Z0.000000
G1 F226.489224 X-9.701266 Y0.000000 Z0.000000
G1 F230.797860 X-9.689726 Y0.000000 Z0.000000
G1 F235.101372 X-9.677971 Y0.000000 Z0.000000
G1 F239.399662 X-9.666001 Y0.000000 Z0.000000
G1 F243.692637 X-9.653816 Y0.000000 Z0.000000
G1 F247.980199 X-9.641417 Y0.000000 Z0.000000
G1 F252.262255 X-9.628804 Y0.000000 Z0.000000
G1 F256.538710 X-9.615977 Y0.000000 Z0.000000
G1 F260.809467 X-9.602937 Y0.000000 Z0.000000
G1 F265.074432 X-9.589683 Y0.000000 Z0.000000
G1 F269.333512 X-9.576216 Y0.000000 Z0.000000
G1 F273.586610 X-9.562537 Y0.000000 Z0.000000
G1 F277.833632 X-9.548645 Y0.000000 Z0.000000
G1 F282.074486 X-9.534542 Y0.000000 Z0.000000
G1 F286.309075 X-9.520226 Y0.000000 Z0.000000
G1 F290.537306 X-9.505699 Y0.000000 Z0.000000
G1 F294.759085 X-9.490961 Y0.000000 Z0.000000
G1 F298.974319 X-9.476013 Y0.000000 Z0.000000
G1 F302.482102 X-9.465930 Y0.000000 Z0.000000
G1 F305.284849 X-9.455754 Y0.000000 Z0.000000
G1 F308.084583 X-9.445484 Y0.000000 Z0.000000
G1 F310.881277 X-9.435122 Y0.000000 Z0.000000
G1 F313.674902 X-9.424666 Y0.000000 Z0.000000
G1 F316.465431 X-9.414117 Y0.000000 Z0.000000
G1 F319.252837 X-9.403475 Y0.000000 Z0.000000
G1 F322.037092 X-9.392741 Y0.000000 Z0.000000
G1 F324.818169 X-9.381913 Y0.000000 Z0.000000
G1 F327.596040 X-9.370993 Y0.000000 Z0.000000
G1 F330.370678 X-9.359981 Y0.000000 Z0.000000
G1 F333.142055 X-9.348876 Y0.000000 Z0.000000
G1 F335.910144 X-9.337679 Y0.000000 Z0.000000
G1 F338.674918 X-9.326390 Y0.000000 Z0.000000
G1 F341.436349 X-9.315009 Y0.000000 Z0.000000
G1 F344.194410 X-9.303536 Y0.000000 Z0.000000
G1 F346.949074 X-9.291971 Y0.000000 Z0.000000
G1 F349.700314 X-9.280314 Y0.000000 Z0.000000
G1 F352.448103 X-9.268566 Y0.000000 Z0.000000
G1 F355.192413 X-9.256726 Y0.000000 Z0.000000
G1 F357.933218 X-9.244795 Y0.000000 Z0.000000
G1 F360.670490 X-9.232773 Y0.000000 Z0.000000
G1 F363.404202 X-9.220659 Y0.000000 Z0.000000
G1 F366.134327 X-9.208455 Y0.000000 Z0.000000
G1 F368.860839 X-9.196159 Y0.000000 Z0.000000
G1 F371.583711 X-9.183773 Y0.000000 Z0.000000
G1 F374.302915 X-9.171297 Y0.000000 Z0.000000
G1 F377.018425 X-9.158729 Y0.000000 Z0.000000
G1 F379.730213 X-9.146072 Y0.000000 Z0.000000
G1 F382.438254 X-9.133324 Y0.000000 Z0.000000
G1 F385.142521 X-9.120486 Y0.000000 Z0.000000
G1 F387.842986 X-9.107557 Y0.000000 Z0.000000
G1 F390.539624 X-9.094539 Y0.000000 Z0.000000
G1 F393.232407 X-9.081432 Y0.000000 Z0.000000
G1 F395.921309 X-9.068234 Y0.000000 Z0.000000
G1 F398.606303 X-9.054947 Y0.000000 Z0.000000
G1 F401.287363 X-9.041571 Y0.000000 Z0.000000
G1 F403.964463 X-9.028106 Y0.000000 Z0.000000
G1 F406.637576 X-9.014551 Y0.000000 Z0.000000
G1 F409.306675 X-9.000908 Y0.000000 Z0.000000
G1 F411.971735 X-8.987175 Y0.000000 Z0.000000
G1 F414.632729 X-8.973354 Y0.000000 Z0.000000
G1 F417.289630 X-8.959444 Y0.000000 Z0.000000
G1 F419.942413 X-8.945446 Y0.000000 Z0.000000
G1 F422.591052 X-8.931360 Y0.000000 Z0.000000
G1 F425.235519 X-8.917186 Y0.000000 Z0.000000
G1 F427.875790 X-8.902923 Y0.000000 Z0.000000
G1 F430.511837 X-8.888573 Y0.000000 Z0.000000
G1 F433.143636 X-8.874134 Y0.000000 Z0.000000
G1 F435.771160 X-8.859609 Y0.000000 Z0.000000
G1 F438.394383 X-8.844996 Y0.000000 Z0.000000
G1 F441.013279 X-8.830295 Y0.000000 Z0.000000
G1 F443.627822 X-8.815508 Y0.000000 Z0.000000
G1 F446.237987 X-8.800633 Y0.000000 Z0.000000
G1 F448.843748 X-8.785672 Y0.000000 Z0.000000
G1 F451.445079 X-8.770623 Y0.000000 Z0.000000
G1 F454.041954 X-8.755489 Y0.000000 Z0.000000
G1 F456.634348 X-8.740267 Y0.000000 Z0.000000
G1 F459.222236 X-8.724960 Y0.000000 Z0.000000
G1 F461.805591 X-8.709567 Y0.000000 Z0.000000
G1 F464.384388 X-8.694087 Y0.000000 Z0.000000
G1 F466.958602 X-8.678522 Y0.000000 Z0.000000
G1 F469.528207 X-8.662871 Y0.000000 Z0.000000
G1 F472.093178 X-8.647134 Y0.000000 Z0.000000
G1 F474.653490 X-8.631313 Y0.000000 Z0.000000
G1 F477.209117 X-8.615406 Y0.000000 Z0.000000
G1 F479.760034 X-8.599414 Y0.000000 Z0.000000
G1 F482.306217 X-8.583337 Y0.000000 Z0.000000
G1 F484.847639 X-8.567175 Y0.000000 Z0.000000
G1 F487.384275 X-8.550929 Y0.000000 Z0.000000
G1 F489.916102 X-8.534599 Y0.000000 Z0.000000
G1 F492.443093 X-8.518184 Y0.000000 Z0.000000
G1 F494.965224 X-8.501685 Y0.000000 Z0.000000
G1 F497.482470 X-8.485102 Y0.000000 Z0.000000
G1 F499.994806 X-8.468436 Y0.000000 Z0.000000
G1 F502.502207 X-8.451686 Y0.000000 Z0.000000
G1 F505.004649 X-8.434852 Y0.000000 Z0.000000
G1 F507.502107 X-8.417935 Y0.000000 Z0.000000
G1 F509.994555 X-8.400936 Y0.000000 Z0.000000
G1 F512.481971 X-8.383853 Y0.000000 Z0.000000
G1 F514.964328 X-8.366687 Y0.000000 Z0.000000
G1 F517.441603 X-8.349439 Y0.000000 Z0.000000
G1 F519.913771 X-8.332109 Y0.000000 Z0.000000
G1 F522.380807 X-8.314696 Y0.000000 Z0.000000
G1 F524.842688 X-8.297201 Y0.000000 Z0.000000
G1 F527.299389 X-8.279625 Y0.000000 Z0.000000
G1 F529.750885 X-8.261966 Y0.000000 Z0.000000
G1 F532.197153 X-8.244226 Y0.000000 Z0.000000
G1 F534.638169 X-8.226405 Y0.000000 Z0.000000
G1 F537.073908 X-8.208503 Y0.000000 Z0.000000
G1 F539.504346 X-8.190519 Y0.000000 Z0.000000
G1 F541.929460 X-8.172455 Y0.000000 Z0.000000
G1 F544.349225 X-8.154310 Y0.000000 Z0.000000
G1 F546.763617 X-8.136084 Y0.000000 Z0.000000
G1 F549.172613 X-8.117779 Y0.000000 Z0.000000
G1 F551.576189 X-8.099393 Y0.000000 Z0.000000
G1 F553.974321 X-8.080927 Y0.000000 Z0.000000
G1 F556.366986 X-8.062381 Y0.000000 Z0.000000
G1 F558.754159 X-8.043756 Y0.000000 Z0.000000
G1 F561.135818 X-8.025052 Y0.000000 Z0.000000
G1 F563.511939 X-8.006268 Y0.000000 Z0.000000
G1 F565.882498 X-7.987405 Y0.000000 Z0.000000
G1 F568.247472 X-7.968464 Y0.000000 Z0.000000
G1 F570.606838 X-7.949444 Y0.000000 Z0.000000
G1 F572.960572 X-7.930345 Y0.000000 Z0.000000
G1 F575.308651 X-7.911168 Y0.000000 Z0.000000
G1 F577.651052 X-7.891913 Y0.000000 Z0.000000
G1 F579.987751 X-7.872580 Y0.000000 Z0.000000
G1 F582.318727 X-7.853169 Y0.000000 Z0.000000
G1 F584.643955 X-7.833681 Y0.000000 Z0.000000
G1 F586.963413 X-7.814116 Y0.000000 Z0.000000
G1 F589.277078 X-7.794473 Y0.000000 Z0.000000
G1 F591.584928 X-7.774754 Y0.000000 Z0.000000
G1 F593.886938 X-7.754957 Y0.000000 Z0.000000
G1 F596.183087 X-7.735085 Y0.000000 Z0.000000
G1 F598.473352 X-7.715136 Y0.000000 Z0.000000
G1 F600.187361 X-7.705132 Y0.000000 Z0.000000
G1 F601.328059 X-7.695110 Y0.000000 Z0.000000
G1 F602.467275 X-7.685069 Y0.000000 Z0.000000
G1 F603.605003 X-7.675009 Y0.000000 Z0.000000
G1 F604.741243 X-7.664930 Y0.000000 Z0.000000
G1 F605.875990 X-7.654832 Y0.000000 Z0.000000
G1 F607.009242 X-7.644715 Y0.000000 Z0.000000
G1 F608.140997 X-7.634580 Y0.000000 Z0.000000
G1 F609.271250 X-7.624425 Y0.000000 Z0.000000
G1 F610.400001 X-7.614252 Y0.000000 Z0.000000
G1 F611.527246 X-7.604060 Y0.000000 Z0.000000
G1 F612.652981 X-7.593849 Y0.000000 Z0.000000
G1 F613.777205 X-7.583619 Y0.000000 Z0.000000
G1 F614.899915 X-7.573371 Y0.000000 Z0.000000
G1 F616.021107 X-7.563104 Y0.000000 Z0.000000
G1 F617.140780 X-7.552818 Y0.000000 Z0.000000
G1 F618.258929 X-7.542514 Y0.000000 Z0.000000
G1 F619.375554 X-7.532191 Y0.000000 Z0.000000
G1 F620.490650 X-7.521849 Y0.000000 Z0.000000
G1 F621.604214 X-7.511489 Y0.000000 Z0.000000
G1 F622.716246 X-7.501111 Y0.000000 Z0.000000
G1 F623.826740 X-7.490714 Y0.000000 Z0.000000
G1 F624.935696 X-7.480298 Y0.000000 Z0.000000
G1 F626.043109 X-7.469864 Y0.000000 Z0.000000
G1 F627.148978 X-7.459411 Y0.000000 Z0.000000
G1 F628.253300 X-7.448941 Y0.000000 Z0.000000
G1 F629.356071 X-7.438451 Y0.000000 Z0.000000
G1 F630.457289 X-7.427944 Y0.000000 Z0.000000
G1 F631.556952 X-7.417418 Y0.000000 Z0.000000
G1 F632.655056 X-7.406873 Y0.000000 Z0.000000
G1 F633.751600 X-7.396311 Y0.000000 Z0.000000
G1 F634.846579 X-7.385730 Y0.000000 Z0.000000
G1 F635.939993 X-7.375131 Y0.000000 Z0.000000
G1 F637.031837 X-7.364514 Y0.000000 Z0.000000
G1 F638.122109 X-7.353879 Y0.000000 Z0.000000
G1 F639.210807 X-7.343225 Y0.000000 Z0.000000
G1 F640.297928 X-7.332553 Y0.000000 Z0.000000
G1 F641.383469 X-7.321864 Y0.000000 Z0.000000
G1 F642.467427 X-7.311156 Y0.000000 Z0.000000
G1 F643.549800 X-7.300430 Y0.000000 Z0.000000
G1 F644.630585 X-7.289686 Y0.000000 Z0.000000
G1 F645.709780 X-7.278924 Y0.000000 Z0.000000
G1 F646.787381 X-7.268145 Y0.000000 Z0.000000
G1 F647.863386 X-7.257347 Y0.000000 Z0.000000
G1 F648.937793 X-7.246531 Y0.000000 Z0.000000
G1 F650.010599 X-7.235698 Y0.000000 Z0.000000
G1 F651.081801 X-7.224846 Y0.000000 Z0.000000
G1 F652.151396 X-7.213977 Y0.000000 Z0.000000
G1 F653.219383 X-7.203090 Y0.000000 Z0.000000
G1 F654.285757 X-7.192185 Y0.000000 Z0.000000
G1 F655.350517 X-7.181263 Y0.000000 Z0.000000
G1 F656.413661 X-7.170323 Y0.000000 Z0.000000
G1 F657.475184 X-7.159365 Y0.000000 Z0.000000
G1 F658.535085 X-7.148389 Y0.000000 Z0.000000
G1 F659.593362 X-7.137396 Y0.000000 Z0.000000
G1 F660.650011 X-7.126385 Y0.000000 Z0.000000
G1 F661.705030 X-7.115357 Y0.000000 Z0.000000
G1 F662.758416 X-7.104311 Y0.000000 Z0.000000
G1 F663.810167 X-7.093247 Y0.000000 Z0.000000
G1 F664.860279 X-7.082166 Y0.000000 Z0.000000
G1 F665.908752 X-7.071068 Y0.000000 Z0.000000
G1 F666.955581 X-7.059952 Y0.000000 Z0.000000
G1 F668.000765 X-7.048819 Y0.000000 Z0.000000
G1 F669.044301 X-7.037668 Y0.000000 Z0.000000
G1 F670.086185 X-7.026500 Y0.000000 Z0.000000
G1 F671.126417 X-7.015314 Y0.000000 Z0.000000
G1 F672.164992 X-7.004112 Y0.000000 Z0.000000
G1 F673.201909 X-6.992891 Y0.000000 Z0.000000
G1 F674.237165 X-6.981654 Y0.000000 Z0.000000
G1 F675.270757 X-6.970400 Y0.000000 Z0.000000
G1 F676.302683 X-6.959128 Y0.000000 Z0.000000
G1 F677.332941 X-6.947839 Y0.000000 Z0.000000
G1 F678.361527 X-6.936533 Y0.000000 Z0.000000
G1 F679.388439 X-6.925210 Y0.000000 Z0.000000
G1 F680.413675 X-6.913870 Y0.000000 Z0.000000
G1 F681.437232 X-6.902512 Y0.000000 Z0.000000
G1 F682.459108 X-6.891138 Y0.000000 Z0.000000
G1 F683.479300 X-6.879747 Y0.000000 Z0.000000
G1 F684.497806 X-6.868338 Y0.000000 Z0.000000
G1 F685.514622 X-6.856913 Y0.000000 Z0.000000
G1 F686.529747 X-6.845471 Y0.000000 Z0.000000
G1 F687.543178 X-6.834012 Y0.000000 Z0.000000
G1 F688.554913 X-6.822536 Y0.000000 Z0.000000
G1 F689.564949 X-6.811043 Y0.000000 Z0.000000
G1 F690.573283 X-6.799534 Y0.000000 Z0.000000
G1 F691.579914 X-6.788007 Y0.000000 Z0.000000
G1 F692.584838 X-6.776464 Y0.000000 Z0.000000
G1 F693.588053 X-6.764905 Y0.000000 Z0.000000
G1 F694.589557 X-6.753328 Y0.000000 Z0.000000
G1 F695.589347 X-6.741735 Y0.000000 Z0.000000
G1 F696.587420 X-6.730125 Y0.000000 Z0.000000
G1 F697.583775 X-6.718499 Y0.000000 Z0.000000
G1 F698.578409 X-6.706856 Y0.000000 Z0.000000
G1 F699.571319 X-6.695196 Y0.000000 Z0.000000
G1 F700.562503 X-6.683520 Y0.000000 Z0.000000
G1 F701.551958 X-6.671828 Y0.000000 Z0.000000
G1 F702.539682 X-6.660119 Y0.000000 Z0.000000
G1 F703.525673 X-6.648393 Y0.000000 Z0.000000
G1 F704.509928 X-6.636651 Y0.000000 Z0.000000
G1 F705.492445 X-6.624893 Y0.000000 Z0.000000
G1 F706.473221 X-6.613119 Y0.000000 Z0.000000
G1 F707.452253 X-6.601328 Y0.000000 Z0.000000
G1 F708.429541 X-6.589521 Y0.000000 Z0.000000
G1 F709.405080 X-6.577697 Y0.000000 Z0.000000
G1 F710.378869 X-6.565858 Y0.000000 Z0.000000
G1 F711.350905 X-6.554002 Y0.000000 Z0.000000
G1 F712.321186 X-6.542130 Y0.000000 Z0.000000
G1 F713.289709 X-6.530242 Y0.000000 Z0.000000
G1 F714.256472 X-6.518337 Y0.000000 Z0.000000
G1 F715.221473 X-6.506417 Y0.000000 Z0.000000
G1 F716.184709 X-6.494480 Y0.000000 Z0.000000
G1 F717.146178 X-6.482528 Y0.000000 Z0.000000
G1 F718.105878 X-6.470560 Y0.000000 Z0.000000
G1 F719.063806 X-6.458575 Y0.000000 Z0.000000
G1 F720.019959 X-6.446575 Y0.000000 Z0.000000
G1 F720.974336 X-6.434559 Y0.000000 Z0.000000
G1 F721.926934 X-6.422527 Y0.000000 Z0.000000
G1 F722.877751 X-6.410479 Y0.000000 Z0.000000
G1 F723.826784 X-6.398415 Y0.000000 Z0.000000
G1 F724.774031 X-6.386335 Y0.000000 Z0.000000
G1 F725.719490 X-6.374240 Y0.000000 Z0.000000
G1 F726.663158 X-6.362129 Y0.000000 Z0.000000
G1 F727.605034 X-6.350002 Y0.000000 Z0.000000
G1 F728.545114 X-6.337860 Y0.000000 Z0.000000
G1 F729.483396 X-6.325702 Y0.000000 Z0.000000
G1 F730.419878 X-6.313528 Y0.000000 Z0.000000
G1 F731.354558 X-6.301339 Y0.000000 Z0.000000
G1 F732.287434 X-6.289134 Y0.000000 Z0.000000
G1 F733.218503 X-6.276914 Y0.000000 Z0.000000
G1 F734.147762 X-6.264678 Y0.000000 Z0.000000
G1 F735.075211 X-6.252427 Y0.000000 Z0.000000
G1 F736.000845 X-6.240160 Y0.000000 Z0.000000
G1 F736.924664 X-6.227878 Y0.000000 Z0.000000
G1 F737.846664 X-6.215580 Y0.000000 Z0.000000
G1 F738.766843 X-6.203268 Y0.000000 Z0.000000
G1 F739.685200 X-6.190939 Y0.000000 Z0.000000
G1 F740.601732 X-6.178596 Y0.000000 Z0.000000
G1 F741.516436 X-6.166238 Y0.000000 Z0.000000
G1 F742.429311 X-6.153864 Y0.000000 Z0.000000
G1 F743.340354 X-6.141475 Y0.000000 Z0.000000
G1 F744.249562 X-6.129071 Y0.000000 Z0.000000
G1 F745.156935 X-6.116651 Y0.000000 Z0.000000
G1 F746.062468 X-6.104217 Y0.000000 Z0.000000
G1 F746.966161 X-6.091767 Y0.000000 Z0.000000
G1 F747.868011 X-6.079303 Y0.000000 Z0.000000
G1 F748.768016 X-6.066824 Y0.000000 Z0.000000
G1 F749.666173 X-6.054329 Y0.000000 Z0.000000
G1 F750.562480 X-6.041820 Y0.000000 Z0.000000
G1 F751.456935 X-6.029295 Y0.000000 Z0.000000
G1 F752.349537 X-6.016756 Y0.000000 Z0.000000
G1 F753.240281 X-6.004202 Y0.000000 Z0.000000
G1 F754.129168 X-5.991633 Y0.000000 Z0.000000
G1 F755.016193 X-5.979050 Y0.000000 Z0.000000
G1 F755.901356 X-5.966451 Y0.000000 Z0.000000
G1 F756.784654 X-5.953838 Y0.000000 Z0.000000
G1 F757.666084 X-5.941211 Y0.000000 Z0.000000
G1 F758.545645 X-5.928568 Y0.000000 Z0.000000
G1 F759.423334 X-5.915911 Y0.000000 Z0.000000
G1 F760.299149 X-5.903239 Y0.000000 Z0.000000
G1 F761.173089 X-5.890553 Y0.000000 Z0.000000
G1 F762.045150 X-5.877853 Y0.000000 Z0.000000
G1 F762.915331 X-5.865137 Y0.000000 Z0.000000
G1 F763.783629 X-5.852408 Y0.000000 Z0.000000
G1 F764.650043 X-5.839663 Y0.000000 Z0.000000
G1 F765.514571 X-5.826905 Y0.000000 Z0.000000
G1 F766.377209 X-5.814132 Y0.000000 Z0.000000
G1 F767.237957 X-5.801345 Y0.000000 Z0.000000
G1 F768.096811 X-5.788543 Y0.000000 Z0.000000
G1 F768.953771 X-5.775727 Y0.000000 Z0.000000
G1 F769.808832 X-5.762897 Y0.000000 Z0.000000
G1 F770.661995 X-5.750053 Y0.000000 Z0.000000
G1 F771.513256 X-5.737194 Y0.000000 Z0.000000
G1 F772.362613 X-5.724321 Y0.000000 Z0.000000
G1 F773.210065 X-5.711434 Y0.000000 Z0.000000
G1 F774.055609 X-5.698533 Y0.000000 Z0.000000
G1 F774.899243 X-5.685619 Y0.000000 Z0.000000
G1 F775.740965 X-5.672689 Y0.000000 Z0.000000
G1 F776.580772 X-5.659746 Y0.000000 Z0.000000
G1 F777.418664 X-5.646790 Y0.000000 Z0.000000
G1 F778.254638 X-5.633819 Y0.000000 Z0.000000
G1 F779.088691 X-5.620834 Y0.000000 Z0.000000
G1 F779.920822 X-5.607835 Y0.000000 Z0.000000
G1 F780.751028 X-5.594823 Y0.000000 Z0.000000
G1 F781.579308 X-5.581796 Y0.000000 Z0.000000
G1 F782.405660 X-5.568756 Y0.000000 Z0.000000
G1 F783.230081 X-5.555702 Y0.000000 Z0.000000
G1 F784.052570 X-5.542635 Y0.000000 Z0.000000
G1 F784.873124 X-5.529554 Y0.000000 Z0.000000
G1 F785.691741 X-5.516459 Y0.000000 Z0.000000
G1 F786.508420 X-5.503350 Y0.000000 Z0.000000
G1 F787.323158 X-5.490228 Y0.000000 Z0.000000
G1 F788.135954 X-5.477093 Y0.000000 Z0.000000
G1 F788.946805 X-5.463943 Y0.000000 Z0.000000
G1 F789.755709 X-5.450781 Y0.000000 Z0.000000
G1 F790.562664 X-5.437605 Y0.000000 Z0.000000
G1 F791.367669 X-5.424415 Y0.000000 Z0.000000
G1 F792.170722 X-5.411213 Y0.000000 Z0.000000
G1 F792.971819 X-5.397996 Y0.000000 Z0.000000
G1 F793.770961 X-5.384767 Y0.000000 Z0.000000
G1 F794.568143 X-5.371524 Y0.000000 Z0.000000
G1 F795.363365 X-5.358268 Y0.000000 Z0.000000
G1 F796.156625 X-5.344999 Y0.000000 Z0.000000
G1 F796.947920 X-5.331716 Y0.000000 Z0.000000
G1 F797.737249 X-5.318421 Y0.000000 Z0.000000
G1 F798.524609 X-5.305112 Y0.000000 Z0.000000
G1 F799.310000 X-5.291790 Y0.000000 Z0.000000
G1 F800.093417 X-5.278455 Y0.000000 Z0.000000
G1 F800.874861 X-5.265107 Y0.000000 Z0.000000
G1 F801.654329 X-5.251746 Y0.000000 Z0.000000
G1 F802.431819 X-5.238372 Y0.000000 Z0.000000
G1 F803.207329 X-5.224986 Y0.000000 Z0.000000
G1 F803.980856 X-5.211586 Y0.000000 Z0.000000
G1 F804.752401 X-5.198173 Y0.000000 Z0.000000
G1 F805.521959 X-5.184748 Y0.000000 Z0.000000
G1 F806.289530 X-5.171310 Y0.000000 Z0.000000
G1 F807.055112 X-5.157859 Y0.000000 Z0.000000
G1 F807.818702 X-5.144395 Y0.000000 Z0.000000
G1 F808.580299 X-5.130919 Y0.000000 Z0.000000
G1 F809.339901 X-5.117430 Y0.000000 Z0.000000
G1 F810.097506 X-5.103928 Y0.000000 Z0.000000
G1 F810.853112 X-5.090414 Y0.000000 Z0.000000
G1 F811.606718 X-5.076887 Y0.000000 Z0.000000
G1 F812.358321 X-5.063348 Y0.000000 Z0.000000
G1 F813.107919 X-5.049796 Y0.000000 Z0.000000
G1 F813.855511 X-5.036232 Y0.000000 Z0.000000
G1 F814.601095 X-5.022655 Y0.000000 Z0.000000
G1 F815.344670 X-5.009066 Y0.000000 Z0.000000
G1 F816.086232 X-4.995465 Y0.000000 Z0.000000
G1 F816.825781 X-4.981851 Y0.000000 Z0.000000
G1 F817.563314 X-4.968225 Y0.000000 Z0.000000
G1 F818.298830 X-4.954587 Y0.000000 Z0.000000
G1 F819.032327 X-4.940936 Y0.000000 Z0.000000
G1 F819.763803 X-4.927273 Y0.000000 Z0.000000
G1 F820.493257 X-4.913599 Y0.000000 Z0.000000
G1 F821.220686 X-4.899912 Y0.000000 Z0.000000
G1 F821.946088 X-4.886212 Y0.000000 Z0.000000
G1 F822.669463 X-4.872501 Y0.000000 Z0.000000
G1 F823.390808 X-4.858778 Y0.000000 Z0.000000
G1 F824.110121 X-4.845043 Y0.000000 Z0.000000
G1 F824.827401 X-4.831296 Y0.000000 Z0.000000
G1 F825.542645 X-4.817537 Y0.000000 Z0.000000
G1 F826.255853 X-4.803766 Y0.000000 Z0.000000
G1 F826.967022 X-4.789983 Y0.000000 Z0.000000
G1 F827.676150 X-4.776188 Y0.000000 Z0.000000
G1 F828.383236 X-4.762382 Y0.000000 Z0.000000
G1 F829.088278 X-4.748564 Y0.000000 Z0.000000
G1 F829.791275 X-4.734734 Y0.000000 Z0.000000
G1 F830.492224 X-4.720893 Y0.000000 Z0.000000
G1 F831.191124 X-4.707039 Y0.000000 Z0.000000
G1 F831.887973 X-4.693175 Y0.000000 Z0.000000
G1 F832.582770 X-4.679298 Y0.000000 Z0.000000
G1 F833.275512 X-4.665410 Y0.000000 Z0.000000
G1 F833.966198 X-4.651511 Y0.000000 Z0.000000
G1 F834.654826 X-4.637600 Y0.000000 Z0.000000
G1 F835.341395 X-4.623678 Y0.000000 Z0.000000
G1 F836.025903 X-4.609744 Y0.000000 Z0.000000
G1 F836.708348 X-4.595799 Y0.000000 Z0.000000
G1 F837.388729 X-4.581842 Y0.000000 Z0.000000
G1 F838.067043 X-4.567874 Y0.000000 Z0.000000
G1 F838.743290 X-4.553895 Y0.000000 Z0.000000
G1 F839.417467 X-4.539905 Y0.000000 Z0.000000
G1 F840.089573 X-4.525904 Y0.000000 Z0.000000
G1 F840.759606 X-4.511891 Y0.000000 Z0.000000
G1 F841.427564 X-4.497867 Y0.000000 Z0.000000
G1 F842.093447 X-4.483832 Y0.000000 Z0.000000
G1 F842.757251 X-4.469786 Y0.000000 Z0.000000
G1 F843.418977 X-4.455729 Y0.000000 Z0.000000
G1 F844.078621 X-4.441661 Y0.000000 Z0.000000
G1 F844.736182 X-4.427582 Y0.000000 Z0.000000
G1 F845.391659 X-4.413492 Y0.000000 Z0.000000
G1 F846.045051 X-4.399392 Y0.000000 Z0.000000
G1 F846.696354 X-4.385280 Y0.000000 Z0.000000
G1 F847.345569 X-4.371158 Y0.000000 Z0.000000
G1 F847.992693 X-4.357024 Y0.000000 Z0.000000
G1 F848.637724 X-4.342880 Y0.000000 Z0.000000
G1 F849.280662 X-4.328726 Y0.000000 Z0.000000
G1 F849.921504 X-4.314560 Y0.000000 Z0.000000
G1 F850.560249 X-4.300384 Y0.000000 Z0.000000
G1 F851.196895 X-4.286198 Y0.000000 Z0.000000
G1 F851.831441 X-4.272001 Y0.000000 Z0.000000
G1 F852.463885 X-4.257793 Y0.000000 Z0.000000
G1 F853.094226 X-4.243575 Y0.000000 Z0.000000
G1 F853.722462 X-4.229346 Y0.000000 Z0.000000
G1 F854.348591 X-4.215107 Y0.000000 Z0.000000
G1 F854.972613 X-4.200857 Y0.000000 Z0.000000
G1 F855.594525 X-4.186597 Y0.000000 Z0.000000
G1 F856.214325 X-4.172327 Y0.000000 Z0.000000
G1 F856.832014 X-4.158047 Y0.000000 Z0.000000
G1 F857.447588 X-4.143756 Y0.000000 Z0.000000
G1 F858.061046 X-4.129455 Y0.000000 Z0.000000
G1 F858.672387 X-4.115144 Y0.000000 Z0.000000
G1 F859.281609 X-4.100822 Y0.000000 Z0.000000
G1 F859.888712 X-4.086491 Y0.000000 Z0.000000
G1 F860.493692 X-4.072149 Y0.000000 Z0.000000
G1 F861.096550 X-4.057798 Y0.000000 Z0.000000
G1 F861.697282 X-4.043436 Y0.000000 Z0.000000
G1 F862.295889 X-4.029064 Y0.000000 Z0.000000
G1 F862.892368 X-4.014683 Y0.000000 Z0.000000
G1 F863.486718 X-4.000291 Y0.000000 Z0.000000
G1 F864.078937 X-3.985890 Y0.000000 Z0.000000
G1 F864.669024 X-3.971479 Y0.000000 Z0.000000
G1 F865.256978 X-3.957058 Y0.000000 Z0.000000
G1 F865.842797 X-3.942627 Y0.000000 Z0.000000
G1 F866.426479 X-3.928187 Y0.000000 Z0.000000
G1 F867.008024 X-3.913737 Y0.000000 Z0.000000
G1 F867.587429 X-3.899277 Y0.000000 Z0.000000
G1 F868.164694 X-3.884807 Y0.000000 Z0.000000
G1 F868.739817 X-3.870328 Y0.000000 Z0.000000
G1 F869.312796 X-3.855840 Y0.000000 Z0.000000
G1 F869.883630 X-3.841342 Y0.000000 Z0.000000
G1 F870.452318 X-3.826834 Y0.000000 Z0.000000
G1 F871.018858 X-3.812317 Y0.000000 Z0.000000
G1 F871.583248 X-3.797791 Y0.000000 Z0.000000
G1 F872.145489 X-3.783255 Y0.000000 Z0.000000
G1 F872.705577 X-3.768710 Y0.000000 Z0.000000
G1 F873.263512 X-3.754156 Y0.000000 Z0.000000
G1 F873.819292 X-3.739592 Y0.000000 Z0.000000
G1 F874.372917 X-3.725019 Y0.000000 Z0.000000
G1 F874.924384 X-3.710437 Y0.000000 Z0.000000
G1 F875.473692 X-3.695846 Y0.000000 Z0.000000
G1 F876.020840 X-3.681246 Y0.000000 Z0.000000
G1 F876.565826 X-3.666636 Y0.000000 Z0.000000
G1 F877.108650 X-3.652018 Y0.000000 Z0.000000
G1 F877.649309 X-3.637390 Y0.000000 Z0.000000
G1 F878.187803 X-3.622754 Y0.000000 Z0.000000
G1 F878.724130 X-3.608108 Y0.000000 Z0.000000
G1 F879.258289 X-3.593454 Y0.000000 Z0.000000
G1 F879.790278 X-3.578791 Y0.000000 Z0.000000
G1 F880.320097 X-3.564119 Y0.000000 Z0.000000
G1 F880.847744 X-3.549438 Y0.000000 Z0.000000
G1 F881.373217 X-3.534748 Y0.000000 Z0.000000
G1 F881.896515 X-3.520050 Y0.000000 Z0.000000
G1 F882.417638 X-3.505343 Y0.000000 Z0.000000
G1 F882.936583 X-3.490628 Y0.000000 Z0.000000
G1 F883.453349 X-3.475903 Y0.000000 Z0.000000
G1 F883.967936 X-3.461171 Y0.000000 Z0.000000
G1 F884.480342 X-3.446429 Y0.000000 Z0.000000
G1 F884.990565 X-3.431679 Y0.000000 Z0.000000
G1 F885.498605 X-3.416921 Y0.000000 Z0.000000
G1 F886.004460 X-3.402154 Y0.000000 Z0.000000
G1 F886.508128 X-3.387379 Y0.000000 Z0.000000
G1 F887.009609 X-3.372596 Y0.000000 Z0.000000
G1 F887.508902 X-3.357804 Y0.000000 Z0.000000
G1 F888.006005 X-3.343004 Y0.000000 Z0.000000
G1 F888.500917 X-3.328195 Y0.000000 Z0.000000
G1 F888.993636 X-3.313379 Y0.000000 Z0.000000
G1 F889.484162 X-3.298554 Y0.000000 Z0.000000
G1 F889.972493 X-3.283721 Y0.000000 Z0.000000
G1 F890.458629 X-3.268880 Y0.000000 Z0.000000
G1 F890.942567 X-3.254031 Y0.000000 Z0.000000
G1 F891.424307 X-3.239174 Y0.000000 Z0.000000
G1 F891.903847 X-3.224309 Y0.000000 Z0.000000
G1 F892.381187 X-3.209436 Y0.000000 Z0.000000
G1 F892.856325 X-3.194555 Y0.000000 Z0.000000
G1 F893.329260 X-3.179666 Y0.000000 Z0.000000
G1 F893.799990 X-3.164770 Y0.000000 Z0.000000
G1 F894.268516 X-3.149865 Y0.000000 Z0.000000
G1 F894.734835 X-3.134953 Y0.000000 Z0.000000
G1 F895.198946 X-3.120033 Y0.000000 Z0.000000
G1 F895.660848 X-3.105105 Y0.000000 Z0.000000
G1 F896.120540 X-3.090170 Y0.000000 Z0.000000
G1 F896.578021 X-3.075227 Y0.000000 Z0.000000
G1 F897.033290 X-3.060276 Y0.000000 Z0.000000
G1 F897.486346 X-3.045318 Y0.000000 Z0.000000
G1 F897.937187 X-3.030353 Y0.000000 Z0.000000
G1 F898.385813 X-3.015380 Y0.000000 Z0.000000
G1 F898.832222 X-3.000399 Y0.000000 Z0.000000
G1 F899.276413 X-2.985411 Y0.000000 Z0.000000
G1 F899.718385 X-2.970416 Y0.000000 Z0.000000
G1 F900.158138 X-2.955413 Y0.000000 Z0.000000
G1 F900.595669 X-2.940403 Y0.000000 Z0.000000
G1 F901.030978 X-2.925386 Y0.000000 Z0.000000
G1 F901.464064 X-2.910362 Y0.000000 Z0.000000
G1 F901.894926 X-2.895330 Y0.000000 Z0.000000
G1 F902.323562 X-2.880291 Y0.000000 Z0.000000
G1 F902.749972 X-2.865246 Y0.000000 Z0.000000
G1 F903.174155 X-2.850193 Y0.000000 Z0.000000
G1 F903.596109 X-2.835133 Y0.000000 Z0.000000
G1 F904.015833 X-2.820066 Y0.000000 Z0.000000
G1 F904.433327 X-2.804992 Y0.000000 Z0.000000
G1 F904.848589 X-2.789911 Y0.000000 Z0.000000
G1 F905.261619 X-2.774823 Y0.000000 Z0.000000
G1 F905.672415 X-2.759729 Y0.000000 Z0.000000
G1 F906.080977 X-2.744627 Y0.000000 Z0.000000
G1 F906.487302 X-2.729519 Y0.000000 Z0.000000
G1 F906.891391 X-2.714404 Y0.000000 Z0.000000
G1 F907.293243 X-2.699283 Y0.000000 Z0.000000
G1 F907.692855 X-2.684155 Y0.000000 Z0.000000
G1 F908.090229 X-2.669020 Y0.000000 Z0.000000
G1 F908.485361 X-2.653878 Y0.000000 Z0.000000
G1 F908.878252 X-2.638730 Y0.000000 Z0.000000
G1 F909.268900 X-2.623576 Y0.000000 Z0.000000
G1 F909.657305 X-2.608415 Y0.000000 Z0.000000
G1 F910.043465 X-2.593248 Y0.000000 Z0.000000
G1 F910.427380 X-2.578074 Y0.000000 Z0.000000
G1 F910.809049 X-2.562894 Y0.000000 Z0.000000
G1 F911.188470 X-2.547707 Y0.000000 Z0.000000
G1 F911.565643 X-2.532514 Y0.000000 Z0.000000
G1 F911.940566 X-2.517315 Y0.000000 Z0.000000
G1 F912.313240 X-2.502110 Y0.000000 Z0.000000
G1 F912.683662 X-2.486899 Y0.000000 Z0.000000
G1 F913.051833 X-2.471681 Y0.000000 Z0.000000
G1 F913.417751 X-2.456458 Y0.000000 Z0.000000
G1 F913.781414 X-2.441228 Y0.000000 Z0.000000
G1 F914.142824 X-2.425992 Y0.000000 Z0.000000
G1 F914.501977 X-2.410751 Y0.000000 Z0.000000
G1 F914.858875 X-2.395503 Y0.000000 Z0.000000
G1 F915.213515 X-2.380249 Y0.000000 Z0.000000
G1 F915.565896 X-2.364990 Y0.000000 Z0.000000
G1 F915.916019 X-2.349725 Y0.000000 Z0.000000
G1 F916.263882 X-2.334454 Y0.000000 Z0.000000
G1 F916.609484 X-2.319177 Y0.000000 Z0.000000
G1 F916.952824 X-2.303894 Y0.000000 Z0.000000
G1 F917.293902 X-2.288606 Y0.000000 Z0.000000
G1 F917.632716 X-2.273312 Y0.000000 Z0.000000
G1 F917.969267 X-2.258013 Y0.000000 Z0.000000
G1 F918.303552 X-2.242708 Y0.000000 Z0.000000
G1 F918.635571 X-2.227397 Y0.000000 Z0.000000
G1 F918.965324 X-2.212081 Y0.000000 Z0.000000
G1 F919.292810 X-2.196759 Y0.000000 Z0.000000
G1 F919.618027 X-2.181432 Y0.000000 Z0.000000
G1 F919.940975 X-2.166100 Y0.000000 Z0.000000
G1 F920.261653 X-2.150762 Y0.000000 Z0.000000
G1 F920.580060 X-2.135419 Y0.000000 Z0.000000
G1 F920.896197 X-2.120071 Y0.000000 Z0.000000
G1 F921.210060 X-2.104718 Y0.000000 Z0.000000
G1 F921.521651 X-2.089359 Y0.000000 Z0.000000
G1 F921.830968 X-2.073995 Y0.000000 Z0.000000
G1 F922.138011 X-2.058626 Y0.000000 Z0.000000
G1 F922.442778 X-2.043252 Y0.000000 Z0.000000
G1 F922.745270 X-2.027873 Y0.000000 Z0.000000
G1 F923.045484 X-2.012489 Y0.000000 Z0.000000
G1 F923.343421 X-1.997100 Y0.000000 Z0.000000
G1 F923.639080 X-1.981706 Y0.000000 Z0.000000
G1 F923.932460 X-1.966307 Y0.000000 Z0.000000
G1 F924.223560 X-1.950903 Y0.000000 Z0.000000
G1 F924.512379 X-1.935495 Y0.000000 Z0.000000
G1 F924.798918 X-1.920081 Y0.000000 Z0.000000
G1 F925.083174 X-1.904663 Y0.000000 Z0.000000
G1 F925.365148 X-1.889241 Y0.000000 Z0.000000
G1 F925.644839 X-1.873813 Y0.000000 Z0.000000
G1 F925.922246 X-1.858381 Y0.000000 Z0.000000
G1 F926.197368 X-1.842944 Y0.000000 Z0.000000
G1 F926.470205 X-1.827503 Y0.000000 Z0.000000
G1 F926.740756 X-1.812058 Y0.000000 Z0.000000
G1 F927.009020 X-1.796607 Y0.000000 Z0.000000
G1 F927.274997 X-1.781153 Y0.000000 Z0.000000
G1 F927.538686 X-1.765694 Y0.000000 Z0.000000
G1 F927.800087 X-1.750231 Y0.000000 Z0.000000
G1 F928.059198 X-1.734763 Y0.000000 Z0.000000
G1 F928.316019 X-1.719291 Y0.000000 Z0.000000
G1 F928.570550 X-1.703815 Y0.000000 Z0.000000
G1 F928.822790 X-1.688334 Y0.000000 Z0.000000
G1 F929.072738 X-1.672850 Y0.000000 Z0.000000
G1 F929.320393 X-1.657361 Y0.000000 Z0.000000
G1 F929.565756 X-1.641868 Y0.000000 Z0.000000
G1 F929.808824 X-1.626372 Y0.000000 Z0.000000
G1 F930.049599 X-1.610871 Y0.000000 Z0.000000
G1 F930.288079 X-1.595366 Y0.000000 Z0.000000
G1 F930.524263 X-1.579857 Y0.000000 Z0.000000
G1 F930.758152 X-1.564345 Y0.000000 Z0.000000
G1 F930.989744 X-1.548828 Y0.000000 Z0.000000
G1 F931.219038 X-1.533308 Y0.000000 Z0.000000
G1 F931.446035 X-1.517784 Y0.000000 Z0.000000
G1 F931.670734 X-1.502256 Y0.000000 Z0.000000
G1 F931.893134 X-1.486724 Y0.000000 Z0.000000
G1 F932.113235 X-1.471189 Y0.000000 Z0.000000
G1 F932.331036 X-1.455650 Y0.000000 Z0.000000
G1 F932.546536 X-1.440108 Y0.000000 Z0.000000
G1 F932.759735 X-1.424562 Y0.000000 Z0.000000
G1 F932.970633 X-1.409012 Y0.000000 Z0.000000
G1 F933.179229 X-1.393459 Y0.000000 Z0.000000
G1 F933.385523 X-1.377903 Y0.000000 Z0.000000
G1 F933.589513 X-1.362343 Y0.000000 Z0.000000
G1 F933.791200 X-1.346780 Y0.000000 Z0.000000
G1 F933.990582 X-1.331213 Y0.000000 Z0.000000
G1 F934.187661 X-1.315644 Y0.000000 Z0.000000
G1 F934.382434 X-1.300071 Y0.000000 Z0.000000
G1 F934.574901 X-1.284494 Y0.000000 Z0.000000
G1 F934.765063 X-1.268915 Y0.000000 Z0.000000
G1 F934.952918 X-1.253332 Y0.000000 Z0.000000
G1 F935.138467 X-1.237747 Y0.000000 Z0.000000
G1 F935.321708 X-1.222158 Y0.000000 Z0.000000
G1 F935.502641 X-1.206566 Y0.000000 Z0.000000
G1 F935.681266 X-1.190972 Y0.000000 Z0.000000
G1 F935.857582 X-1.175374 Y0.000000 Z0.000000
G1 F936.031589 X-1.159773 Y0.000000 Z0.000000
G1 F936.203287 X-1.144170 Y0.000000 Z0.000000
G1 F936.372674 X-1.128564 Y0.000000 Z0.000000
G1 F936.539752 X-1.112955 Y0.000000 Z0.000000
G1 F936.704518 X-1.097343 Y0.000000 Z0.000000
G1 F936.866973 X-1.081729 Y0.000000 Z0.000000
G1 F937.027116 X-1.066112 Y0.000000 Z0.000000
G1 F937.184948 X-1.050492 Y0.000000 Z0.000000
G1 F937.340467 X-1.034869 Y0.000000 Z0.000000
G1 F937.493673 X-1.019245 Y0.000000 Z0.000000
G1 F937.644566 X-1.003617 Y0.000000 Z0.000000
G1 F937.793146 X-0.987987 Y0.000000 Z0.000000
G1 F937.939411 X-0.972355 Y0.000000 Z0.000000
G1 F938.083363 X-0.956720 Y0.000000 Z0.000000
G1 F938.225000 X-0.941083 Y0.000000 Z0.000000
G1 F938.364321 X-0.925444 Y0.000000 Z0.000000
G1 F938.501328 X-0.909802 Y0.000000 Z0.000000
G1 F938.636018 X-0.894158 Y0.000000 Z0.000000
G1 F938.768393 X-0.878512 Y0.000000 Z0.000000
G1 F938.898452 X-0.862864 Y0.000000 Z0.000000
G1 F939.026194 X-0.847213 Y0.000000 Z0.000000
G1 F939.151618 X-0.831561 Y0.000000 Z0.000000
G1 F939.274726 X-0.815906 Y0.000000 Z0.000000
G1 F939.395516 X-0.800250 Y0.000000 Z0.000000
G1 F939.513988 X-0.784591 Y0.000000 Z0.000000
G1 F939.630142 X-0.768930 Y0.000000 Z0.000000
G1 F939.743978 X-0.753268 Y0.000000 Z0.000000
G1 F939.855495 X-0.737604 Y0.000000 Z0.000000
G1 F939.964692 X-0.721938 Y0.000000 Z0.000000
G1 F940.071571 X-0.706270 Y0.000000 Z0.000000
G1 F940.176130 X-0.690600 Y0.000000 Z0.000000
G1 F940.278369 X-0.674929 Y0.000000 Z0.000000
G1 F940.378289 X-0.659256 Y0.000000 Z0.000000
G1 F940.475887 X-0.643581 Y0.000000 Z0.000000
G1 F940.571166 X-0.627905 Y0.000000 Z0.000000
G1 F940.664123 X-0.612227 Y0.000000 Z0.000000
G1 F940.754760 X-0.596548 Y0.000000 Z0.000000
G1 F940.843075 X-0.580867 Y0.000000 Z0.000000
G1 F940.929069 X-0.565185 Y0.000000 Z0.000000
G1 F941.012742 X-0.549502 Y0.000000 Z0.000000
G1 F941.094092 X-0.533817 Y0.000000 Z0.000000
G1 F941.173121 X-0.518131 Y0.000000 Z0.000000
G1 F941.249827 X-0.502443 Y0.000000 Z0.000000
G1 F941.324210 X-0.486754 Y0.000000 Z0.000000
G1 F941.396272 X-0.471065 Y0.000000 Z0.000000
G1 F941.466010 X-0.455373 Y0.000000 Z0.000000
G1 F941.533425 X-0.439681 Y0.000000 Z0.000000
G1 F941.598517 X-0.423988 Y0.000000 Z0.000000
G1 F941.661286 X-0.408294 Y0.000000 Z0.000000
G1 F941.721732 X-0.392598 Y0.000000 Z0.000000
G1 F941.779853 X-0.376902 Y0.000000 Z0.000000
G1 F941.835652 X-0.361205 Y0.000000 Z0.000000
G1 F941.889126 X-0.345506 Y0.000000 Z0.000000
G1 F941.940276 X-0.329807 Y0.000000 Z0.000000
G1 F941.989102 X-0.314108 Y0.000000 Z0.000000
G1 F942.035604 X-0.298407 Y0.000000 Z0.000000
G1 F942.079781 X-0.282706 Y0.000000 Z0.000000
G1 F942.121634 X-0.267004 Y0.000000 Z0.000000
G1 F942.161162 X-0.251301 Y0.000000 Z0.000000
G1 F942.198366 X-0.235598 Y0.000000 Z0.000000
G1 F942.233245 X-0.219894 Y0.000000 Z0.000000
G1 F942.265799 X-0.204189 Y0.000000 Z0.000000
G1 F942.296028 X-0.188484 Y0.000000 Z0.000000
G1 F942.323932 X-0.172779 Y0.000000 Z0.000000
G1 F942.349511 X-0.157073 Y0.000000 Z0.000000
G1 F942.372764 X-0.141367 Y0.000000 Z0.000000
G1 F942.393693 X-0.125660 Y0.000000 Z0.000000
G1 F942.412296 X-0.109954 Y0.000000 Z0.000000
G1 F942.428574 X-0.094246 Y0.000000 Z0.000000
G1 F942.442527 X-0.078539 Y0.000000 Z0.000000
G1 F942.454154 X-0.062831 Y0.000000 Z0.000000
G1 F942.463456 X-0.047124 Y0.000000 Z0.000000
G1 F942.470432 X-0.031416 Y0.000000 Z0.000000
G1 F942.475083 X-0.015708 Y0.000000 Z0.000000
G1 F942.477408 X-0.000000 Y0.000000 Z0.000000
G4 P39999
G1 F1000.000000 X0.000000 Y0.000000 Z0.000000